scenario,engine,n,day,median_incidence,median_reproductive_number
scenario_02,Agents.jl,10000,0,,1.5550000000000002
scenario_02,Agents.jl,10000,1,28.0,1.2320512820512821
scenario_02,Agents.jl,10000,2,24.5,1.1107142857142858
scenario_02,Agents.jl,10000,3,21.0,1.1490740740740741
scenario_02,Agents.jl,10000,4,20.0,1.0455486542443064
scenario_02,Agents.jl,10000,5,20.0,0.9486842105263158
scenario_02,Agents.jl,10000,6,19.0,1.0
scenario_02,Agents.jl,10000,7,19.0,1.0
scenario_02,Agents.jl,10000,8,19.0,0.9270833333333333
scenario_02,Agents.jl,10000,9,19.0,0.9047619047619048
scenario_02,Agents.jl,10000,10,19.0,0.9198717948717949
scenario_02,Agents.jl,10000,11,18.0,0.849624060150376
scenario_02,Agents.jl,10000,12,19.0,0.916083916083916
scenario_02,Agents.jl,10000,13,19.0,0.8333333333333334
scenario_02,Agents.jl,10000,14,18.0,0.8138528138528138
scenario_02,Agents.jl,10000,15,18.0,0.80625
scenario_02,Agents.jl,10000,16,18.0,0.8603896103896104
scenario_02,Agents.jl,10000,17,18.0,0.8153409090909092
scenario_02,Agents.jl,10000,18,17.0,0.8301435406698565
scenario_02,Agents.jl,10000,19,17.0,0.8480769230769231
scenario_02,Agents.jl,10000,20,17.0,0.8681159420289855
scenario_02,Agents.jl,10000,21,16.0,0.8397435897435898
scenario_02,Agents.jl,10000,22,16.0,0.8722826086956521
scenario_02,Agents.jl,10000,23,15.5,0.8
scenario_02,Agents.jl,10000,24,15.0,0.8888888888888888
scenario_02,Agents.jl,10000,25,16.0,0.8516483516483516
scenario_02,Agents.jl,10000,26,15.0,0.7793522267206479
scenario_02,Agents.jl,10000,27,15.0,0.8786764705882353
scenario_02,Agents.jl,10000,28,14.0,0.8480769230769231
scenario_02,Agents.jl,10000,29,14.0,0.7928571428571429
scenario_02,Agents.jl,10000,30,13.0,0.8605769230769231
scenario_02,Agents.jl,10000,31,14.0,0.8
scenario_02,Agents.jl,10000,32,13.0,0.8
scenario_02,Agents.jl,10000,33,13.0,0.8
scenario_02,Agents.jl,10000,34,13.0,0.8461538461538461
scenario_02,Agents.jl,10000,35,13.0,0.8461538461538461
scenario_02,Agents.jl,10000,36,12.0,0.925
scenario_02,Agents.jl,10000,37,12.0,0.8
scenario_02,Agents.jl,10000,38,11.5,0.8397435897435898
scenario_02,Agents.jl,10000,39,12.0,0.8
scenario_02,Agents.jl,10000,40,11.0,0.7928571428571429
scenario_02,Agents.jl,10000,41,11.0,0.8397435897435898
scenario_02,Agents.jl,10000,42,11.0,0.788888888888889
scenario_02,Agents.jl,10000,43,11.0,0.8090909090909091
scenario_02,Agents.jl,10000,44,11.0,0.8333333333333334
scenario_02,Agents.jl,10000,45,10.0,0.7777777777777778
scenario_02,Agents.jl,10000,46,10.0,0.7669683257918551
scenario_02,Agents.jl,10000,47,10.0,0.8516483516483516
scenario_02,Agents.jl,10000,48,10.0,0.7991071428571428
scenario_02,Agents.jl,10000,49,10.0,0.8605769230769231
scenario_02,Agents.jl,10000,50,9.0,0.7777777777777778
scenario_02,Agents.jl,10000,51,9.0,0.788888888888889
scenario_02,Agents.jl,10000,52,10.0,0.7735042735042735
scenario_02,Agents.jl,10000,53,9.0,0.8397435897435898
scenario_02,Agents.jl,10000,54,9.0,0.8333333333333334
scenario_02,Agents.jl,10000,55,9.0,0.7669683257918551
scenario_02,Agents.jl,10000,56,8.0,0.7928571428571429
scenario_02,Agents.jl,10000,57,8.0,0.7777777777777778
scenario_02,Agents.jl,10000,58,8.0,0.6923076923076923
scenario_02,Agents.jl,10000,59,8.0,0.8
scenario_02,Agents.jl,10000,60,8.0,0.7777777777777778
scenario_02,Agents.jl,10000,61,7.0,0.7303030303030302
scenario_02,Agents.jl,10000,62,7.0,0.7386363636363636
scenario_02,Agents.jl,10000,63,7.0,0.7238095238095238
scenario_02,Agents.jl,10000,64,7.0,0.8333333333333334
scenario_02,Agents.jl,10000,65,7.0,0.8
scenario_02,Agents.jl,10000,66,7.0,0.7712418300653594
scenario_02,Agents.jl,10000,67,6.0,0.7638888888888888
scenario_02,Agents.jl,10000,68,6.0,0.7272727272727273
scenario_02,Agents.jl,10000,69,6.0,0.75
scenario_02,Agents.jl,10000,70,6.0,0.775
scenario_02,Agents.jl,10000,71,6.0,0.75
scenario_02,Agents.jl,10000,72,5.5,0.75
scenario_02,Agents.jl,10000,73,6.0,0.7207792207792207
scenario_02,Agents.jl,10000,74,5.5,0.8333333333333334
scenario_02,Agents.jl,10000,75,5.0,0.625
scenario_02,Agents.jl,10000,76,5.0,0.8333333333333334
scenario_02,Agents.jl,10000,77,5.0,0.8166666666666667
scenario_02,Agents.jl,10000,78,5.0,0.6666666666666666
scenario_02,Agents.jl,10000,79,5.0,0.75
scenario_02,Agents.jl,10000,80,5.0,0.7238095238095238
scenario_02,Agents.jl,10000,81,5.0,0.75
scenario_02,Agents.jl,10000,82,5.0,0.75
scenario_02,Agents.jl,10000,83,4.5,0.8
scenario_02,Agents.jl,10000,84,4.0,0.6666666666666666
scenario_02,Agents.jl,10000,85,4.0,0.6666666666666666
scenario_02,Agents.jl,10000,86,4.0,0.625
scenario_02,Agents.jl,10000,87,4.0,0.6
scenario_02,Agents.jl,10000,88,4.0,0.6153846153846154
scenario_02,Agents.jl,10000,89,3.0,0.6
scenario_02,Agents.jl,10000,90,4.0,0.5
scenario_02,Agents.jl,10000,91,4.0,0.42857142857142855
scenario_02,Agents.jl,10000,92,3.0,0.3484848484848485
scenario_02,Agents.jl,10000,93,3.0,0.3333333333333333
scenario_02,Agents.jl,10000,94,3.0,0.25
scenario_02,Agents.jl,10000,95,3.0,0.11805555555555555
scenario_02,Agents.jl,10000,96,3.5,0.0
scenario_02,Agents.jl,10000,97,3.0,0.0
scenario_02,Agents.jl,10000,98,3.0,0.0
scenario_02,Agents.jl,10000,99,3.0,0.0
scenario_02,Agents.jl,10000,100,3.0,0.0
scenario_02,Agents.jl,100000,0,,1.585
scenario_02,Agents.jl,100000,1,28.0,1.246212121212121
scenario_02,Agents.jl,100000,2,24.0,1.1333333333333333
scenario_02,Agents.jl,100000,3,21.0,1.1403940886699506
scenario_02,Agents.jl,100000,4,20.0,1.0889328063241106
scenario_02,Agents.jl,100000,5,20.0,1.0740740740740742
scenario_02,Agents.jl,100000,6,19.0,1.0
scenario_02,Agents.jl,100000,7,20.0,1.0
scenario_02,Agents.jl,100000,8,19.5,0.9522727272727273
scenario_02,Agents.jl,100000,9,18.5,1.0527777777777778
scenario_02,Agents.jl,100000,10,19.0,0.8947368421052632
scenario_02,Agents.jl,100000,11,20.0,0.9354166666666667
scenario_02,Agents.jl,100000,12,19.5,0.9145454545454546
scenario_02,Agents.jl,100000,13,20.0,0.8844444444444444
scenario_02,Agents.jl,100000,14,20.0,0.85
scenario_02,Agents.jl,100000,15,19.0,0.8509259259259259
scenario_02,Agents.jl,100000,16,18.5,0.8535714285714285
scenario_02,Agents.jl,100000,17,19.0,0.8867521367521367
scenario_02,Agents.jl,100000,18,18.5,0.8377192982456141
scenario_02,Agents.jl,100000,19,18.0,0.9128787878787878
scenario_02,Agents.jl,100000,20,18.0,0.9128787878787878
scenario_02,Agents.jl,100000,21,17.5,0.9198717948717949
scenario_02,Agents.jl,100000,22,18.0,0.8747826086956522
scenario_02,Agents.jl,100000,23,17.0,0.8480769230769231
scenario_02,Agents.jl,100000,24,17.0,0.8460526315789474
scenario_02,Agents.jl,100000,25,16.0,0.8633540372670807
scenario_02,Agents.jl,100000,26,16.0,0.8786764705882353
scenario_02,Agents.jl,100000,27,17.0,0.8834841628959276
scenario_02,Agents.jl,100000,28,16.0,0.8461538461538461
scenario_02,Agents.jl,100000,29,16.0,0.820855614973262
scenario_02,Agents.jl,100000,30,16.0,0.8153409090909092
scenario_02,Agents.jl,100000,31,15.0,0.8461538461538461
scenario_02,Agents.jl,100000,32,15.0,0.8235294117647058
scenario_02,Agents.jl,100000,33,15.0,0.8722826086956521
scenario_02,Agents.jl,100000,34,13.5,0.875
scenario_02,Agents.jl,100000,35,14.0,0.85
scenario_02,Agents.jl,100000,36,13.5,0.9
scenario_02,Agents.jl,100000,37,13.5,0.8603896103896104
scenario_02,Agents.jl,100000,38,13.0,0.8786764705882353
scenario_02,Agents.jl,100000,39,13.0,0.7596153846153846
scenario_02,Agents.jl,100000,40,13.0,0.7947368421052632
scenario_02,Agents.jl,100000,41,14.0,0.8571428571428571
scenario_02,Agents.jl,100000,42,13.0,0.8138528138528138
scenario_02,Agents.jl,100000,43,13.0,0.8333333333333334
scenario_02,Agents.jl,100000,44,13.0,0.8708333333333333
scenario_02,Agents.jl,100000,45,12.0,0.9348739495798319
scenario_02,Agents.jl,100000,46,11.0,0.8888888888888888
scenario_02,Agents.jl,100000,47,12.0,0.8333333333333334
scenario_02,Agents.jl,100000,48,11.0,0.8571428571428571
scenario_02,Agents.jl,100000,49,11.0,0.8944444444444444
scenario_02,Agents.jl,100000,50,11.0,0.9198717948717949
scenario_02,Agents.jl,100000,51,10.5,0.8500000000000001
scenario_02,Agents.jl,100000,52,11.0,0.9090909090909091
scenario_02,Agents.jl,100000,53,10.5,0.8461538461538461
scenario_02,Agents.jl,100000,54,10.0,0.8660714285714286
scenario_02,Agents.jl,100000,55,10.0,0.8166666666666667
scenario_02,Agents.jl,100000,56,11.0,0.8257575757575758
scenario_02,Agents.jl,100000,57,10.0,0.8856209150326797
scenario_02,Agents.jl,100000,58,10.0,0.8516483516483516
scenario_02,Agents.jl,100000,59,10.5,0.8888888888888888
scenario_02,Agents.jl,100000,60,10.0,0.8660714285714286
scenario_02,Agents.jl,100000,61,10.0,0.8257575757575758
scenario_02,Agents.jl,100000,62,10.0,0.9
scenario_02,Agents.jl,100000,63,10.0,0.8452380952380952
scenario_02,Agents.jl,100000,64,10.0,0.9083333333333333
scenario_02,Agents.jl,100000,65,9.0,0.75
scenario_02,Agents.jl,100000,66,9.0,0.8397435897435898
scenario_02,Agents.jl,100000,67,10.0,0.8181818181818182
scenario_02,Agents.jl,100000,68,9.0,0.8333333333333334
scenario_02,Agents.jl,100000,69,9.0,0.861904761904762
scenario_02,Agents.jl,100000,70,8.0,0.7735042735042735
scenario_02,Agents.jl,100000,71,9.0,0.75
scenario_02,Agents.jl,100000,72,9.0,0.8
scenario_02,Agents.jl,100000,73,8.0,0.8090909090909091
scenario_02,Agents.jl,100000,74,8.0,0.8
scenario_02,Agents.jl,100000,75,8.0,0.875
scenario_02,Agents.jl,100000,76,8.0,0.8397435897435898
scenario_02,Agents.jl,100000,77,8.0,0.8321678321678322
scenario_02,Agents.jl,100000,78,8.0,0.7823529411764706
scenario_02,Agents.jl,100000,79,8.0,0.7928571428571429
scenario_02,Agents.jl,100000,80,7.0,0.7928571428571429
scenario_02,Agents.jl,100000,81,7.0,0.8333333333333334
scenario_02,Agents.jl,100000,82,7.0,0.8571428571428571
scenario_02,Agents.jl,100000,83,8.0,0.8
scenario_02,Agents.jl,100000,84,7.0,0.7777777777777778
scenario_02,Agents.jl,100000,85,7.0,0.8452380952380952
scenario_02,Agents.jl,100000,86,7.0,0.6666666666666666
scenario_02,Agents.jl,100000,87,7.0,0.7272727272727273
scenario_02,Agents.jl,100000,88,6.5,0.6666666666666666
scenario_02,Agents.jl,100000,89,7.0,0.625
scenario_02,Agents.jl,100000,90,7.0,0.5857142857142856
scenario_02,Agents.jl,100000,91,7.0,0.5454545454545454
scenario_02,Agents.jl,100000,92,6.0,0.4444444444444444
scenario_02,Agents.jl,100000,93,7.0,0.3333333333333333
scenario_02,Agents.jl,100000,94,6.0,0.3333333333333333
scenario_02,Agents.jl,100000,95,6.0,0.2857142857142857
scenario_02,Agents.jl,100000,96,6.0,0.2
scenario_02,Agents.jl,100000,97,7.0,0.0
scenario_02,Agents.jl,100000,98,6.0,0.0
scenario_02,Agents.jl,100000,99,6.0,0.0
scenario_02,Agents.jl,100000,100,6.0,0.0
scenario_02,EoN,10000,0,,1.5
scenario_02,EoN,10000,1,27.0,1.1863425925925926
scenario_02,EoN,10000,2,24.0,1.2019675925925926
scenario_02,EoN,10000,3,23.0,1.108187134502924
scenario_02,EoN,10000,4,21.0,1.0717948717948718
scenario_02,EoN,10000,5,22.0,1.0
scenario_02,EoN,10000,6,21.0,0.9366471734892787
scenario_02,EoN,10000,7,19.0,0.9
scenario_02,EoN,10000,8,18.0,0.9393382352941176
scenario_02,EoN,10000,9,19.0,0.8982758620689655
scenario_02,EoN,10000,10,20.0,0.8775
scenario_02,EoN,10000,11,20.0,0.8544973544973544
scenario_02,EoN,10000,12,18.0,0.8301435406698565
scenario_02,EoN,10000,13,19.0,0.8
scenario_02,EoN,10000,14,18.0,0.8086080586080586
scenario_02,EoN,10000,15,18.0,0.8535714285714285
scenario_02,EoN,10000,16,17.0,0.7752525252525253
scenario_02,EoN,10000,17,17.0,0.8038461538461539
scenario_02,EoN,10000,18,17.0,0.8248081841432224
scenario_02,EoN,10000,19,16.0,0.7875939849624061
scenario_02,EoN,10000,20,16.0,0.8480769230769231
scenario_02,EoN,10000,21,17.0,0.820855614973262
scenario_02,EoN,10000,22,16.0,0.7871376811594203
scenario_02,EoN,10000,23,16.0,0.8
scenario_02,EoN,10000,24,15.0,0.8516483516483516
scenario_02,EoN,10000,25,14.5,0.8138528138528138
scenario_02,EoN,10000,26,13.0,0.8571428571428571
scenario_02,EoN,10000,27,13.5,0.8090909090909091
scenario_02,EoN,10000,28,13.0,0.8
scenario_02,EoN,10000,29,13.5,0.8235294117647058
scenario_02,EoN,10000,30,13.0,0.7777777777777778
scenario_02,EoN,10000,31,12.0,0.8
scenario_02,EoN,10000,32,12.0,0.75
scenario_02,EoN,10000,33,12.0,0.7692307692307693
scenario_02,EoN,10000,34,13.0,0.7333333333333333
scenario_02,EoN,10000,35,12.0,0.80625
scenario_02,EoN,10000,36,12.0,0.8666666666666667
scenario_02,EoN,10000,37,11.0,0.7752100840336134
scenario_02,EoN,10000,38,11.0,0.8333333333333334
scenario_02,EoN,10000,39,10.0,0.8333333333333334
scenario_02,EoN,10000,40,10.0,0.8
scenario_02,EoN,10000,41,9.5,0.8
scenario_02,EoN,10000,42,10.0,0.8
scenario_02,EoN,10000,43,10.0,0.7947368421052632
scenario_02,EoN,10000,44,10.0,0.7303030303030302
scenario_02,EoN,10000,45,9.0,0.7928571428571429
scenario_02,EoN,10000,46,8.0,0.8
scenario_02,EoN,10000,47,9.0,0.8944444444444444
scenario_02,EoN,10000,48,9.0,0.7596153846153846
scenario_02,EoN,10000,49,8.0,0.8
scenario_02,EoN,10000,50,8.0,0.7777777777777778
scenario_02,EoN,10000,51,8.0,0.875
scenario_02,EoN,10000,52,8.0,0.9142857142857144
scenario_02,EoN,10000,53,8.5,0.8333333333333334
scenario_02,EoN,10000,54,7.5,0.8333333333333334
scenario_02,EoN,10000,55,8.0,0.7596153846153846
scenario_02,EoN,10000,56,7.0,0.8333333333333334
scenario_02,EoN,10000,57,7.0,0.7638888888888888
scenario_02,EoN,10000,58,8.0,0.75
scenario_02,EoN,10000,59,7.0,0.75
scenario_02,EoN,10000,60,7.0,0.7777777777777778
scenario_02,EoN,10000,61,6.5,0.8
scenario_02,EoN,10000,62,6.0,0.7777777777777778
scenario_02,EoN,10000,63,7.0,0.8
scenario_02,EoN,10000,64,6.0,0.8181818181818182
scenario_02,EoN,10000,65,6.0,0.8571428571428571
scenario_02,EoN,10000,66,7.0,0.7032967032967032
scenario_02,EoN,10000,67,6.0,0.75
scenario_02,EoN,10000,68,5.0,0.7692307692307693
scenario_02,EoN,10000,69,6.0,0.9615384615384616
scenario_02,EoN,10000,70,5.0,0.8
scenario_02,EoN,10000,71,6.0,0.7777777777777778
scenario_02,EoN,10000,72,6.0,0.75
scenario_02,EoN,10000,73,6.0,0.75
scenario_02,EoN,10000,74,5.0,0.7777777777777778
scenario_02,EoN,10000,75,5.0,0.6666666666666666
scenario_02,EoN,10000,76,4.0,0.75
scenario_02,EoN,10000,77,4.0,0.6666666666666666
scenario_02,EoN,10000,78,5.0,0.7142857142857143
scenario_02,EoN,10000,79,5.0,0.6904761904761905
scenario_02,EoN,10000,80,5.0,0.8090909090909091
scenario_02,EoN,10000,81,4.0,0.6363636363636364
scenario_02,EoN,10000,82,4.0,0.6
scenario_02,EoN,10000,83,4.0,0.6666666666666666
scenario_02,EoN,10000,84,4.0,0.75
scenario_02,EoN,10000,85,4.5,0.6666666666666666
scenario_02,EoN,10000,86,3.5,0.6333333333333333
scenario_02,EoN,10000,87,4.0,0.5
scenario_02,EoN,10000,88,3.0,0.5
scenario_02,EoN,10000,89,4.0,0.5555555555555556
scenario_02,EoN,10000,90,3.5,0.5
scenario_02,EoN,10000,91,3.0,0.5
scenario_02,EoN,10000,92,3.0,0.3333333333333333
scenario_02,EoN,10000,93,3.0,0.2792207792207792
scenario_02,EoN,10000,94,3.0,0.25
scenario_02,EoN,10000,95,3.0,0.15476190476190477
scenario_02,EoN,10000,96,3.0,0.0
scenario_02,EoN,10000,97,3.0,0.0
scenario_02,EoN,10000,98,3.0,0.0
scenario_02,EoN,10000,99,3.0,0.0
scenario_02,EoN,10000,100,3.0,0.0
scenario_02,EoN,100000,0,,1.54
scenario_02,EoN,100000,1,28.0,1.25
scenario_02,EoN,100000,2,26.0,1.1011904761904763
scenario_02,EoN,100000,3,22.5,1.1547049441786283
scenario_02,EoN,100000,4,23.0,1.0909090909090908
scenario_02,EoN,100000,5,21.0,1.0385185185185186
scenario_02,EoN,100000,6,19.5,1.0
scenario_02,EoN,100000,7,20.0,0.930952380952381
scenario_02,EoN,100000,8,21.0,0.9183333333333333
scenario_02,EoN,100000,9,20.0,0.8651515151515152
scenario_02,EoN,100000,10,20.0,0.9148550724637681
scenario_02,EoN,100000,11,20.5,0.9166666666666666
scenario_02,EoN,100000,12,20.0,0.936105476673428
scenario_02,EoN,100000,13,20.0,0.9019138755980861
scenario_02,EoN,100000,14,19.0,0.8377192982456141
scenario_02,EoN,100000,15,20.0,0.8571428571428571
scenario_02,EoN,100000,16,19.0,0.8844444444444444
scenario_02,EoN,100000,17,18.0,0.8452380952380952
scenario_02,EoN,100000,18,18.0,0.9047619047619048
scenario_02,EoN,100000,19,17.0,0.8518518518518519
scenario_02,EoN,100000,20,17.0,0.8452380952380952
scenario_02,EoN,100000,21,17.0,0.85
scenario_02,EoN,100000,22,16.0,0.875
scenario_02,EoN,100000,23,17.0,0.8535714285714285
scenario_02,EoN,100000,24,15.0,0.8181818181818182
scenario_02,EoN,100000,25,16.0,0.8257575757575758
scenario_02,EoN,100000,26,16.0,0.8333333333333334
scenario_02,EoN,100000,27,15.5,0.8823529411764706
scenario_02,EoN,100000,28,15.5,0.8571428571428571
scenario_02,EoN,100000,29,15.0,0.8397435897435898
scenario_02,EoN,100000,30,14.0,0.8153409090909092
scenario_02,EoN,100000,31,14.0,0.861904761904762
scenario_02,EoN,100000,32,14.0,0.8110119047619048
scenario_02,EoN,100000,33,14.0,0.8125
scenario_02,EoN,100000,34,13.0,0.8235294117647058
scenario_02,EoN,100000,35,13.0,0.8284313725490196
scenario_02,EoN,100000,36,13.0,0.8571428571428571
scenario_02,EoN,100000,37,14.0,0.849624060150376
scenario_02,EoN,100000,38,12.0,0.8181818181818182
scenario_02,EoN,100000,39,13.0,0.8911764705882352
scenario_02,EoN,100000,40,13.0,0.8856209150326797
scenario_02,EoN,100000,41,13.0,0.8856209150326797
scenario_02,EoN,100000,42,13.0,0.8397435897435898
scenario_02,EoN,100000,43,13.0,0.820855614973262
scenario_02,EoN,100000,44,12.0,0.8090909090909091
scenario_02,EoN,100000,45,12.0,0.8516483516483516
scenario_02,EoN,100000,46,11.0,0.8333333333333334
scenario_02,EoN,100000,47,11.0,0.8181818181818182
scenario_02,EoN,100000,48,11.0,0.7928571428571429
scenario_02,EoN,100000,49,12.0,0.898989898989899
scenario_02,EoN,100000,50,10.0,0.8452380952380952
scenario_02,EoN,100000,51,11.0,0.8181818181818182
scenario_02,EoN,100000,52,10.5,0.8181818181818182
scenario_02,EoN,100000,53,9.0,0.8333333333333334
scenario_02,EoN,100000,54,10.0,0.9198717948717949
scenario_02,EoN,100000,55,11.0,0.9198717948717949
scenario_02,EoN,100000,56,9.0,0.8888888888888888
scenario_02,EoN,100000,57,9.0,0.788888888888889
scenario_02,EoN,100000,58,9.0,0.8
scenario_02,EoN,100000,59,9.0,0.8516483516483516
scenario_02,EoN,100000,60,8.5,0.8516483516483516
scenario_02,EoN,100000,61,8.0,0.7817460317460317
scenario_02,EoN,100000,62,9.0,0.8571428571428571
scenario_02,EoN,100000,63,9.0,0.9226190476190477
scenario_02,EoN,100000,64,9.0,0.8333333333333334
scenario_02,EoN,100000,65,9.0,0.8819444444444444
scenario_02,EoN,100000,66,8.0,0.8888888888888888
scenario_02,EoN,100000,67,9.0,0.8333333333333334
scenario_02,EoN,100000,68,8.0,0.8
scenario_02,EoN,100000,69,8.0,0.8333333333333334
scenario_02,EoN,100000,70,8.0,0.8
scenario_02,EoN,100000,71,8.0,0.8571428571428571
scenario_02,EoN,100000,72,7.0,0.8333333333333334
scenario_02,EoN,100000,73,7.0,0.8571428571428571
scenario_02,EoN,100000,74,8.0,0.8055555555555556
scenario_02,EoN,100000,75,7.0,0.7596153846153846
scenario_02,EoN,100000,76,7.0,0.8090909090909091
scenario_02,EoN,100000,77,7.0,0.8
scenario_02,EoN,100000,78,7.0,0.8257575757575758
scenario_02,EoN,100000,79,7.0,0.8571428571428571
scenario_02,EoN,100000,80,6.0,0.7032967032967032
scenario_02,EoN,100000,81,7.0,0.75
scenario_02,EoN,100000,82,6.0,0.75
scenario_02,EoN,100000,83,6.0,0.7777777777777778
scenario_02,EoN,100000,84,7.0,0.6666666666666666
scenario_02,EoN,100000,85,6.0,0.6666666666666666
scenario_02,EoN,100000,86,6.0,0.7692307692307693
scenario_02,EoN,100000,87,6.0,0.6
scenario_02,EoN,100000,88,6.0,0.6666666666666666
scenario_02,EoN,100000,89,5.0,0.7142857142857143
scenario_02,EoN,100000,90,6.0,0.5833333333333334
scenario_02,EoN,100000,91,6.0,0.5
scenario_02,EoN,100000,92,6.0,0.5
scenario_02,EoN,100000,93,6.0,0.4444444444444444
scenario_02,EoN,100000,94,5.0,0.3333333333333333
scenario_02,EoN,100000,95,6.0,0.2857142857142857
scenario_02,EoN,100000,96,5.0,0.25
scenario_02,EoN,100000,97,6.0,0.14285714285714285
scenario_02,EoN,100000,98,5.0,0.0
scenario_02,EoN,100000,99,5.0,0.0
scenario_02,EoN,100000,100,4.5,0.0
scenario_02,FRED,10000,0,,1.495
scenario_02,FRED,10000,1,7.0,1.1547619047619047
scenario_02,FRED,10000,2,11.0,1.2613636363636362
scenario_02,FRED,10000,3,13.0,1.1483516483516483
scenario_02,FRED,10000,4,16.0,1.1583333333333332
scenario_02,FRED,10000,5,17.0,1.0
scenario_02,FRED,10000,6,18.0,1.0645833333333332
scenario_02,FRED,10000,7,18.0,1.0
scenario_02,FRED,10000,8,18.5,1.0
scenario_02,FRED,10000,9,19.0,1.0467391304347826
scenario_02,FRED,10000,10,19.5,0.9282051282051282
scenario_02,FRED,10000,11,20.0,0.9591666666666667
scenario_02,FRED,10000,12,20.0,0.9069264069264069
scenario_02,FRED,10000,13,20.0,0.8888888888888888
scenario_02,FRED,10000,14,20.0,0.8918128654970761
scenario_02,FRED,10000,15,20.0,0.8603896103896104
scenario_02,FRED,10000,16,19.0,0.9165217391304348
scenario_02,FRED,10000,17,19.0,0.8973684210526316
scenario_02,FRED,10000,18,18.0,0.8571428571428571
scenario_02,FRED,10000,19,18.0,0.8722826086956521
scenario_02,FRED,10000,20,18.0,0.8181818181818182
scenario_02,FRED,10000,21,18.0,0.8284313725490196
scenario_02,FRED,10000,22,18.0,0.849624060150376
scenario_02,FRED,10000,23,17.0,0.9047619047619048
scenario_02,FRED,10000,24,18.0,0.8823529411764706
scenario_02,FRED,10000,25,16.0,0.8441295546558705
scenario_02,FRED,10000,26,16.0,0.8153409090909092
scenario_02,FRED,10000,27,16.0,0.8333333333333334
scenario_02,FRED,10000,28,16.0,0.8944444444444444
scenario_02,FRED,10000,29,15.5,0.8153409090909092
scenario_02,FRED,10000,30,15.0,0.7817460317460317
scenario_02,FRED,10000,31,15.0,0.7777777777777778
scenario_02,FRED,10000,32,15.0,0.7863636363636364
scenario_02,FRED,10000,33,14.0,0.8461538461538461
scenario_02,FRED,10000,34,15.0,0.8235294117647058
scenario_02,FRED,10000,35,13.5,0.8568181818181818
scenario_02,FRED,10000,36,13.0,0.8153409090909092
scenario_02,FRED,10000,37,12.0,0.8421052631578947
scenario_02,FRED,10000,38,13.0,0.7857142857142857
scenario_02,FRED,10000,39,11.5,0.7875939849624061
scenario_02,FRED,10000,40,11.5,0.8333333333333334
scenario_02,FRED,10000,41,11.5,0.8421052631578947
scenario_02,FRED,10000,42,12.0,0.7875939849624061
scenario_02,FRED,10000,43,11.0,0.8153409090909092
scenario_02,FRED,10000,44,11.0,0.7386363636363636
scenario_02,FRED,10000,45,11.0,0.8090909090909091
scenario_02,FRED,10000,46,11.0,0.8660714285714286
scenario_02,FRED,10000,47,10.0,0.7638888888888888
scenario_02,FRED,10000,48,10.0,0.8181818181818182
scenario_02,FRED,10000,49,11.0,0.7692307692307693
scenario_02,FRED,10000,50,9.0,0.8
scenario_02,FRED,10000,51,10.0,0.8
scenario_02,FRED,10000,52,9.0,0.7416666666666667
scenario_02,FRED,10000,53,9.0,0.8
scenario_02,FRED,10000,54,8.0,0.8
scenario_02,FRED,10000,55,9.0,0.8660714285714286
scenario_02,FRED,10000,56,9.0,0.8333333333333334
scenario_02,FRED,10000,57,7.0,0.7142857142857143
scenario_02,FRED,10000,58,8.0,0.7928571428571429
scenario_02,FRED,10000,59,8.0,0.8
scenario_02,FRED,10000,60,8.0,0.8
scenario_02,FRED,10000,61,7.5,0.8090909090909091
scenario_02,FRED,10000,62,7.0,0.75
scenario_02,FRED,10000,63,7.0,0.8166666666666667
scenario_02,FRED,10000,64,7.5,0.8
scenario_02,FRED,10000,65,7.0,0.75
scenario_02,FRED,10000,66,6.0,0.8
scenario_02,FRED,10000,67,6.5,0.7638888888888888
scenario_02,FRED,10000,68,7.0,0.75
scenario_02,FRED,10000,69,6.0,0.875
scenario_02,FRED,10000,70,6.0,0.7142857142857143
scenario_02,FRED,10000,71,6.0,0.6666666666666666
scenario_02,FRED,10000,72,6.0,0.8333333333333334
scenario_02,FRED,10000,73,6.0,0.7777777777777778
scenario_02,FRED,10000,74,5.0,0.8
scenario_02,FRED,10000,75,6.0,0.6666666666666666
scenario_02,FRED,10000,76,6.0,0.7142857142857143
scenario_02,FRED,10000,77,5.0,0.7142857142857143
scenario_02,FRED,10000,78,5.0,0.75
scenario_02,FRED,10000,79,4.0,0.6666666666666666
scenario_02,FRED,10000,80,5.0,0.7571428571428571
scenario_02,FRED,10000,81,5.0,0.6666666666666666
scenario_02,FRED,10000,82,4.0,0.6363636363636364
scenario_02,FRED,10000,83,4.0,0.75
scenario_02,FRED,10000,84,4.0,0.6666666666666666
scenario_02,FRED,10000,85,4.0,0.7321428571428572
scenario_02,FRED,10000,86,4.0,0.6666666666666666
scenario_02,FRED,10000,87,4.0,0.75
scenario_02,FRED,10000,88,4.0,0.6666666666666666
scenario_02,FRED,10000,89,4.0,0.6666666666666666
scenario_02,FRED,10000,90,4.0,0.5
scenario_02,FRED,10000,91,3.0,0.5
scenario_02,FRED,10000,92,4.0,0.42857142857142855
scenario_02,FRED,10000,93,4.0,0.3333333333333333
scenario_02,FRED,10000,94,3.0,0.4
scenario_02,FRED,10000,95,4.0,0.2928571428571428
scenario_02,FRED,10000,96,3.0,0.2
scenario_02,FRED,10000,97,3.0,0.0
scenario_02,FRED,10000,98,3.0,0.0
scenario_02,FRED,10000,99,3.0,0.0
scenario_02,FRED,10000,100,2.0,0.0
scenario_02,FRED,100000,0,,1.49
scenario_02,FRED,100000,1,7.0,1.1339285714285714
scenario_02,FRED,100000,2,11.0,1.2307692307692308
scenario_02,FRED,100000,3,14.0,1.1483516483516483
scenario_02,FRED,100000,4,15.0,1.1291666666666667
scenario_02,FRED,100000,5,17.0,1.0669642857142856
scenario_02,FRED,100000,6,18.0,1.0769230769230769
scenario_02,FRED,100000,7,19.0,1.0
scenario_02,FRED,100000,8,19.0,1.043560606060606
scenario_02,FRED,100000,9,19.5,1.02
scenario_02,FRED,100000,10,20.0,1.0
scenario_02,FRED,100000,11,20.0,0.8722826086956521
scenario_02,FRED,100000,12,19.0,1.0
scenario_02,FRED,100000,13,20.0,0.95
scenario_02,FRED,100000,14,20.0,0.9444444444444444
scenario_02,FRED,100000,15,20.0,0.9045454545454545
scenario_02,FRED,100000,16,20.0,0.8885448916408669
scenario_02,FRED,100000,17,19.0,0.8568181818181818
scenario_02,FRED,100000,18,19.0,0.8693181818181819
scenario_02,FRED,100000,19,18.0,0.85
scenario_02,FRED,100000,20,18.0,0.9411764705882353
scenario_02,FRED,100000,21,17.5,0.8596059113300492
scenario_02,FRED,100000,22,18.0,0.8333333333333334
scenario_02,FRED,100000,23,18.0,0.8571428571428571
scenario_02,FRED,100000,24,18.0,0.8257575757575758
scenario_02,FRED,100000,25,17.5,0.8633540372670807
scenario_02,FRED,100000,26,16.0,0.7836257309941521
scenario_02,FRED,100000,27,17.0,0.8722826086956521
scenario_02,FRED,100000,28,16.0,0.8180147058823529
scenario_02,FRED,100000,29,16.0,0.8235294117647058
scenario_02,FRED,100000,30,15.0,0.8
scenario_02,FRED,100000,31,15.0,0.8660714285714286
scenario_02,FRED,100000,32,15.0,0.8480769230769231
scenario_02,FRED,100000,33,14.0,0.8257575757575758
scenario_02,FRED,100000,34,15.0,0.8461538461538461
scenario_02,FRED,100000,35,14.0,0.875
scenario_02,FRED,100000,36,13.0,0.9115384615384616
scenario_02,FRED,100000,37,13.0,0.8944444444444444
scenario_02,FRED,100000,38,13.0,0.7947368421052632
scenario_02,FRED,100000,39,13.0,0.8333333333333334
scenario_02,FRED,100000,40,13.0,0.8441295546558705
scenario_02,FRED,100000,41,13.0,0.8065015479876161
scenario_02,FRED,100000,42,12.0,0.8
scenario_02,FRED,100000,43,12.0,0.8
scenario_02,FRED,100000,44,12.0,0.7596153846153846
scenario_02,FRED,100000,45,12.0,0.8333333333333334
scenario_02,FRED,100000,46,12.0,0.7678571428571428
scenario_02,FRED,100000,47,11.0,0.8516483516483516
scenario_02,FRED,100000,48,12.0,0.8516483516483516
scenario_02,FRED,100000,49,11.0,0.8333333333333334
scenario_02,FRED,100000,50,10.0,0.8257575757575758
scenario_02,FRED,100000,51,10.0,0.8181818181818182
scenario_02,FRED,100000,52,9.0,0.8090909090909091
scenario_02,FRED,100000,53,9.0,0.9083333333333333
scenario_02,FRED,100000,54,9.0,0.8257575757575758
scenario_02,FRED,100000,55,9.0,0.8
scenario_02,FRED,100000,56,10.0,0.7857142857142857
scenario_02,FRED,100000,57,9.0,0.7777777777777778
scenario_02,FRED,100000,58,9.0,0.861904761904762
scenario_02,FRED,100000,59,9.0,0.9
scenario_02,FRED,100000,60,8.0,1.0
scenario_02,FRED,100000,61,8.5,0.8571428571428571
scenario_02,FRED,100000,62,8.0,0.75
scenario_02,FRED,100000,63,8.0,0.8571428571428571
scenario_02,FRED,100000,64,8.0,0.8333333333333334
scenario_02,FRED,100000,65,8.0,0.8333333333333334
scenario_02,FRED,100000,66,8.0,0.8571428571428571
scenario_02,FRED,100000,67,8.0,0.75
scenario_02,FRED,100000,68,8.0,0.8
scenario_02,FRED,100000,69,7.0,0.8
scenario_02,FRED,100000,70,7.0,0.8819444444444444
scenario_02,FRED,100000,71,7.0,0.8257575757575758
scenario_02,FRED,100000,72,7.0,0.9
scenario_02,FRED,100000,73,7.0,0.7416666666666667
scenario_02,FRED,100000,74,7.0,0.8333333333333334
scenario_02,FRED,100000,75,6.0,0.75
scenario_02,FRED,100000,76,6.0,0.8
scenario_02,FRED,100000,77,6.0,0.75
scenario_02,FRED,100000,78,6.0,0.6666666666666666
scenario_02,FRED,100000,79,6.0,0.75
scenario_02,FRED,100000,80,6.0,0.775
scenario_02,FRED,100000,81,5.0,0.8
scenario_02,FRED,100000,82,5.0,0.8461538461538461
scenario_02,FRED,100000,83,5.5,0.6904761904761905
scenario_02,FRED,100000,84,6.0,0.8452380952380952
scenario_02,FRED,100000,85,5.0,0.75
scenario_02,FRED,100000,86,6.0,0.75
scenario_02,FRED,100000,87,5.0,0.75
scenario_02,FRED,100000,88,5.0,0.6904761904761905
scenario_02,FRED,100000,89,5.0,0.5634920634920635
scenario_02,FRED,100000,90,5.0,0.6666666666666666
scenario_02,FRED,100000,91,5.0,0.5857142857142856
scenario_02,FRED,100000,92,5.0,0.5
scenario_02,FRED,100000,93,5.0,0.5
scenario_02,FRED,100000,94,5.0,0.3333333333333333
scenario_02,FRED,100000,95,4.5,0.25
scenario_02,FRED,100000,96,4.0,0.2
scenario_02,FRED,100000,97,4.0,0.16666666666666666
scenario_02,FRED,100000,98,4.0,0.0
scenario_02,FRED,100000,99,4.0,0.0
scenario_02,FRED,100000,100,4.0,0.0
scenario_02,covasim,10000,0,,1.39
scenario_02,covasim,10000,1,0.0,
scenario_02,covasim,10000,2,0.0,
scenario_02,covasim,10000,3,0.0,
scenario_02,covasim,10000,4,21.0,1.1055555555555556
scenario_02,covasim,10000,5,21.0,1.125
scenario_02,covasim,10000,6,20.0,1.0805152979066022
scenario_02,covasim,10000,7,19.0,1.0
scenario_02,covasim,10000,8,21.5,1.0563492063492064
scenario_02,covasim,10000,9,25.0,1.0384615384615385
scenario_02,covasim,10000,10,27.0,1.0
scenario_02,covasim,10000,11,14.0,0.8888888888888888
scenario_02,covasim,10000,12,16.0,0.8775
scenario_02,covasim,10000,13,20.0,0.866600790513834
scenario_02,covasim,10000,14,23.0,0.8628526645768024
scenario_02,covasim,10000,15,22.0,0.8947368421052632
scenario_02,covasim,10000,16,22.0,0.8811764705882352
scenario_02,covasim,10000,17,20.0,0.8333333333333334
scenario_02,covasim,10000,18,19.5,0.8366666666666667
scenario_02,covasim,10000,19,19.0,0.8651515151515152
scenario_02,covasim,10000,20,19.0,0.8125
scenario_02,covasim,10000,21,17.5,0.8125
scenario_02,covasim,10000,22,18.0,0.8377192982456141
scenario_02,covasim,10000,23,17.5,0.8416666666666667
scenario_02,covasim,10000,24,17.0,0.7894736842105263
scenario_02,covasim,10000,25,17.0,0.8333333333333334
scenario_02,covasim,10000,26,16.0,0.8666666666666667
scenario_02,covasim,10000,27,16.0,0.820855614973262
scenario_02,covasim,10000,28,15.0,0.8257575757575758
scenario_02,covasim,10000,29,15.0,0.8192934782608696
scenario_02,covasim,10000,30,14.0,0.7857142857142857
scenario_02,covasim,10000,31,14.5,0.8
scenario_02,covasim,10000,32,15.0,0.7836257309941521
scenario_02,covasim,10000,33,14.0,0.8
scenario_02,covasim,10000,34,13.0,0.7692307692307693
scenario_02,covasim,10000,35,13.5,0.7777777777777778
scenario_02,covasim,10000,36,12.0,0.8284313725490196
scenario_02,covasim,10000,37,11.0,0.75
scenario_02,covasim,10000,38,11.0,0.8090909090909091
scenario_02,covasim,10000,39,12.0,0.75
scenario_02,covasim,10000,40,10.5,0.8166666666666667
scenario_02,covasim,10000,41,11.0,0.8
scenario_02,covasim,10000,42,10.0,0.7596153846153846
scenario_02,covasim,10000,43,10.0,0.8
scenario_02,covasim,10000,44,9.0,0.9
scenario_02,covasim,10000,45,9.5,0.788888888888889
scenario_02,covasim,10000,46,9.0,0.7777777777777778
scenario_02,covasim,10000,47,9.0,0.80625
scenario_02,covasim,10000,48,8.0,0.7573529411764706
scenario_02,covasim,10000,49,9.5,0.8333333333333334
scenario_02,covasim,10000,50,9.0,0.8
scenario_02,covasim,10000,51,7.0,0.775
scenario_02,covasim,10000,52,7.0,0.8
scenario_02,covasim,10000,53,7.5,0.7386363636363636
scenario_02,covasim,10000,54,7.0,0.8333333333333334
scenario_02,covasim,10000,55,7.0,0.75
scenario_02,covasim,10000,56,7.0,0.8181818181818182
scenario_02,covasim,10000,57,6.0,0.75
scenario_02,covasim,10000,58,6.0,0.788888888888889
scenario_02,covasim,10000,59,6.5,0.8333333333333334
scenario_02,covasim,10000,60,7.0,0.8333333333333334
scenario_02,covasim,10000,61,6.0,0.75
scenario_02,covasim,10000,62,6.0,0.75
scenario_02,covasim,10000,63,5.0,0.8
scenario_02,covasim,10000,64,5.0,0.75
scenario_02,covasim,10000,65,5.0,0.7777777777777778
scenario_02,covasim,10000,66,5.0,0.75
scenario_02,covasim,10000,67,5.0,0.75
scenario_02,covasim,10000,68,5.0,0.75
scenario_02,covasim,10000,69,4.5,0.7142857142857143
scenario_02,covasim,10000,70,5.0,0.75
scenario_02,covasim,10000,71,5.0,0.8
scenario_02,covasim,10000,72,4.0,0.75
scenario_02,covasim,10000,73,4.0,0.873015873015873
scenario_02,covasim,10000,74,3.5,0.75
scenario_02,covasim,10000,75,4.0,0.75
scenario_02,covasim,10000,76,4.0,0.7142857142857143
scenario_02,covasim,10000,77,3.0,0.8
scenario_02,covasim,10000,78,3.0,0.75
scenario_02,covasim,10000,79,3.0,0.75
scenario_02,covasim,10000,80,3.0,0.6666666666666666
scenario_02,covasim,10000,81,3.0,0.6666666666666666
scenario_02,covasim,10000,82,3.0,0.8333333333333334
scenario_02,covasim,10000,83,3.0,0.75
scenario_02,covasim,10000,84,3.0,0.6363636363636364
scenario_02,covasim,10000,85,2.0,0.75
scenario_02,covasim,10000,86,3.0,0.875
scenario_02,covasim,10000,87,3.0,0.8333333333333334
scenario_02,covasim,10000,88,3.0,1.0
scenario_02,covasim,10000,89,2.0,0.9285714285714286
scenario_02,covasim,10000,90,2.0,0.8333333333333334
scenario_02,covasim,10000,91,2.0,0.6666666666666666
scenario_02,covasim,10000,92,2.0,0.6333333333333333
scenario_02,covasim,10000,93,2.0,0.5
scenario_02,covasim,10000,94,2.0,0.25
scenario_02,covasim,10000,95,2.0,0.0
scenario_02,covasim,10000,96,2.0,0.0
scenario_02,covasim,10000,97,2.0,0.0
scenario_02,covasim,10000,98,2.0,0.0
scenario_02,covasim,10000,99,2.0,0.0
scenario_02,covasim,10000,100,2.0,0.0
scenario_02,covasim,100000,0,,1.4
scenario_02,covasim,100000,1,0.0,
scenario_02,covasim,100000,2,0.0,
scenario_02,covasim,100000,3,0.0,
scenario_02,covasim,100000,4,21.0,1.0952380952380953
scenario_02,covasim,100000,5,21.0,1.093073593073593
scenario_02,covasim,100000,6,21.0,1.087121212121212
scenario_02,covasim,100000,7,19.0,1.0889328063241106
scenario_02,covasim,100000,8,21.5,1.065126050420168
scenario_02,covasim,100000,9,25.0,1.0548872180451128
scenario_02,covasim,100000,10,27.0,1.0318181818181817
scenario_02,covasim,100000,11,14.0,0.8819444444444444
scenario_02,covasim,100000,12,16.0,0.8571428571428571
scenario_02,covasim,100000,13,20.0,0.903125
scenario_02,covasim,100000,14,23.5,0.9090909090909091
scenario_02,covasim,100000,15,23.0,0.8768939393939394
scenario_02,covasim,100000,16,21.0,0.9230769230769231
scenario_02,covasim,100000,17,21.5,0.8722826086956521
scenario_02,covasim,100000,18,19.0,0.9023809523809524
scenario_02,covasim,100000,19,21.0,0.8571428571428571
scenario_02,covasim,100000,20,18.0,0.8681159420289855
scenario_02,covasim,100000,21,18.0,0.8221343873517787
scenario_02,covasim,100000,22,19.0,0.8235294117647058
scenario_02,covasim,100000,23,21.0,0.8
scenario_02,covasim,100000,24,19.0,0.8722826086956521
scenario_02,covasim,100000,25,17.0,0.820855614973262
scenario_02,covasim,100000,26,17.0,0.849624060150376
scenario_02,covasim,100000,27,17.0,0.8397435897435898
scenario_02,covasim,100000,28,17.0,0.8681159420289855
scenario_02,covasim,100000,29,16.0,0.875
scenario_02,covasim,100000,30,16.0,0.8708333333333333
scenario_02,covasim,100000,31,15.5,0.7947368421052632
scenario_02,covasim,100000,32,15.0,0.8284313725490196
scenario_02,covasim,100000,33,15.0,0.8090909090909091
scenario_02,covasim,100000,34,14.0,0.7738095238095237
scenario_02,covasim,100000,35,14.0,0.8333333333333334
scenario_02,covasim,100000,36,15.0,0.8333333333333334
scenario_02,covasim,100000,37,14.0,0.8181818181818182
scenario_02,covasim,100000,38,13.0,0.875
scenario_02,covasim,100000,39,12.0,0.8571428571428571
scenario_02,covasim,100000,40,13.0,0.7774725274725275
scenario_02,covasim,100000,41,12.0,0.8397435897435898
scenario_02,covasim,100000,42,13.0,0.8181818181818182
scenario_02,covasim,100000,43,11.0,0.8571428571428571
scenario_02,covasim,100000,44,12.0,0.8819444444444444
scenario_02,covasim,100000,45,11.5,0.8516483516483516
scenario_02,covasim,100000,46,11.0,0.8125
scenario_02,covasim,100000,47,10.5,0.8480769230769231
scenario_02,covasim,100000,48,10.0,0.8944444444444444
scenario_02,covasim,100000,49,10.0,0.8257575757575758
scenario_02,covasim,100000,50,10.0,0.8397435897435898
scenario_02,covasim,100000,51,10.0,0.8708333333333333
scenario_02,covasim,100000,52,9.0,0.8333333333333334
scenario_02,covasim,100000,53,9.0,0.797979797979798
scenario_02,covasim,100000,54,9.0,0.8257575757575758
scenario_02,covasim,100000,55,9.0,0.8
scenario_02,covasim,100000,56,9.0,0.8516483516483516
scenario_02,covasim,100000,57,8.0,0.8333333333333334
scenario_02,covasim,100000,58,8.0,0.8571428571428571
scenario_02,covasim,100000,59,7.0,0.875
scenario_02,covasim,100000,60,8.0,0.8888888888888888
scenario_02,covasim,100000,61,8.0,0.788888888888889
scenario_02,covasim,100000,62,6.5,0.8944444444444444
scenario_02,covasim,100000,63,8.0,0.8333333333333334
scenario_02,covasim,100000,64,7.0,0.8461538461538461
scenario_02,covasim,100000,65,7.0,0.8
scenario_02,covasim,100000,66,6.0,0.8
scenario_02,covasim,100000,67,6.0,0.8090909090909091
scenario_02,covasim,100000,68,6.0,0.8
scenario_02,covasim,100000,69,6.0,0.75
scenario_02,covasim,100000,70,6.0,0.8257575757575758
scenario_02,covasim,100000,71,6.0,0.7142857142857143
scenario_02,covasim,100000,72,6.0,0.8888888888888888
scenario_02,covasim,100000,73,7.0,0.8333333333333334
scenario_02,covasim,100000,74,6.0,0.8333333333333334
scenario_02,covasim,100000,75,5.0,0.8333333333333334
scenario_02,covasim,100000,76,5.0,0.75
scenario_02,covasim,100000,77,5.0,0.8
scenario_02,covasim,100000,78,5.0,0.8
scenario_02,covasim,100000,79,5.0,0.8452380952380952
scenario_02,covasim,100000,80,4.0,0.9166666666666666
scenario_02,covasim,100000,81,4.0,1.0
scenario_02,covasim,100000,82,4.0,0.8166666666666667
scenario_02,covasim,100000,83,4.5,0.788888888888889
scenario_02,covasim,100000,84,4.0,1.0
scenario_02,covasim,100000,85,4.0,0.75
scenario_02,covasim,100000,86,4.0,0.8
scenario_02,covasim,100000,87,4.0,0.75
scenario_02,covasim,100000,88,4.0,0.75
scenario_02,covasim,100000,89,4.0,0.75
scenario_02,covasim,100000,90,4.0,0.75
scenario_02,covasim,100000,91,4.0,0.5714285714285714
scenario_02,covasim,100000,92,3.5,0.5
scenario_02,covasim,100000,93,3.0,0.4
scenario_02,covasim,100000,94,3.0,0.25
scenario_02,covasim,100000,95,3.0,0.16666666666666666
scenario_02,covasim,100000,96,3.0,0.0
scenario_02,covasim,100000,97,3.0,0.0
scenario_02,covasim,100000,98,3.0,0.0
scenario_02,covasim,100000,99,3.0,0.0
scenario_02,covasim,100000,100,3.0,0.0
scenario_02,epiworld,10000,0,,1.54
scenario_02,epiworld,10000,1,0.0,
scenario_02,epiworld,10000,2,7.0,1.1833333333333333
scenario_02,epiworld,10000,3,11.0,1.1428571428571428
scenario_02,epiworld,10000,4,14.0,1.1666666666666667
scenario_02,epiworld,10000,5,15.0,1.1596638655462184
scenario_02,epiworld,10000,6,17.0,1.1026315789473684
scenario_02,epiworld,10000,7,18.0,1.0754985754985755
scenario_02,epiworld,10000,8,18.0,1.0513157894736842
scenario_02,epiworld,10000,9,19.0,0.9511904761904761
scenario_02,epiworld,10000,10,19.0,1.0
scenario_02,epiworld,10000,11,17.5,0.9610194902548725
scenario_02,epiworld,10000,12,19.0,1.0
scenario_02,epiworld,10000,13,19.0,0.9472222222222222
scenario_02,epiworld,10000,14,18.5,0.9411764705882353
scenario_02,epiworld,10000,15,18.0,0.9375
scenario_02,epiworld,10000,16,19.0,0.8722826086956521
scenario_02,epiworld,10000,17,20.0,0.8636363636363636
scenario_02,epiworld,10000,18,19.0,0.8786764705882353
scenario_02,epiworld,10000,19,18.0,0.8461538461538461
scenario_02,epiworld,10000,20,17.0,0.8876050420168067
scenario_02,epiworld,10000,21,18.0,0.8333333333333334
scenario_02,epiworld,10000,22,19.0,0.8441295546558705
scenario_02,epiworld,10000,23,17.0,0.8235294117647058
scenario_02,epiworld,10000,24,17.0,0.8888888888888888
scenario_02,epiworld,10000,25,16.0,0.8248081841432224
scenario_02,epiworld,10000,26,16.0,0.8297101449275363
scenario_02,epiworld,10000,27,16.0,0.8153409090909092
scenario_02,epiworld,10000,28,15.0,0.8421052631578947
scenario_02,epiworld,10000,29,14.5,0.8421052631578947
scenario_02,epiworld,10000,30,15.0,0.8090909090909091
scenario_02,epiworld,10000,31,15.5,0.861904761904762
scenario_02,epiworld,10000,32,14.0,0.8666666666666667
scenario_02,epiworld,10000,33,15.0,0.8397435897435898
scenario_02,epiworld,10000,34,14.0,0.8117647058823529
scenario_02,epiworld,10000,35,15.0,0.875
scenario_02,epiworld,10000,36,14.0,0.8301435406698565
scenario_02,epiworld,10000,37,12.5,0.8
scenario_02,epiworld,10000,38,12.0,0.8452380952380952
scenario_02,epiworld,10000,39,13.0,0.7817460317460317
scenario_02,epiworld,10000,40,13.0,0.7817460317460317
scenario_02,epiworld,10000,41,13.0,0.8480769230769231
scenario_02,epiworld,10000,42,12.0,0.861904761904762
scenario_02,epiworld,10000,43,12.0,0.8284313725490196
scenario_02,epiworld,10000,44,11.0,0.7976588628762542
scenario_02,epiworld,10000,45,12.0,0.8333333333333334
scenario_02,epiworld,10000,46,12.0,0.75
scenario_02,epiworld,10000,47,11.5,0.8441295546558705
scenario_02,epiworld,10000,48,11.0,0.8333333333333334
scenario_02,epiworld,10000,49,10.0,0.7817460317460317
scenario_02,epiworld,10000,50,10.0,0.8571428571428571
scenario_02,epiworld,10000,51,10.0,0.8
scenario_02,epiworld,10000,52,10.0,0.8257575757575758
scenario_02,epiworld,10000,53,10.0,0.7238095238095238
scenario_02,epiworld,10000,54,10.0,0.8248081841432224
scenario_02,epiworld,10000,55,10.0,0.75
scenario_02,epiworld,10000,56,9.0,0.75
scenario_02,epiworld,10000,57,9.0,0.8
scenario_02,epiworld,10000,58,9.0,0.7596153846153846
scenario_02,epiworld,10000,59,8.5,0.8
scenario_02,epiworld,10000,60,8.0,0.8708333333333333
scenario_02,epiworld,10000,61,9.0,0.8397435897435898
scenario_02,epiworld,10000,62,8.0,0.8
scenario_02,epiworld,10000,63,7.5,0.8819444444444444
scenario_02,epiworld,10000,64,8.0,0.7142857142857143
scenario_02,epiworld,10000,65,8.0,0.8
scenario_02,epiworld,10000,66,8.0,0.7669683257918551
scenario_02,epiworld,10000,67,7.5,0.8
scenario_02,epiworld,10000,68,7.0,0.8500000000000001
scenario_02,epiworld,10000,69,7.0,0.8944444444444444
scenario_02,epiworld,10000,70,7.0,0.898989898989899
scenario_02,epiworld,10000,71,7.0,0.8571428571428571
scenario_02,epiworld,10000,72,7.0,0.8571428571428571
scenario_02,epiworld,10000,73,6.5,0.8
scenario_02,epiworld,10000,74,7.0,0.8
scenario_02,epiworld,10000,75,6.5,0.775
scenario_02,epiworld,10000,76,7.0,0.875
scenario_02,epiworld,10000,77,6.0,0.8
scenario_02,epiworld,10000,78,6.0,0.8571428571428571
scenario_02,epiworld,10000,79,6.0,0.75
scenario_02,epiworld,10000,80,6.0,0.8166666666666667
scenario_02,epiworld,10000,81,6.0,0.75
scenario_02,epiworld,10000,82,6.0,0.6666666666666666
scenario_02,epiworld,10000,83,5.0,0.75
scenario_02,epiworld,10000,84,5.0,0.625
scenario_02,epiworld,10000,85,6.0,0.6153846153846154
scenario_02,epiworld,10000,86,5.0,0.6666666666666666
scenario_02,epiworld,10000,87,5.0,0.5277777777777778
scenario_02,epiworld,10000,88,5.0,0.5555555555555556
scenario_02,epiworld,10000,89,5.0,0.5
scenario_02,epiworld,10000,90,4.5,0.5714285714285714
scenario_02,epiworld,10000,91,4.0,0.4222222222222222
scenario_02,epiworld,10000,92,5.0,0.4
scenario_02,epiworld,10000,93,4.0,0.30952380952380953
scenario_02,epiworld,10000,94,4.0,0.3333333333333333
scenario_02,epiworld,10000,95,4.0,0.2
scenario_02,epiworld,10000,96,4.0,0.0
scenario_02,epiworld,10000,97,4.0,0.0
scenario_02,epiworld,10000,98,5.0,0.0
scenario_02,epiworld,10000,99,3.5,0.0
scenario_02,epiworld,10000,100,4.0,0
scenario_02,epiworld,100000,0,,1.5750000000000002
scenario_02,epiworld,100000,1,0.0,
scenario_02,epiworld,100000,2,8.0,1.1483516483516483
scenario_02,epiworld,100000,3,12.0,1.2264957264957266
scenario_02,epiworld,100000,4,14.0,1.1026315789473684
scenario_02,epiworld,100000,5,16.0,1.1339285714285714
scenario_02,epiworld,100000,6,17.0,1.1213235294117647
scenario_02,epiworld,100000,7,18.0,1.1428571428571428
scenario_02,epiworld,100000,8,18.0,1.0
scenario_02,epiworld,100000,9,19.0,1.0769230769230769
scenario_02,epiworld,100000,10,18.0,1.0
scenario_02,epiworld,100000,11,18.5,1.0
scenario_02,epiworld,100000,12,19.0,0.9629120879120879
scenario_02,epiworld,100000,13,19.0,0.9215384615384616
scenario_02,epiworld,100000,14,18.5,0.9115384615384616
scenario_02,epiworld,100000,15,19.0,0.9848484848484849
scenario_02,epiworld,100000,16,20.0,0.9372549019607843
scenario_02,epiworld,100000,17,18.0,0.8947368421052632
scenario_02,epiworld,100000,18,19.0,0.8636363636363636
scenario_02,epiworld,100000,19,18.0,0.8918128654970761
scenario_02,epiworld,100000,20,19.0,0.8571428571428571
scenario_02,epiworld,100000,21,19.0,0.9532608695652174
scenario_02,epiworld,100000,22,18.0,0.8819444444444444
scenario_02,epiworld,100000,23,19.0,0.8666666666666667
scenario_02,epiworld,100000,24,18.0,0.8571428571428571
scenario_02,epiworld,100000,25,19.0,0.8708333333333333
scenario_02,epiworld,100000,26,19.0,0.9409722222222222
scenario_02,epiworld,100000,27,17.0,0.8516483516483516
scenario_02,epiworld,100000,28,18.0,0.8651515151515152
scenario_02,epiworld,100000,29,16.5,0.8947368421052632
scenario_02,epiworld,100000,30,16.0,0.8260869565217391
scenario_02,epiworld,100000,31,17.0,0.8722826086956521
scenario_02,epiworld,100000,32,16.5,0.8681159420289855
scenario_02,epiworld,100000,33,16.5,0.9128787878787878
scenario_02,epiworld,100000,34,15.0,0.80625
scenario_02,epiworld,100000,35,15.0,0.8571428571428571
scenario_02,epiworld,100000,36,14.0,0.8722826086956521
scenario_02,epiworld,100000,37,15.0,0.8333333333333334
scenario_02,epiworld,100000,38,14.0,0.8660714285714286
scenario_02,epiworld,100000,39,15.0,0.8257575757575758
scenario_02,epiworld,100000,40,15.0,0.8681159420289855
scenario_02,epiworld,100000,41,15.0,0.820855614973262
scenario_02,epiworld,100000,42,14.0,0.8235294117647058
scenario_02,epiworld,100000,43,14.0,0.8047619047619048
scenario_02,epiworld,100000,44,14.0,0.7875939849624061
scenario_02,epiworld,100000,45,14.0,0.8571428571428571
scenario_02,epiworld,100000,46,13.0,0.9282051282051282
scenario_02,epiworld,100000,47,13.0,0.8333333333333334
scenario_02,epiworld,100000,48,12.5,0.9087301587301587
scenario_02,epiworld,100000,49,13.0,0.8181818181818182
scenario_02,epiworld,100000,50,12.0,0.8461538461538461
scenario_02,epiworld,100000,51,13.0,0.9258241758241759
scenario_02,epiworld,100000,52,12.0,0.9045454545454545
scenario_02,epiworld,100000,53,12.0,0.8535714285714285
scenario_02,epiworld,100000,54,11.5,0.8397435897435898
scenario_02,epiworld,100000,55,11.0,0.8819444444444444
scenario_02,epiworld,100000,56,12.0,0.8181818181818182
scenario_02,epiworld,100000,57,11.0,0.9110671936758893
scenario_02,epiworld,100000,58,11.0,0.8541666666666667
scenario_02,epiworld,100000,59,11.5,0.8516483516483516
scenario_02,epiworld,100000,60,11.0,0.9333333333333333
scenario_02,epiworld,100000,61,11.0,0.8284313725490196
scenario_02,epiworld,100000,62,10.0,0.8
scenario_02,epiworld,100000,63,11.0,0.8571428571428571
scenario_02,epiworld,100000,64,11.0,0.7947368421052632
scenario_02,epiworld,100000,65,10.0,0.9198717948717949
scenario_02,epiworld,100000,66,10.0,0.9226190476190477
scenario_02,epiworld,100000,67,11.0,0.8452380952380952
scenario_02,epiworld,100000,68,10.0,0.7386363636363636
scenario_02,epiworld,100000,69,10.0,0.7638888888888888
scenario_02,epiworld,100000,70,9.5,0.8571428571428571
scenario_02,epiworld,100000,71,9.5,0.8516483516483516
scenario_02,epiworld,100000,72,9.0,0.905982905982906
scenario_02,epiworld,100000,73,9.0,0.8819444444444444
scenario_02,epiworld,100000,74,9.0,0.875
scenario_02,epiworld,100000,75,9.0,0.8856209150326797
scenario_02,epiworld,100000,76,10.0,0.861904761904762
scenario_02,epiworld,100000,77,9.0,0.820855614973262
scenario_02,epiworld,100000,78,8.0,0.8
scenario_02,epiworld,100000,79,9.0,0.8819444444444444
scenario_02,epiworld,100000,80,8.0,0.875
scenario_02,epiworld,100000,81,8.0,0.8257575757575758
scenario_02,epiworld,100000,82,9.0,0.75
scenario_02,epiworld,100000,83,8.0,0.7928571428571429
scenario_02,epiworld,100000,84,7.0,0.7777777777777778
scenario_02,epiworld,100000,85,8.0,0.8090909090909091
scenario_02,epiworld,100000,86,8.5,0.7386363636363636
scenario_02,epiworld,100000,87,8.0,0.7573529411764706
scenario_02,epiworld,100000,88,7.0,0.6201923076923077
scenario_02,epiworld,100000,89,7.0,0.6
scenario_02,epiworld,100000,90,8.0,0.5
scenario_02,epiworld,100000,91,7.0,0.5634920634920635
scenario_02,epiworld,100000,92,6.0,0.5
scenario_02,epiworld,100000,93,7.0,0.38461538461538464
scenario_02,epiworld,100000,94,7.0,0.3333333333333333
scenario_02,epiworld,100000,95,6.0,0.23529411764705882
scenario_02,epiworld,100000,96,7.0,0.16666666666666666
scenario_02,epiworld,100000,97,7.0,0.0
scenario_02,epiworld,100000,98,7.0,0.0
scenario_02,epiworld,100000,99,7.0,0
scenario_02,epiworld,100000,100,6.0,0
scenario_02,epiworldR,10000,0,,1.57
scenario_02,epiworldR,10000,1,0.0,
scenario_02,epiworldR,10000,2,7.0,1.118055555555555
scenario_02,epiworldR,10000,3,12.0,1.183333333333335
scenario_02,epiworldR,10000,4,14.0,1.16666666666667
scenario_02,epiworldR,10000,5,16.0,1.0801282051282048
scenario_02,epiworldR,10000,6,16.0,1.0
scenario_02,epiworldR,10000,7,17.0,1.04554865424431
scenario_02,epiworldR,10000,8,18.0,1.072916666666665
scenario_02,epiworldR,10000,9,18.0,1.03939393939394
scenario_02,epiworldR,10000,10,18.0,0.98
scenario_02,epiworldR,10000,11,19.0,0.9023809523809525
scenario_02,epiworldR,10000,12,20.0,0.954545454545455
scenario_02,epiworldR,10000,13,18.5,0.9428104575163394
scenario_02,epiworldR,10000,14,17.0,0.9551656920077976
scenario_02,epiworldR,10000,15,19.0,0.8819444444444444
scenario_02,epiworldR,10000,16,19.0,0.875
scenario_02,epiworldR,10000,17,19.0,0.9023809523809525
scenario_02,epiworldR,10000,18,18.5,0.916083916083916
scenario_02,epiworldR,10000,19,17.0,0.916521739130435
scenario_02,epiworldR,10000,20,17.0,0.861904761904762
scenario_02,epiworldR,10000,21,17.0,0.8592592592592595
scenario_02,epiworldR,10000,22,18.0,0.8786764705882355
scenario_02,epiworldR,10000,23,17.5,0.8
scenario_02,epiworldR,10000,24,17.0,0.8284313725490196
scenario_02,epiworldR,10000,25,16.0,0.8404074702886251
scenario_02,epiworldR,10000,26,16.0,0.7559523809523809
scenario_02,epiworldR,10000,27,16.0,0.888888888888889
scenario_02,epiworldR,10000,28,16.0,0.833333333333333
scenario_02,epiworldR,10000,29,16.0,0.8516483516483515
scenario_02,epiworldR,10000,30,15.0,0.8441295546558705
scenario_02,epiworldR,10000,31,14.5,0.7638888888888891
scenario_02,epiworldR,10000,32,14.0,0.8090909090909091
scenario_02,epiworldR,10000,33,14.0,0.8397435897435895
scenario_02,epiworldR,10000,34,14.0,0.785714285714286
scenario_02,epiworldR,10000,35,14.0,0.8125
scenario_02,epiworldR,10000,36,13.0,0.875
scenario_02,epiworldR,10000,37,13.0,0.8516483516483515
scenario_02,epiworldR,10000,38,12.5,0.8
scenario_02,epiworldR,10000,39,12.5,0.75
scenario_02,epiworldR,10000,40,12.0,0.833333333333333
scenario_02,epiworldR,10000,41,12.0,0.833333333333333
scenario_02,epiworldR,10000,42,12.0,0.833333333333333
scenario_02,epiworldR,10000,43,13.0,0.8117647058823529
scenario_02,epiworldR,10000,44,11.0,0.8856209150326799
scenario_02,epiworldR,10000,45,11.0,0.8516483516483515
scenario_02,epiworldR,10000,46,11.0,0.75
scenario_02,epiworldR,10000,47,11.0,0.794736842105263
scenario_02,epiworldR,10000,48,10.0,0.7817460317460321
scenario_02,epiworldR,10000,49,10.0,0.75
scenario_02,epiworldR,10000,50,9.0,0.75
scenario_02,epiworldR,10000,51,11.0,0.8
scenario_02,epiworldR,10000,52,10.0,0.875
scenario_02,epiworldR,10000,53,9.0,0.8
scenario_02,epiworldR,10000,54,9.5,0.7573529411764706
scenario_02,epiworldR,10000,55,9.0,0.875
scenario_02,epiworldR,10000,56,9.0,0.8
scenario_02,epiworldR,10000,57,9.0,0.777777777777778
scenario_02,epiworldR,10000,58,9.0,0.818181818181818
scenario_02,epiworldR,10000,59,8.0,0.8284313725490196
scenario_02,epiworldR,10000,60,8.0,0.7596153846153846
scenario_02,epiworldR,10000,61,8.0,0.75
scenario_02,epiworldR,10000,62,8.0,0.818181818181818
scenario_02,epiworldR,10000,63,7.0,0.8
scenario_02,epiworldR,10000,64,8.0,0.75
scenario_02,epiworldR,10000,65,7.0,0.75
scenario_02,epiworldR,10000,66,7.0,0.7735042735042735
scenario_02,epiworldR,10000,67,7.0,0.8
scenario_02,epiworldR,10000,68,7.0,0.857142857142857
scenario_02,epiworldR,10000,69,6.0,0.875
scenario_02,epiworldR,10000,70,7.0,0.777777777777778
scenario_02,epiworldR,10000,71,6.0,0.8
scenario_02,epiworldR,10000,72,7.0,0.75
scenario_02,epiworldR,10000,73,7.0,0.8
scenario_02,epiworldR,10000,74,6.0,0.6833333333333335
scenario_02,epiworldR,10000,75,6.0,0.788888888888889
scenario_02,epiworldR,10000,76,6.0,0.8
scenario_02,epiworldR,10000,77,6.0,0.8166666666666665
scenario_02,epiworldR,10000,78,6.0,0.75
scenario_02,epiworldR,10000,79,5.0,0.7638888888888891
scenario_02,epiworldR,10000,80,5.0,0.7638888888888891
scenario_02,epiworldR,10000,81,5.0,0.666666666666667
scenario_02,epiworldR,10000,82,5.0,0.666666666666667
scenario_02,epiworldR,10000,83,5.0,0.666666666666667
scenario_02,epiworldR,10000,84,5.0,0.8
scenario_02,epiworldR,10000,85,5.0,0.5634920634920635
scenario_02,epiworldR,10000,86,5.0,0.666666666666667
scenario_02,epiworldR,10000,87,5.0,0.714285714285714
scenario_02,epiworldR,10000,88,5.0,0.5
scenario_02,epiworldR,10000,89,5.0,0.571428571428571
scenario_02,epiworldR,10000,90,5.0,0.6458333333333335
scenario_02,epiworldR,10000,91,4.0,0.5
scenario_02,epiworldR,10000,92,4.0,0.4
scenario_02,epiworldR,10000,93,4.0,0.333333333333333
scenario_02,epiworldR,10000,94,4.5,0.333333333333333
scenario_02,epiworldR,10000,95,4.0,0.25
scenario_02,epiworldR,10000,96,4.0,0.1
scenario_02,epiworldR,10000,97,4.0,0
scenario_02,epiworldR,10000,98,4.0,0
scenario_02,epiworldR,10000,99,4.0,0.0
scenario_02,epiworldR,10000,100,4.0,0.0
scenario_02,epiworldR,100000,0,,1.56
scenario_02,epiworldR,100000,1,0.0,
scenario_02,epiworldR,100000,2,7.0,1.2
scenario_02,epiworldR,100000,3,12.0,1.1339285714285698
scenario_02,epiworldR,100000,4,14.0,1.13333333333333
scenario_02,epiworldR,100000,5,17.0,1.19047619047619
scenario_02,epiworldR,100000,6,17.0,1.111455108359135
scenario_02,epiworldR,100000,7,18.0,1.108187134502925
scenario_02,epiworldR,100000,8,18.0,1.0513157894736849
scenario_02,epiworldR,100000,9,18.0,1.08249158249158
scenario_02,epiworldR,100000,10,19.0,1.045546558704455
scenario_02,epiworldR,100000,11,20.0,1.0
scenario_02,epiworldR,100000,12,19.0,1.0227272727272751
scenario_02,epiworldR,100000,13,19.0,0.945906432748538
scenario_02,epiworldR,100000,14,19.0,0.9588709677419355
scenario_02,epiworldR,100000,15,20.0,0.9536842105263159
scenario_02,epiworldR,100000,16,19.0,0.9354166666666666
scenario_02,epiworldR,100000,17,20.0,1.0
scenario_02,epiworldR,100000,18,19.5,0.903993855606759
scenario_02,epiworldR,100000,19,19.0,0.912878787878788
scenario_02,epiworldR,100000,20,20.0,0.9027777777777779
scenario_02,epiworldR,100000,21,18.0,0.894736842105263
scenario_02,epiworldR,100000,22,19.0,0.8759590792838875
scenario_02,epiworldR,100000,23,18.0,0.865
scenario_02,epiworldR,100000,24,18.0,0.8558352402745995
scenario_02,epiworldR,100000,25,18.5,0.836021505376344
scenario_02,epiworldR,100000,26,18.0,0.872282608695652
scenario_02,epiworldR,100000,27,17.0,0.8544973544973544
scenario_02,epiworldR,100000,28,18.5,0.850925925925926
scenario_02,epiworldR,100000,29,17.0,0.848076923076923
scenario_02,epiworldR,100000,30,17.5,0.8786764705882355
scenario_02,epiworldR,100000,31,17.0,0.8856209150326799
scenario_02,epiworldR,100000,32,17.0,0.9428104575163394
scenario_02,epiworldR,100000,33,17.0,0.857142857142857
scenario_02,epiworldR,100000,34,15.0,0.9354166666666666
scenario_02,epiworldR,100000,35,16.0,0.848076923076923
scenario_02,epiworldR,100000,36,16.5,0.857142857142857
scenario_02,epiworldR,100000,37,16.0,0.888888888888889
scenario_02,epiworldR,100000,38,15.5,0.8564102564102565
scenario_02,epiworldR,100000,39,15.0,0.846153846153846
scenario_02,epiworldR,100000,40,15.0,0.888888888888889
scenario_02,epiworldR,100000,41,15.0,0.846153846153846
scenario_02,epiworldR,100000,42,15.0,0.8856209150326799
scenario_02,epiworldR,100000,43,15.0,0.8708333333333336
scenario_02,epiworldR,100000,44,14.0,0.888888888888889
scenario_02,epiworldR,100000,45,13.0,0.85
scenario_02,epiworldR,100000,46,14.0,0.8
scenario_02,epiworldR,100000,47,13.0,0.8541666666666665
scenario_02,epiworldR,100000,48,12.5,0.8385416666666665
scenario_02,epiworldR,100000,49,13.0,0.8397435897435895
scenario_02,epiworldR,100000,50,13.0,0.910714285714286
scenario_02,epiworldR,100000,51,13.0,0.875
scenario_02,epiworldR,100000,52,12.0,0.7655677655677655
scenario_02,epiworldR,100000,53,12.0,0.8500000000000001
scenario_02,epiworldR,100000,54,12.0,0.8
scenario_02,epiworldR,100000,55,12.0,0.833333333333333
scenario_02,epiworldR,100000,56,12.0,0.8516483516483515
scenario_02,epiworldR,100000,57,12.0,0.875
scenario_02,epiworldR,100000,58,12.0,0.857142857142857
scenario_02,epiworldR,100000,59,11.0,0.8819444444444444
scenario_02,epiworldR,100000,60,11.0,0.905982905982906
scenario_02,epiworldR,100000,61,10.0,0.875
scenario_02,epiworldR,100000,62,11.0,0.845238095238095
scenario_02,epiworldR,100000,63,11.0,0.80625
scenario_02,epiworldR,100000,64,10.0,0.9045454545454545
scenario_02,epiworldR,100000,65,11.0,0.8257575757575755
scenario_02,epiworldR,100000,66,11.0,0.8535714285714284
scenario_02,epiworldR,100000,67,10.0,0.80625
scenario_02,epiworldR,100000,68,11.0,0.833333333333333
scenario_02,epiworldR,100000,69,10.0,0.8397435897435895
scenario_02,epiworldR,100000,70,10.0,0.7712418300653595
scenario_02,epiworldR,100000,71,10.0,0.857142857142857
scenario_02,epiworldR,100000,72,10.0,0.8786764705882355
scenario_02,epiworldR,100000,73,9.0,0.861904761904762
scenario_02,epiworldR,100000,74,9.0,0.833333333333333
scenario_02,epiworldR,100000,75,9.0,0.794736842105263
scenario_02,epiworldR,100000,76,8.0,0.888888888888889
scenario_02,epiworldR,100000,77,9.0,0.8397435897435895
scenario_02,epiworldR,100000,78,8.5,0.7573529411764706
scenario_02,epiworldR,100000,79,8.0,0.8
scenario_02,epiworldR,100000,80,9.0,0.75
scenario_02,epiworldR,100000,81,9.0,0.8
scenario_02,epiworldR,100000,82,8.0,0.7638888888888891
scenario_02,epiworldR,100000,83,9.0,0.7735042735042735
scenario_02,epiworldR,100000,84,8.0,0.75
scenario_02,epiworldR,100000,85,7.0,0.75
scenario_02,epiworldR,100000,86,8.0,0.707142857142857
scenario_02,epiworldR,100000,87,8.0,0.714285714285714
scenario_02,epiworldR,100000,88,8.0,0.707142857142857
scenario_02,epiworldR,100000,89,7.0,0.5732323232323235
scenario_02,epiworldR,100000,90,7.0,0.5857142857142854
scenario_02,epiworldR,100000,91,7.0,0.571428571428571
scenario_02,epiworldR,100000,92,6.0,0.444444444444444
scenario_02,epiworldR,100000,93,7.0,0.333333333333333
scenario_02,epiworldR,100000,94,7.0,0.333333333333333
scenario_02,epiworldR,100000,95,7.0,0.25
scenario_02,epiworldR,100000,96,7.0,0.125
scenario_02,epiworldR,100000,97,6.5,0
scenario_02,epiworldR,100000,98,7.0,0.0
scenario_02,epiworldR,100000,99,6.0,0
scenario_02,epiworldR,100000,100,7.0,0.0
scenario_02,epiworldpy,10000,0,,1.55
scenario_02,epiworldpy,10000,1,0.0,
scenario_02,epiworldpy,10000,2,7.0,1.190909090909091
scenario_02,epiworldpy,10000,3,11.0,1.2222222222222223
scenario_02,epiworldpy,10000,4,13.5,1.19375
scenario_02,epiworldpy,10000,5,15.0,1.1622807017543861
scenario_02,epiworldpy,10000,6,16.5,1.1180555555555556
scenario_02,epiworldpy,10000,7,18.0,1.0455486542443064
scenario_02,epiworldpy,10000,8,18.5,1.0
scenario_02,epiworldpy,10000,9,18.0,0.949874686716792
scenario_02,epiworldpy,10000,10,19.0,1.0
scenario_02,epiworldpy,10000,11,18.0,0.9442724458204335
scenario_02,epiworldpy,10000,12,19.0,0.9833333333333334
scenario_02,epiworldpy,10000,13,18.5,0.927055702917772
scenario_02,epiworldpy,10000,14,18.0,0.8823529411764706
scenario_02,epiworldpy,10000,15,18.0,0.8956442831215972
scenario_02,epiworldpy,10000,16,19.0,0.9424342105263157
scenario_02,epiworldpy,10000,17,17.0,0.85
scenario_02,epiworldpy,10000,18,18.0,0.8543859649122807
scenario_02,epiworldpy,10000,19,17.0,0.8165266106442577
scenario_02,epiworldpy,10000,20,17.0,0.8260869565217391
scenario_02,epiworldpy,10000,21,18.0,0.7777777777777778
scenario_02,epiworldpy,10000,22,18.0,0.849624060150376
scenario_02,epiworldpy,10000,23,16.0,0.7735042735042735
scenario_02,epiworldpy,10000,24,16.0,0.84
scenario_02,epiworldpy,10000,25,16.0,0.8460526315789474
scenario_02,epiworldpy,10000,26,15.0,0.8
scenario_02,epiworldpy,10000,27,16.0,0.8461538461538461
scenario_02,epiworldpy,10000,28,15.0,0.8571428571428571
scenario_02,epiworldpy,10000,29,14.0,0.8125
scenario_02,epiworldpy,10000,30,14.0,0.7777777777777778
scenario_02,epiworldpy,10000,31,15.0,0.8333333333333334
scenario_02,epiworldpy,10000,32,13.0,0.8153409090909092
scenario_02,epiworldpy,10000,33,14.0,0.8397435897435898
scenario_02,epiworldpy,10000,34,13.0,0.8257575757575758
scenario_02,epiworldpy,10000,35,13.0,0.8973684210526316
scenario_02,epiworldpy,10000,36,12.5,0.8
scenario_02,epiworldpy,10000,37,13.0,0.9166666666666666
scenario_02,epiworldpy,10000,38,12.0,0.7875939849624061
scenario_02,epiworldpy,10000,39,13.0,0.80625
scenario_02,epiworldpy,10000,40,13.0,0.8452380952380952
scenario_02,epiworldpy,10000,41,11.0,0.8
scenario_02,epiworldpy,10000,42,12.0,0.8
scenario_02,epiworldpy,10000,43,12.0,0.8047619047619048
scenario_02,epiworldpy,10000,44,11.5,0.8
scenario_02,epiworldpy,10000,45,12.0,0.8333333333333334
scenario_02,epiworldpy,10000,46,11.5,0.770979020979021
scenario_02,epiworldpy,10000,47,11.0,0.7777777777777778
scenario_02,epiworldpy,10000,48,11.0,0.8333333333333334
scenario_02,epiworldpy,10000,49,10.0,0.7928571428571429
scenario_02,epiworldpy,10000,50,10.0,0.7928571428571429
scenario_02,epiworldpy,10000,51,10.0,0.8461538461538461
scenario_02,epiworldpy,10000,52,10.0,0.8333333333333334
scenario_02,epiworldpy,10000,53,10.0,0.8
scenario_02,epiworldpy,10000,54,9.0,0.8333333333333334
scenario_02,epiworldpy,10000,55,9.0,0.7928571428571429
scenario_02,epiworldpy,10000,56,9.0,0.8125
scenario_02,epiworldpy,10000,57,8.0,0.8571428571428571
scenario_02,epiworldpy,10000,58,8.0,0.8571428571428571
scenario_02,epiworldpy,10000,59,8.0,0.8
scenario_02,epiworldpy,10000,60,8.0,0.75
scenario_02,epiworldpy,10000,61,9.0,0.8333333333333334
scenario_02,epiworldpy,10000,62,8.0,0.8571428571428571
scenario_02,epiworldpy,10000,63,8.0,0.75
scenario_02,epiworldpy,10000,64,8.0,0.8
scenario_02,epiworldpy,10000,65,8.0,0.75
scenario_02,epiworldpy,10000,66,7.0,0.75
scenario_02,epiworldpy,10000,67,8.0,0.8397435897435898
scenario_02,epiworldpy,10000,68,7.0,0.8660714285714286
scenario_02,epiworldpy,10000,69,6.0,0.7321428571428572
scenario_02,epiworldpy,10000,70,7.0,0.8
scenario_02,epiworldpy,10000,71,7.0,0.7692307692307693
scenario_02,epiworldpy,10000,72,7.0,0.7142857142857143
scenario_02,epiworldpy,10000,73,6.0,0.6666666666666666
scenario_02,epiworldpy,10000,74,6.0,0.8
scenario_02,epiworldpy,10000,75,5.0,0.8571428571428571
scenario_02,epiworldpy,10000,76,5.0,0.8
scenario_02,epiworldpy,10000,77,5.0,0.8
scenario_02,epiworldpy,10000,78,6.0,0.6125
scenario_02,epiworldpy,10000,79,6.0,0.8181818181818182
scenario_02,epiworldpy,10000,80,6.0,0.6666666666666666
scenario_02,epiworldpy,10000,81,5.0,0.75
scenario_02,epiworldpy,10000,82,5.0,0.7142857142857143
scenario_02,epiworldpy,10000,83,5.0,0.7
scenario_02,epiworldpy,10000,84,5.0,0.75
scenario_02,epiworldpy,10000,85,5.0,0.6666666666666666
scenario_02,epiworldpy,10000,86,5.0,0.6666666666666666
scenario_02,epiworldpy,10000,87,5.0,0.625
scenario_02,epiworldpy,10000,88,4.5,0.5857142857142856
scenario_02,epiworldpy,10000,89,5.0,0.5714285714285714
scenario_02,epiworldpy,10000,90,5.0,0.5
scenario_02,epiworldpy,10000,91,4.0,0.5
scenario_02,epiworldpy,10000,92,4.0,0.3333333333333333
scenario_02,epiworldpy,10000,93,3.5,0.35416666666666663
scenario_02,epiworldpy,10000,94,4.0,0.26785714285714285
scenario_02,epiworldpy,10000,95,4.0,0.15476190476190477
scenario_02,epiworldpy,10000,96,4.0,0.14285714285714285
scenario_02,epiworldpy,10000,97,4.0,0.0
scenario_02,epiworldpy,10000,98,4.0,0.0
scenario_02,epiworldpy,10000,99,4.0,0.0
scenario_02,epiworldpy,10000,100,4.0,0.0
scenario_02,epiworldpy,100000,0,,1.605
scenario_02,epiworldpy,100000,1,0.0,
scenario_02,epiworldpy,100000,2,7.0,1.1180555555555556
scenario_02,epiworldpy,100000,3,12.0,1.25
scenario_02,epiworldpy,100000,4,14.0,1.1
scenario_02,epiworldpy,100000,5,17.0,1.0934782608695652
scenario_02,epiworldpy,100000,6,18.0,1.150375939849624
scenario_02,epiworldpy,100000,7,18.0,1.15
scenario_02,epiworldpy,100000,8,19.0,1.0625
scenario_02,epiworldpy,100000,9,19.0,1.0669642857142856
scenario_02,epiworldpy,100000,10,19.0,1.0
scenario_02,epiworldpy,100000,11,20.0,1.0
scenario_02,epiworldpy,100000,12,19.5,1.0
scenario_02,epiworldpy,100000,13,19.0,0.8908730158730158
scenario_02,epiworldpy,100000,14,20.0,1.0
scenario_02,epiworldpy,100000,15,20.0,0.9047619047619048
scenario_02,epiworldpy,100000,16,19.5,0.8452380952380952
scenario_02,epiworldpy,100000,17,19.0,0.9285714285714286
scenario_02,epiworldpy,100000,18,19.0,0.8786764705882353
scenario_02,epiworldpy,100000,19,19.0,0.9148550724637681
scenario_02,epiworldpy,100000,20,20.0,0.875
scenario_02,epiworldpy,100000,21,19.0,0.9215384615384616
scenario_02,epiworldpy,100000,22,18.0,0.8651515151515152
scenario_02,epiworldpy,100000,23,19.0,0.9090909090909091
scenario_02,epiworldpy,100000,24,18.0,0.8792270531400965
scenario_02,epiworldpy,100000,25,18.0,0.9
scenario_02,epiworldpy,100000,26,17.0,0.8571428571428571
scenario_02,epiworldpy,100000,27,17.5,0.8968253968253967
scenario_02,epiworldpy,100000,28,17.0,0.8485714285714285
scenario_02,epiworldpy,100000,29,16.0,0.8964285714285715
scenario_02,epiworldpy,100000,30,17.0,0.9337606837606838
scenario_02,epiworldpy,100000,31,16.0,0.8708333333333333
scenario_02,epiworldpy,100000,32,16.0,0.9442724458204335
scenario_02,epiworldpy,100000,33,15.0,0.8090909090909091
scenario_02,epiworldpy,100000,34,16.0,0.8235294117647058
scenario_02,epiworldpy,100000,35,16.0,0.8628526645768024
scenario_02,epiworldpy,100000,36,16.0,0.8181818181818182
scenario_02,epiworldpy,100000,37,15.5,0.8284313725490196
scenario_02,epiworldpy,100000,38,16.0,0.8229166666666667
scenario_02,epiworldpy,100000,39,15.0,0.9166666666666666
scenario_02,epiworldpy,100000,40,14.0,0.8257575757575758
scenario_02,epiworldpy,100000,41,14.0,0.8571428571428571
scenario_02,epiworldpy,100000,42,13.0,0.8603896103896104
scenario_02,epiworldpy,100000,43,14.0,0.8571428571428571
scenario_02,epiworldpy,100000,44,13.5,0.8571428571428571
scenario_02,epiworldpy,100000,45,13.0,0.8441295546558705
scenario_02,epiworldpy,100000,46,13.0,0.8571428571428571
scenario_02,epiworldpy,100000,47,13.0,0.8284313725490196
scenario_02,epiworldpy,100000,48,13.0,0.820855614973262
scenario_02,epiworldpy,100000,49,12.0,0.8
scenario_02,epiworldpy,100000,50,13.0,0.8038461538461539
scenario_02,epiworldpy,100000,51,12.0,0.8944444444444444
scenario_02,epiworldpy,100000,52,12.0,0.8181818181818182
scenario_02,epiworldpy,100000,53,12.0,0.8875
scenario_02,epiworldpy,100000,54,12.0,0.9198717948717949
scenario_02,epiworldpy,100000,55,11.5,0.875
scenario_02,epiworldpy,100000,56,12.0,0.8571428571428571
scenario_02,epiworldpy,100000,57,11.0,0.8047619047619048
scenario_02,epiworldpy,100000,58,11.0,0.8875
scenario_02,epiworldpy,100000,59,11.0,0.8333333333333334
scenario_02,epiworldpy,100000,60,12.0,0.8571428571428571
scenario_02,epiworldpy,100000,61,10.0,0.8333333333333334
scenario_02,epiworldpy,100000,62,11.0,0.9
scenario_02,epiworldpy,100000,63,10.0,0.8888888888888888
scenario_02,epiworldpy,100000,64,10.0,0.8888888888888888
scenario_02,epiworldpy,100000,65,10.0,0.7596153846153846
scenario_02,epiworldpy,100000,66,9.5,0.8888888888888888
scenario_02,epiworldpy,100000,67,10.0,0.898989898989899
scenario_02,epiworldpy,100000,68,10.0,0.8257575757575758
scenario_02,epiworldpy,100000,69,9.0,0.905982905982906
scenario_02,epiworldpy,100000,70,10.0,0.8660714285714286
scenario_02,epiworldpy,100000,71,10.0,0.8
scenario_02,epiworldpy,100000,72,9.0,0.8571428571428571
scenario_02,epiworldpy,100000,73,9.0,0.8166666666666667
scenario_02,epiworldpy,100000,74,9.0,0.80625
scenario_02,epiworldpy,100000,75,9.0,0.8888888888888888
scenario_02,epiworldpy,100000,76,9.0,0.861904761904762
scenario_02,epiworldpy,100000,77,8.5,0.7142857142857143
scenario_02,epiworldpy,100000,78,9.0,0.75
scenario_02,epiworldpy,100000,79,8.0,0.9333333333333333
scenario_02,epiworldpy,100000,80,8.0,0.8888888888888888
scenario_02,epiworldpy,100000,81,8.5,0.7735042735042735
scenario_02,epiworldpy,100000,82,8.0,0.8
scenario_02,epiworldpy,100000,83,8.0,0.7817460317460317
scenario_02,epiworldpy,100000,84,8.0,0.8333333333333334
scenario_02,epiworldpy,100000,85,8.0,0.6666666666666666
scenario_02,epiworldpy,100000,86,7.0,0.75
scenario_02,epiworldpy,100000,87,7.0,0.7272727272727273
scenario_02,epiworldpy,100000,88,7.0,0.6666666666666666
scenario_02,epiworldpy,100000,89,8.0,0.6666666666666666
scenario_02,epiworldpy,100000,90,7.0,0.5714285714285714
scenario_02,epiworldpy,100000,91,7.0,0.5
scenario_02,epiworldpy,100000,92,8.0,0.5
scenario_02,epiworldpy,100000,93,6.0,0.4166666666666667
scenario_02,epiworldpy,100000,94,7.0,0.3333333333333333
scenario_02,epiworldpy,100000,95,7.0,0.25
scenario_02,epiworldpy,100000,96,7.0,0.16666666666666666
scenario_02,epiworldpy,100000,97,6.0,0.0
scenario_02,epiworldpy,100000,98,6.0,0.0
scenario_02,epiworldpy,100000,99,6.0,0.0
scenario_02,epiworldpy,100000,100,6.0,0.0
scenario_02,epydemic,10000,0,,1.5750000000000002
scenario_02,epydemic,10000,1,29.0,1.2041666666666666
scenario_02,epydemic,10000,2,24.5,1.1666666666666667
scenario_02,epydemic,10000,3,21.0,1.0488095238095239
scenario_02,epydemic,10000,4,20.5,1.0526315789473684
scenario_02,epydemic,10000,5,20.5,1.0348557692307692
scenario_02,epydemic,10000,6,20.0,0.9545454545454546
scenario_02,epydemic,10000,7,19.0,1.0
scenario_02,epydemic,10000,8,20.0,0.8729946524064172
scenario_02,epydemic,10000,9,19.0,0.9455882352941176
scenario_02,epydemic,10000,10,19.0,0.9486842105263158
scenario_02,epydemic,10000,11,18.0,0.8480769230769231
scenario_02,epydemic,10000,12,19.0,0.8947368421052632
scenario_02,epydemic,10000,13,19.0,0.9
scenario_02,epydemic,10000,14,18.5,0.8871224165341812
scenario_02,epydemic,10000,15,17.5,0.8823529411764706
scenario_02,epydemic,10000,16,18.0,0.8421052631578947
scenario_02,epydemic,10000,17,18.0,0.8257575757575758
scenario_02,epydemic,10000,18,18.0,0.820855614973262
scenario_02,epydemic,10000,19,17.0,0.861904761904762
scenario_02,epydemic,10000,20,18.0,0.7947368421052632
scenario_02,epydemic,10000,21,17.0,0.7669683257918551
scenario_02,epydemic,10000,22,16.0,0.8
scenario_02,epydemic,10000,23,16.0,0.8290909090909091
scenario_02,epydemic,10000,24,15.0,0.8762626262626263
scenario_02,epydemic,10000,25,15.0,0.8823529411764706
scenario_02,epydemic,10000,26,15.0,0.8366666666666667
scenario_02,epydemic,10000,27,15.0,0.8235294117647058
scenario_02,epydemic,10000,28,15.0,0.7735042735042735
scenario_02,epydemic,10000,29,15.0,0.8284313725490196
scenario_02,epydemic,10000,30,14.0,0.8166666666666667
scenario_02,epydemic,10000,31,14.0,0.85
scenario_02,epydemic,10000,32,13.0,0.8461538461538461
scenario_02,epydemic,10000,33,12.5,0.8284313725490196
scenario_02,epydemic,10000,34,13.0,0.8348416289592759
scenario_02,epydemic,10000,35,13.0,0.8571428571428571
scenario_02,epydemic,10000,36,12.5,0.8461538461538461
scenario_02,epydemic,10000,37,12.0,0.875
scenario_02,epydemic,10000,38,11.0,0.8284313725490196
scenario_02,epydemic,10000,39,12.0,0.8571428571428571
scenario_02,epydemic,10000,40,12.5,0.7655677655677655
scenario_02,epydemic,10000,41,13.0,0.8516483516483516
scenario_02,epydemic,10000,42,11.0,0.7692307692307693
scenario_02,epydemic,10000,43,12.0,0.7573529411764706
scenario_02,epydemic,10000,44,10.5,0.8660714285714286
scenario_02,epydemic,10000,45,11.0,0.9045454545454545
scenario_02,epydemic,10000,46,10.5,0.8
scenario_02,epydemic,10000,47,10.0,0.8090909090909091
scenario_02,epydemic,10000,48,11.0,0.80625
scenario_02,epydemic,10000,49,10.0,0.8571428571428571
scenario_02,epydemic,10000,50,10.0,0.8
scenario_02,epydemic,10000,51,9.0,0.8284313725490196
scenario_02,epydemic,10000,52,10.0,0.8
scenario_02,epydemic,10000,53,9.0,0.8257575757575758
scenario_02,epydemic,10000,54,9.0,0.8571428571428571
scenario_02,epydemic,10000,55,8.0,0.820855614973262
scenario_02,epydemic,10000,56,8.0,0.7777777777777778
scenario_02,epydemic,10000,57,9.0,0.7142857142857143
scenario_02,epydemic,10000,58,8.5,0.7573529411764706
scenario_02,epydemic,10000,59,8.0,0.75
scenario_02,epydemic,10000,60,9.0,0.75
scenario_02,epydemic,10000,61,8.0,0.8397435897435898
scenario_02,epydemic,10000,62,8.0,0.788888888888889
scenario_02,epydemic,10000,63,7.0,0.75
scenario_02,epydemic,10000,64,7.0,0.75
scenario_02,epydemic,10000,65,7.0,0.8571428571428571
scenario_02,epydemic,10000,66,7.0,0.8333333333333334
scenario_02,epydemic,10000,67,7.0,0.7777777777777778
scenario_02,epydemic,10000,68,7.0,0.8571428571428571
scenario_02,epydemic,10000,69,7.0,0.8
scenario_02,epydemic,10000,70,7.0,0.7142857142857143
scenario_02,epydemic,10000,71,6.5,0.8
scenario_02,epydemic,10000,72,6.0,0.8675213675213675
scenario_02,epydemic,10000,73,7.0,0.75
scenario_02,epydemic,10000,74,6.5,0.8
scenario_02,epydemic,10000,75,7.0,0.7071428571428571
scenario_02,epydemic,10000,76,6.0,0.7638888888888888
scenario_02,epydemic,10000,77,6.0,0.8
scenario_02,epydemic,10000,78,6.0,0.8
scenario_02,epydemic,10000,79,5.5,0.625
scenario_02,epydemic,10000,80,6.0,0.8
scenario_02,epydemic,10000,81,6.0,0.7321428571428572
scenario_02,epydemic,10000,82,5.0,0.75
scenario_02,epydemic,10000,83,5.0,0.6666666666666666
scenario_02,epydemic,10000,84,5.0,0.725
scenario_02,epydemic,10000,85,5.0,0.6666666666666666
scenario_02,epydemic,10000,86,5.0,0.6
scenario_02,epydemic,10000,87,5.0,0.5357142857142857
scenario_02,epydemic,10000,88,4.0,0.5857142857142856
scenario_02,epydemic,10000,89,4.0,0.5
scenario_02,epydemic,10000,90,4.0,0.5
scenario_02,epydemic,10000,91,4.0,0.5
scenario_02,epydemic,10000,92,4.0,0.5
scenario_02,epydemic,10000,93,4.0,0.25
scenario_02,epydemic,10000,94,4.0,0.25
scenario_02,epydemic,10000,95,4.0,0.2
scenario_02,epydemic,10000,96,4.0,0.05555555555555555
scenario_02,epydemic,10000,97,4.0,0.0
scenario_02,epydemic,10000,98,3.0,0.0
scenario_02,epydemic,10000,99,3.0,0.0
scenario_02,epydemic,10000,100,3.5,0.0
scenario_02,epydemic,100000,0,,1.58
scenario_02,epydemic,100000,1,30.0,1.25
scenario_02,epydemic,100000,2,24.0,1.1666666666666667
scenario_02,epydemic,100000,3,22.0,1.1225
scenario_02,epydemic,100000,4,20.0,1.0697115384615383
scenario_02,epydemic,100000,5,21.0,1.0444664031620552
scenario_02,epydemic,100000,6,20.0,1.0
scenario_02,epydemic,100000,7,19.0,0.9532608695652174
scenario_02,epydemic,100000,8,20.0,1.0
scenario_02,epydemic,100000,9,20.0,0.9366471734892787
scenario_02,epydemic,100000,10,20.0,0.9582608695652174
scenario_02,epydemic,100000,11,20.0,0.9285714285714286
scenario_02,epydemic,100000,12,20.0,0.899749373433584
scenario_02,epydemic,100000,13,20.0,0.9166666666666666
scenario_02,epydemic,100000,14,19.0,0.8603896103896104
scenario_02,epydemic,100000,15,20.0,0.8834841628959276
scenario_02,epydemic,100000,16,20.0,0.8421052631578947
scenario_02,epydemic,100000,17,20.0,0.8888888888888888
scenario_02,epydemic,100000,18,18.0,0.8535714285714285
scenario_02,epydemic,100000,19,18.0,0.9258241758241759
scenario_02,epydemic,100000,20,18.0,0.8416666666666667
scenario_02,epydemic,100000,21,18.0,0.8047619047619048
scenario_02,epydemic,100000,22,18.5,0.8571428571428571
scenario_02,epydemic,100000,23,17.0,0.8441295546558705
scenario_02,epydemic,100000,24,16.0,0.861904761904762
scenario_02,epydemic,100000,25,17.0,0.8888888888888888
scenario_02,epydemic,100000,26,16.0,0.8571428571428571
scenario_02,epydemic,100000,27,16.0,0.8571428571428571
scenario_02,epydemic,100000,28,16.0,0.8516483516483516
scenario_02,epydemic,100000,29,16.0,0.8535714285714285
scenario_02,epydemic,100000,30,15.0,0.875
scenario_02,epydemic,100000,31,15.5,0.8397435897435898
scenario_02,epydemic,100000,32,15.0,0.8509259259259259
scenario_02,epydemic,100000,33,15.0,0.8982758620689655
scenario_02,epydemic,100000,34,14.0,0.8480769230769231
scenario_02,epydemic,100000,35,14.5,0.9
scenario_02,epydemic,100000,36,14.0,0.9045454545454545
scenario_02,epydemic,100000,37,14.0,0.7947368421052632
scenario_02,epydemic,100000,38,12.5,0.8397435897435898
scenario_02,epydemic,100000,39,14.0,0.8452380952380952
scenario_02,epydemic,100000,40,13.0,0.8284313725490196
scenario_02,epydemic,100000,41,13.0,0.861904761904762
scenario_02,epydemic,100000,42,13.0,0.8441295546558705
scenario_02,epydemic,100000,43,13.0,0.9
scenario_02,epydemic,100000,44,11.0,0.8875
scenario_02,epydemic,100000,45,12.0,0.8377192982456141
scenario_02,epydemic,100000,46,13.0,0.9090909090909091
scenario_02,epydemic,100000,47,12.0,0.8333333333333334
scenario_02,epydemic,100000,48,12.0,0.875
scenario_02,epydemic,100000,49,12.0,0.8819444444444444
scenario_02,epydemic,100000,50,12.0,0.8397435897435898
scenario_02,epydemic,100000,51,12.0,0.8819444444444444
scenario_02,epydemic,100000,52,12.0,0.8
scenario_02,epydemic,100000,53,11.0,0.8571428571428571
scenario_02,epydemic,100000,54,11.0,0.8888888888888888
scenario_02,epydemic,100000,55,11.0,0.8333333333333334
scenario_02,epydemic,100000,56,11.0,0.9409722222222222
scenario_02,epydemic,100000,57,11.0,0.8888888888888888
scenario_02,epydemic,100000,58,10.5,0.8516483516483516
scenario_02,epydemic,100000,59,10.0,0.875
scenario_02,epydemic,100000,60,10.5,0.8461538461538461
scenario_02,epydemic,100000,61,10.0,0.8284313725490196
scenario_02,epydemic,100000,62,10.0,0.8708333333333333
scenario_02,epydemic,100000,63,10.0,0.8856209150326797
scenario_02,epydemic,100000,64,10.0,0.8181818181818182
scenario_02,epydemic,100000,65,9.0,0.80625
scenario_02,epydemic,100000,66,9.0,0.7638888888888888
scenario_02,epydemic,100000,67,9.0,0.8452380952380952
scenario_02,epydemic,100000,68,9.0,0.875
scenario_02,epydemic,100000,69,9.0,0.8571428571428571
scenario_02,epydemic,100000,70,9.0,0.8786764705882353
scenario_02,epydemic,100000,71,8.0,0.8452380952380952
scenario_02,epydemic,100000,72,8.0,0.8823529411764706
scenario_02,epydemic,100000,73,8.0,0.7801932367149759
scenario_02,epydemic,100000,74,8.5,0.8181818181818182
scenario_02,epydemic,100000,75,8.0,0.8516483516483516
scenario_02,epydemic,100000,76,8.0,0.75
scenario_02,epydemic,100000,77,7.5,0.75
scenario_02,epydemic,100000,78,8.0,0.8
scenario_02,epydemic,100000,79,8.0,0.8166666666666667
scenario_02,epydemic,100000,80,8.0,0.8
scenario_02,epydemic,100000,81,8.0,0.8
scenario_02,epydemic,100000,82,7.0,0.8
scenario_02,epydemic,100000,83,7.0,0.7638888888888888
scenario_02,epydemic,100000,84,7.0,0.8166666666666667
scenario_02,epydemic,100000,85,6.0,0.875
scenario_02,epydemic,100000,86,7.0,0.75
scenario_02,epydemic,100000,87,6.0,0.7386363636363636
scenario_02,epydemic,100000,88,7.0,0.6666666666666666
scenario_02,epydemic,100000,89,6.0,0.6306818181818181
scenario_02,epydemic,100000,90,6.0,0.5714285714285714
scenario_02,epydemic,100000,91,6.0,0.6
scenario_02,epydemic,100000,92,7.0,0.4494949494949495
scenario_02,epydemic,100000,93,7.0,0.4
scenario_02,epydemic,100000,94,6.0,0.31666666666666665
scenario_02,epydemic,100000,95,6.0,0.26785714285714285
scenario_02,epydemic,100000,96,6.0,0.16666666666666666
scenario_02,epydemic,100000,97,6.0,0.0
scenario_02,epydemic,100000,98,6.0,0.0
scenario_02,epydemic,100000,99,6.0,0.0
scenario_02,epydemic,100000,100,6.0,0.0
scenario_02,individual,10000,0,,1.505
scenario_02,individual,10000,1,27.0,1.2087114337568048
scenario_02,individual,10000,2,23.0,1.1266666666666652
scenario_02,individual,10000,3,20.0,1.1306818181818201
scenario_02,individual,10000,4,19.0,1.1
scenario_02,individual,10000,5,19.0,1.108187134502925
scenario_02,individual,10000,6,19.0,1.03279569892473
scenario_02,individual,10000,7,18.0,0.9541666666666665
scenario_02,individual,10000,8,19.0,0.9375
scenario_02,individual,10000,9,18.0,1.0
scenario_02,individual,10000,10,20.0,0.9534632034632036
scenario_02,individual,10000,11,19.0,0.85
scenario_02,individual,10000,12,18.0,0.8460526315789475
scenario_02,individual,10000,13,18.0,0.875
scenario_02,individual,10000,14,18.5,0.8762626262626265
scenario_02,individual,10000,15,17.0,0.833333333333333
scenario_02,individual,10000,16,17.0,0.8397435897435895
scenario_02,individual,10000,17,18.0,0.8973684210526316
scenario_02,individual,10000,18,17.0,0.9
scenario_02,individual,10000,19,17.0,0.8
scenario_02,individual,10000,20,16.5,0.857142857142857
scenario_02,individual,10000,21,16.0,0.815340909090909
scenario_02,individual,10000,22,16.5,0.875
scenario_02,individual,10000,23,15.0,0.8786764705882355
scenario_02,individual,10000,24,15.0,0.8397435897435895
scenario_02,individual,10000,25,15.0,0.848076923076923
scenario_02,individual,10000,26,14.0,0.888544891640867
scenario_02,individual,10000,27,14.0,0.815340909090909
scenario_02,individual,10000,28,14.0,0.7958333333333335
scenario_02,individual,10000,29,14.0,0.7573529411764706
scenario_02,individual,10000,30,14.0,0.7817460317460321
scenario_02,individual,10000,31,14.0,0.823529411764706
scenario_02,individual,10000,32,13.0,0.857142857142857
scenario_02,individual,10000,33,13.0,0.7875939849624061
scenario_02,individual,10000,34,14.0,0.833333333333333
scenario_02,individual,10000,35,13.0,0.8
scenario_02,individual,10000,36,12.0,0.794736842105263
scenario_02,individual,10000,37,13.0,0.8
scenario_02,individual,10000,38,13.0,0.842105263157895
scenario_02,individual,10000,39,12.0,0.785714285714286
scenario_02,individual,10000,40,12.0,0.818181818181818
scenario_02,individual,10000,41,11.0,0.8
scenario_02,individual,10000,42,11.0,0.75
scenario_02,individual,10000,43,10.5,0.833333333333333
scenario_02,individual,10000,44,9.0,0.8
scenario_02,individual,10000,45,10.0,0.875
scenario_02,individual,10000,46,10.0,0.912878787878788
scenario_02,individual,10000,47,9.0,0.788888888888889
scenario_02,individual,10000,48,10.0,0.820855614973262
scenario_02,individual,10000,49,9.0,0.777777777777778
scenario_02,individual,10000,50,9.0,0.818181818181818
scenario_02,individual,10000,51,9.0,0.75
scenario_02,individual,10000,52,9.0,0.8166666666666665
scenario_02,individual,10000,53,8.0,0.833333333333333
scenario_02,individual,10000,54,9.0,0.8
scenario_02,individual,10000,55,8.5,0.8819444444444444
scenario_02,individual,10000,56,8.0,0.75
scenario_02,individual,10000,57,8.0,0.8166666666666665
scenario_02,individual,10000,58,9.0,0.8
scenario_02,individual,10000,59,8.0,0.833333333333333
scenario_02,individual,10000,60,8.0,0.7386363636363635
scenario_02,individual,10000,61,8.0,0.8
scenario_02,individual,10000,62,7.0,0.8875
scenario_02,individual,10000,63,7.0,0.8090909090909091
scenario_02,individual,10000,64,6.0,0.75
scenario_02,individual,10000,65,7.0,0.8516483516483515
scenario_02,individual,10000,66,7.0,0.7207792207792205
scenario_02,individual,10000,67,7.0,0.7559523809523809
scenario_02,individual,10000,68,6.0,0.75
scenario_02,individual,10000,69,6.0,0.666666666666667
scenario_02,individual,10000,70,6.0,0.8166666666666665
scenario_02,individual,10000,71,6.0,0.7846153846153845
scenario_02,individual,10000,72,6.0,0.8
scenario_02,individual,10000,73,6.5,0.833333333333333
scenario_02,individual,10000,74,5.5,0.666666666666667
scenario_02,individual,10000,75,6.0,0.725
scenario_02,individual,10000,76,5.0,0.7817460317460321
scenario_02,individual,10000,77,5.5,0.75
scenario_02,individual,10000,78,5.0,0.75
scenario_02,individual,10000,79,4.5,0.692307692307692
scenario_02,individual,10000,80,5.0,0.714285714285714
scenario_02,individual,10000,81,5.0,0.866666666666667
scenario_02,individual,10000,82,5.0,0.666666666666667
scenario_02,individual,10000,83,5.0,0.666666666666667
scenario_02,individual,10000,84,4.0,0.666666666666667
scenario_02,individual,10000,85,5.0,0.5916666666666666
scenario_02,individual,10000,86,4.0,0.6
scenario_02,individual,10000,87,5.0,0.527777777777778
scenario_02,individual,10000,88,4.0,0.5
scenario_02,individual,10000,89,4.0,0.5
scenario_02,individual,10000,90,4.0,0.5
scenario_02,individual,10000,91,4.0,0.428571428571429
scenario_02,individual,10000,92,4.0,0.4642857142857145
scenario_02,individual,10000,93,4.0,0.26136363636363646
scenario_02,individual,10000,94,4.0,0.25
scenario_02,individual,10000,95,3.0,0.166666666666667
scenario_02,individual,10000,96,3.0,0
scenario_02,individual,10000,97,4.0,0.0
scenario_02,individual,10000,98,3.0,0.0
scenario_02,individual,10000,99,3.0,0
scenario_02,individual,10000,100,3.0,0.0
scenario_02,individual,100000,0,,1.54
scenario_02,individual,100000,1,28.0,1.20344827586207
scenario_02,individual,100000,2,24.0,1.2
scenario_02,individual,100000,3,20.0,1.180194805194805
scenario_02,individual,100000,4,19.5,1.07692307692308
scenario_02,individual,100000,5,19.0,1.040064102564105
scenario_02,individual,100000,6,18.0,0.9572727272727275
scenario_02,individual,100000,7,19.0,1.041739130434785
scenario_02,individual,100000,8,19.0,1.0
scenario_02,individual,100000,9,19.0,0.909090909090909
scenario_02,individual,100000,10,19.5,1.0
scenario_02,individual,100000,11,19.0,0.925
scenario_02,individual,100000,12,19.0,0.948148148148148
scenario_02,individual,100000,13,18.0,0.9023809523809525
scenario_02,individual,100000,14,20.0,0.923076923076923
scenario_02,individual,100000,15,19.0,0.9148550724637685
scenario_02,individual,100000,16,19.5,0.848076923076923
scenario_02,individual,100000,17,18.0,0.8441295546558705
scenario_02,individual,100000,18,18.0,0.8786764705882355
scenario_02,individual,100000,19,19.0,0.8819444444444444
scenario_02,individual,100000,20,17.0,0.8583333333333335
scenario_02,individual,100000,21,17.0,0.823529411764706
scenario_02,individual,100000,22,17.0,0.857142857142857
scenario_02,individual,100000,23,16.0,0.8304597701149425
scenario_02,individual,100000,24,17.0,0.8792270531400965
scenario_02,individual,100000,25,16.0,0.8397435897435895
scenario_02,individual,100000,26,16.0,0.875
scenario_02,individual,100000,27,15.5,0.8284313725490196
scenario_02,individual,100000,28,15.0,0.8775
scenario_02,individual,100000,29,16.0,0.888544891640867
scenario_02,individual,100000,30,16.0,0.869318181818182
scenario_02,individual,100000,31,15.0,0.8284313725490196
scenario_02,individual,100000,32,14.5,0.8660714285714285
scenario_02,individual,100000,33,14.0,0.930952380952381
scenario_02,individual,100000,34,14.0,0.912878787878788
scenario_02,individual,100000,35,13.0,0.846153846153846
scenario_02,individual,100000,36,14.0,0.8660714285714285
scenario_02,individual,100000,37,13.0,0.8944444444444445
scenario_02,individual,100000,38,14.0,0.8166666666666665
scenario_02,individual,100000,39,13.0,0.8500000000000001
scenario_02,individual,100000,40,13.0,0.857142857142857
scenario_02,individual,100000,41,12.0,0.923076923076923
scenario_02,individual,100000,42,12.0,0.8819444444444444
scenario_02,individual,100000,43,12.0,0.8944444444444445
scenario_02,individual,100000,44,12.0,0.8516483516483515
scenario_02,individual,100000,45,12.0,0.873015873015873
scenario_02,individual,100000,46,12.0,0.8633540372670805
scenario_02,individual,100000,47,11.0,0.857142857142857
scenario_02,individual,100000,48,11.0,0.783625730994152
scenario_02,individual,100000,49,12.0,0.80625
scenario_02,individual,100000,50,11.0,0.792857142857143
scenario_02,individual,100000,51,11.0,0.8090909090909091
scenario_02,individual,100000,52,11.0,0.8911764705882355
scenario_02,individual,100000,53,11.0,0.818181818181818
scenario_02,individual,100000,54,10.0,0.912878787878788
scenario_02,individual,100000,55,10.0,0.8
scenario_02,individual,100000,56,10.0,0.930952380952381
scenario_02,individual,100000,57,9.5,0.8856209150326799
scenario_02,individual,100000,58,11.0,0.8
scenario_02,individual,100000,59,10.0,1.0
scenario_02,individual,100000,60,9.0,0.8397435897435895
scenario_02,individual,100000,61,9.0,0.8660714285714285
scenario_02,individual,100000,62,9.0,0.8257575757575755
scenario_02,individual,100000,63,9.0,0.792857142857143
scenario_02,individual,100000,64,9.0,0.8
scenario_02,individual,100000,65,9.0,0.875
scenario_02,individual,100000,66,9.0,0.857142857142857
scenario_02,individual,100000,67,8.0,0.875
scenario_02,individual,100000,68,8.5,0.8
scenario_02,individual,100000,69,8.0,0.769230769230769
scenario_02,individual,100000,70,8.0,0.875
scenario_02,individual,100000,71,8.0,0.818181818181818
scenario_02,individual,100000,72,8.0,0.8
scenario_02,individual,100000,73,8.0,0.8516483516483515
scenario_02,individual,100000,74,8.0,0.8257575757575755
scenario_02,individual,100000,75,8.0,0.818181818181818
scenario_02,individual,100000,76,7.0,0.833333333333333
scenario_02,individual,100000,77,7.0,0.857142857142857
scenario_02,individual,100000,78,7.0,0.845238095238095
scenario_02,individual,100000,79,7.0,0.7638888888888891
scenario_02,individual,100000,80,7.0,0.7638888888888891
scenario_02,individual,100000,81,7.0,0.8
scenario_02,individual,100000,82,7.0,0.75
scenario_02,individual,100000,83,7.0,0.703296703296703
scenario_02,individual,100000,84,6.5,0.7735042735042735
scenario_02,individual,100000,85,7.0,0.666666666666667
scenario_02,individual,100000,86,7.0,0.777777777777778
scenario_02,individual,100000,87,6.0,0.714285714285714
scenario_02,individual,100000,88,6.0,0.666666666666667
scenario_02,individual,100000,89,6.0,0.5
scenario_02,individual,100000,90,6.0,0.5
scenario_02,individual,100000,91,6.0,0.5
scenario_02,individual,100000,92,6.0,0.4
scenario_02,individual,100000,93,6.0,0.428571428571429
scenario_02,individual,100000,94,5.0,0.2
scenario_02,individual,100000,95,5.5,0.214285714285714
scenario_02,individual,100000,96,5.0,0.157894736842105
scenario_02,individual,100000,97,5.0,0
scenario_02,individual,100000,98,4.0,0
scenario_02,individual,100000,99,6.0,0.0
scenario_02,individual,100000,100,5.0,0.0
scenario_02,ixa,10000,0,,1.52
scenario_02,ixa,10000,1,30.0,1.2204861111111112
scenario_02,ixa,10000,2,23.0,1.1339285714285714
scenario_02,ixa,10000,3,20.0,1.0555555555555556
scenario_02,ixa,10000,4,19.0,1.0909090909090908
scenario_02,ixa,10000,5,18.0,1.0
scenario_02,ixa,10000,6,20.0,1.0
scenario_02,ixa,10000,7,19.0,0.9484126984126984
scenario_02,ixa,10000,8,19.0,0.98
scenario_02,ixa,10000,9,19.0,0.8823529411764706
scenario_02,ixa,10000,10,20.0,0.8888888888888888
scenario_02,ixa,10000,11,19.0,0.899888765294772
scenario_02,ixa,10000,12,18.5,0.9023809523809524
scenario_02,ixa,10000,13,19.0,0.9090909090909091
scenario_02,ixa,10000,14,18.0,0.8284313725490196
scenario_02,ixa,10000,15,18.0,0.8819444444444444
scenario_02,ixa,10000,16,17.0,0.8548951048951049
scenario_02,ixa,10000,17,17.0,0.8480769230769231
scenario_02,ixa,10000,18,17.0,0.8125
scenario_02,ixa,10000,19,17.0,0.8535714285714285
scenario_02,ixa,10000,20,16.0,0.875
scenario_02,ixa,10000,21,17.5,0.8366666666666667
scenario_02,ixa,10000,22,16.0,0.80625
scenario_02,ixa,10000,23,15.5,0.8
scenario_02,ixa,10000,24,16.0,0.80625
scenario_02,ixa,10000,25,15.0,0.8452380952380952
scenario_02,ixa,10000,26,14.0,0.8823529411764706
scenario_02,ixa,10000,27,14.0,0.7777777777777778
scenario_02,ixa,10000,28,14.0,0.8255578093306288
scenario_02,ixa,10000,29,14.5,0.7638888888888888
scenario_02,ixa,10000,30,13.0,0.80625
scenario_02,ixa,10000,31,13.0,0.8571428571428571
scenario_02,ixa,10000,32,13.0,0.9045454545454545
scenario_02,ixa,10000,33,12.0,0.8221343873517787
scenario_02,ixa,10000,34,13.0,0.8153409090909092
scenario_02,ixa,10000,35,13.0,0.7928571428571429
scenario_02,ixa,10000,36,12.0,0.7596153846153846
scenario_02,ixa,10000,37,13.0,0.7692307692307693
scenario_02,ixa,10000,38,11.0,0.8181818181818182
scenario_02,ixa,10000,39,11.0,0.8571428571428571
scenario_02,ixa,10000,40,12.0,0.8
scenario_02,ixa,10000,41,11.0,0.8944444444444444
scenario_02,ixa,10000,42,11.0,0.875
scenario_02,ixa,10000,43,10.0,0.8090909090909091
scenario_02,ixa,10000,44,10.0,0.8333333333333334
scenario_02,ixa,10000,45,10.0,0.8
scenario_02,ixa,10000,46,10.5,0.8605769230769231
scenario_02,ixa,10000,47,10.0,0.8333333333333334
scenario_02,ixa,10000,48,11.0,0.7692307692307693
scenario_02,ixa,10000,49,10.0,0.8333333333333334
scenario_02,ixa,10000,50,9.0,0.75
scenario_02,ixa,10000,51,9.0,0.7596153846153846
scenario_02,ixa,10000,52,9.0,0.75
scenario_02,ixa,10000,53,8.5,0.7777777777777778
scenario_02,ixa,10000,54,9.0,0.8
scenario_02,ixa,10000,55,8.5,0.8516483516483516
scenario_02,ixa,10000,56,8.0,0.75
scenario_02,ixa,10000,57,8.0,0.7777777777777778
scenario_02,ixa,10000,58,8.0,0.75
scenario_02,ixa,10000,59,8.0,0.75
scenario_02,ixa,10000,60,8.0,0.8571428571428571
scenario_02,ixa,10000,61,8.0,0.8397435897435898
scenario_02,ixa,10000,62,6.0,0.8166666666666667
scenario_02,ixa,10000,63,7.0,0.8516483516483516
scenario_02,ixa,10000,64,8.0,0.8333333333333334
scenario_02,ixa,10000,65,7.0,0.775
scenario_02,ixa,10000,66,6.5,0.75
scenario_02,ixa,10000,67,7.0,0.8571428571428571
scenario_02,ixa,10000,68,7.0,0.75
scenario_02,ixa,10000,69,7.0,0.7321428571428572
scenario_02,ixa,10000,70,6.0,0.75
scenario_02,ixa,10000,71,6.0,0.8181818181818182
scenario_02,ixa,10000,72,5.0,0.8
scenario_02,ixa,10000,73,6.0,0.96875
scenario_02,ixa,10000,74,6.0,0.7777777777777778
scenario_02,ixa,10000,75,5.0,0.7692307692307693
scenario_02,ixa,10000,76,5.5,0.8166666666666667
scenario_02,ixa,10000,77,6.0,0.75
scenario_02,ixa,10000,78,6.0,0.8333333333333334
scenario_02,ixa,10000,79,6.0,0.8
scenario_02,ixa,10000,80,5.0,0.75
scenario_02,ixa,10000,81,5.0,0.8571428571428571
scenario_02,ixa,10000,82,5.0,0.7777777777777778
scenario_02,ixa,10000,83,5.0,0.75
scenario_02,ixa,10000,84,5.0,0.7083333333333333
scenario_02,ixa,10000,85,5.0,0.6547619047619048
scenario_02,ixa,10000,86,5.0,0.5857142857142856
scenario_02,ixa,10000,87,5.0,0.6666666666666666
scenario_02,ixa,10000,88,5.0,0.6201923076923077
scenario_02,ixa,10000,89,4.5,0.5
scenario_02,ixa,10000,90,5.0,0.5277777777777778
scenario_02,ixa,10000,91,4.0,0.5
scenario_02,ixa,10000,92,5.0,0.3333333333333333
scenario_02,ixa,10000,93,4.0,0.3333333333333333
scenario_02,ixa,10000,94,3.0,0.3333333333333333
scenario_02,ixa,10000,95,4.0,0.16666666666666666
scenario_02,ixa,10000,96,4.0,0.0
scenario_02,ixa,10000,97,4.0,0.0
scenario_02,ixa,10000,98,4.0,0.0
scenario_02,ixa,10000,99,4.0,0.0
scenario_02,ixa,10000,100,3.0,0.0
scenario_02,ixa,100000,0,,1.54
scenario_02,ixa,100000,1,29.0,1.2318007662835249
scenario_02,ixa,100000,2,24.0,1.161206896551724
scenario_02,ixa,100000,3,22.0,1.1835016835016834
scenario_02,ixa,100000,4,19.5,1.1017241379310345
scenario_02,ixa,100000,5,19.0,1.0
scenario_02,ixa,100000,6,19.0,1.0370879120879122
scenario_02,ixa,100000,7,19.0,1.0557275541795665
scenario_02,ixa,100000,8,20.0,1.0
scenario_02,ixa,100000,9,20.0,0.9354166666666667
scenario_02,ixa,100000,10,19.0,0.9522727272727273
scenario_02,ixa,100000,11,20.0,0.945906432748538
scenario_02,ixa,100000,12,18.0,0.9110671936758893
scenario_02,ixa,100000,13,20.0,0.9428104575163399
scenario_02,ixa,100000,14,19.0,0.893796992481203
scenario_02,ixa,100000,15,19.0,0.8125
scenario_02,ixa,100000,16,19.0,0.8518518518518519
scenario_02,ixa,100000,17,18.0,0.8944444444444444
scenario_02,ixa,100000,18,18.0,0.8441295546558705
scenario_02,ixa,100000,19,17.0,0.8944444444444444
scenario_02,ixa,100000,20,19.0,0.875
scenario_02,ixa,100000,21,17.0,0.8722826086956521
scenario_02,ixa,100000,22,18.0,0.8509259259259259
scenario_02,ixa,100000,23,17.0,0.8377192982456141
scenario_02,ixa,100000,24,17.5,0.8257575757575758
scenario_02,ixa,100000,25,17.0,0.8333333333333334
scenario_02,ixa,100000,26,16.0,0.8333333333333334
scenario_02,ixa,100000,27,16.5,0.8571428571428571
scenario_02,ixa,100000,28,15.5,0.8535714285714285
scenario_02,ixa,100000,29,16.0,0.9403508771929825
scenario_02,ixa,100000,30,16.0,0.8571428571428571
scenario_02,ixa,100000,31,16.0,0.8786764705882353
scenario_02,ixa,100000,32,15.5,0.8516483516483516
scenario_02,ixa,100000,33,15.0,0.8888888888888888
scenario_02,ixa,100000,34,15.0,0.8138528138528138
scenario_02,ixa,100000,35,14.0,0.9666666666666667
scenario_02,ixa,100000,36,14.0,0.8571428571428571
scenario_02,ixa,100000,37,14.0,0.8819444444444444
scenario_02,ixa,100000,38,14.0,0.8284313725490196
scenario_02,ixa,100000,39,14.0,0.8973684210526316
scenario_02,ixa,100000,40,14.0,0.849002849002849
scenario_02,ixa,100000,41,14.0,0.8571428571428571
scenario_02,ixa,100000,42,13.0,0.8153409090909092
scenario_02,ixa,100000,43,13.0,0.7928571428571429
scenario_02,ixa,100000,44,13.0,0.8441295546558705
scenario_02,ixa,100000,45,12.0,0.8571428571428571
scenario_02,ixa,100000,46,12.0,0.8333333333333334
scenario_02,ixa,100000,47,11.5,0.8708333333333333
scenario_02,ixa,100000,48,13.0,0.9
scenario_02,ixa,100000,49,11.0,1.0
scenario_02,ixa,100000,50,11.0,0.8888888888888888
scenario_02,ixa,100000,51,11.0,0.80625
scenario_02,ixa,100000,52,12.0,0.9115384615384616
scenario_02,ixa,100000,53,11.0,0.8944444444444444
scenario_02,ixa,100000,54,11.0,0.8571428571428571
scenario_02,ixa,100000,55,10.0,0.8229166666666667
scenario_02,ixa,100000,56,10.0,0.7735042735042735
scenario_02,ixa,100000,57,11.0,0.8516483516483516
scenario_02,ixa,100000,58,11.0,0.80625
scenario_02,ixa,100000,59,10.0,0.8888888888888888
scenario_02,ixa,100000,60,10.0,0.8284313725490196
scenario_02,ixa,100000,61,10.0,0.8777777777777778
scenario_02,ixa,100000,62,10.0,0.925
scenario_02,ixa,100000,63,11.0,0.8181818181818182
scenario_02,ixa,100000,64,9.0,0.8516483516483516
scenario_02,ixa,100000,65,9.0,0.8
scenario_02,ixa,100000,66,9.0,0.8452380952380952
scenario_02,ixa,100000,67,8.5,0.7928571428571429
scenario_02,ixa,100000,68,8.5,0.8138528138528138
scenario_02,ixa,100000,69,9.0,0.8819444444444444
scenario_02,ixa,100000,70,8.0,0.8944444444444444
scenario_02,ixa,100000,71,8.0,0.9090909090909091
scenario_02,ixa,100000,72,9.0,0.7303030303030302
scenario_02,ixa,100000,73,8.5,0.9222222222222223
scenario_02,ixa,100000,74,8.0,0.8571428571428571
scenario_02,ixa,100000,75,8.0,0.8
scenario_02,ixa,100000,76,8.0,0.7386363636363636
scenario_02,ixa,100000,77,7.0,0.788888888888889
scenario_02,ixa,100000,78,8.0,0.8
scenario_02,ixa,100000,79,7.0,0.75
scenario_02,ixa,100000,80,7.0,0.7559523809523809
scenario_02,ixa,100000,81,7.0,0.75
scenario_02,ixa,100000,82,7.0,0.7638888888888888
scenario_02,ixa,100000,83,7.0,0.8541666666666667
scenario_02,ixa,100000,84,7.0,0.75
scenario_02,ixa,100000,85,7.0,0.7142857142857143
scenario_02,ixa,100000,86,6.0,0.6904761904761905
scenario_02,ixa,100000,87,7.0,0.7142857142857143
scenario_02,ixa,100000,88,6.0,0.6666666666666666
scenario_02,ixa,100000,89,6.0,0.6458333333333333
scenario_02,ixa,100000,90,6.5,0.5
scenario_02,ixa,100000,91,6.0,0.5714285714285714
scenario_02,ixa,100000,92,6.5,0.5
scenario_02,ixa,100000,93,6.0,0.3333333333333333
scenario_02,ixa,100000,94,6.0,0.30952380952380953
scenario_02,ixa,100000,95,6.0,0.25
scenario_02,ixa,100000,96,6.0,0.1111111111111111
scenario_02,ixa,100000,97,5.0,0.0
scenario_02,ixa,100000,98,6.0,0.0
scenario_02,ixa,100000,99,5.0,0.0
scenario_02,ixa,100000,100,5.0,0.0
scenario_02,starsim,10000,0,,1.55
scenario_02,starsim,10000,1,0.0,
scenario_02,starsim,10000,2,5.5,1.0714285714285714
scenario_02,starsim,10000,3,10.0,1.2403846153846154
scenario_02,starsim,10000,4,13.0,1.1055555555555556
scenario_02,starsim,10000,5,14.0,1.1213235294117647
scenario_02,starsim,10000,6,15.0,1.0909090909090908
scenario_02,starsim,10000,7,17.0,1.0606617647058822
scenario_02,starsim,10000,8,19.0,1.0
scenario_02,starsim,10000,9,18.0,1.0
scenario_02,starsim,10000,10,18.5,0.9411764705882353
scenario_02,starsim,10000,11,19.0,1.0
scenario_02,starsim,10000,12,19.0,0.9354166666666667
scenario_02,starsim,10000,13,19.0,1.0
scenario_02,starsim,10000,14,18.0,0.9145454545454546
scenario_02,starsim,10000,15,19.0,0.8775
scenario_02,starsim,10000,16,19.0,0.8377192982456141
scenario_02,starsim,10000,17,18.0,0.8535714285714285
scenario_02,starsim,10000,18,18.0,0.8605769230769231
scenario_02,starsim,10000,19,18.0,0.8681159420289855
scenario_02,starsim,10000,20,18.0,0.8968253968253967
scenario_02,starsim,10000,21,19.0,0.8333333333333334
scenario_02,starsim,10000,22,16.0,0.8516483516483516
scenario_02,starsim,10000,23,16.5,0.8153409090909092
scenario_02,starsim,10000,24,17.0,0.9083333333333333
scenario_02,starsim,10000,25,16.0,0.849624060150376
scenario_02,starsim,10000,26,16.0,0.8248081841432224
scenario_02,starsim,10000,27,17.0,0.8535714285714285
scenario_02,starsim,10000,28,15.0,0.8333333333333334
scenario_02,starsim,10000,29,16.0,0.8333333333333334
scenario_02,starsim,10000,30,15.0,0.8235294117647058
scenario_02,starsim,10000,31,14.0,0.8257575757575758
scenario_02,starsim,10000,32,14.0,0.8603896103896104
scenario_02,starsim,10000,33,14.5,0.8257575757575758
scenario_02,starsim,10000,34,14.0,0.8397435897435898
scenario_02,starsim,10000,35,14.0,0.8571428571428571
scenario_02,starsim,10000,36,13.0,0.7976190476190477
scenario_02,starsim,10000,37,12.0,0.8047619047619048
scenario_02,starsim,10000,38,13.0,0.8697478991596639
scenario_02,starsim,10000,39,13.0,0.7596153846153846
scenario_02,starsim,10000,40,13.0,0.8333333333333334
scenario_02,starsim,10000,41,13.0,0.8660714285714286
scenario_02,starsim,10000,42,12.0,0.7928571428571429
scenario_02,starsim,10000,43,11.0,0.8708333333333333
scenario_02,starsim,10000,44,11.0,0.7857142857142857
scenario_02,starsim,10000,45,12.0,0.820855614973262
scenario_02,starsim,10000,46,11.0,0.8722826086956521
scenario_02,starsim,10000,47,10.0,0.8333333333333334
scenario_02,starsim,10000,48,10.5,0.7596153846153846
scenario_02,starsim,10000,49,10.0,0.75
scenario_02,starsim,10000,50,10.0,0.875
scenario_02,starsim,10000,51,10.0,0.8856209150326797
scenario_02,starsim,10000,52,10.0,0.8823529411764706
scenario_02,starsim,10000,53,10.0,0.8
scenario_02,starsim,10000,54,10.0,0.8452380952380952
scenario_02,starsim,10000,55,9.0,0.7928571428571429
scenario_02,starsim,10000,56,9.0,0.7928571428571429
scenario_02,starsim,10000,57,9.0,0.8
scenario_02,starsim,10000,58,9.0,0.8333333333333334
scenario_02,starsim,10000,59,8.5,0.7817460317460317
scenario_02,starsim,10000,60,7.5,0.7735042735042735
scenario_02,starsim,10000,61,9.0,0.8
scenario_02,starsim,10000,62,8.0,0.8285714285714285
scenario_02,starsim,10000,63,9.0,0.7777777777777778
scenario_02,starsim,10000,64,8.0,0.6666666666666666
scenario_02,starsim,10000,65,7.0,0.7142857142857143
scenario_02,starsim,10000,66,8.0,0.8
scenario_02,starsim,10000,67,8.0,0.7777777777777778
scenario_02,starsim,10000,68,7.0,0.75
scenario_02,starsim,10000,69,7.0,0.7142857142857143
scenario_02,starsim,10000,70,7.0,0.75
scenario_02,starsim,10000,71,7.0,0.7
scenario_02,starsim,10000,72,6.5,0.7386363636363636
scenario_02,starsim,10000,73,7.0,0.788888888888889
scenario_02,starsim,10000,74,6.0,0.8
scenario_02,starsim,10000,75,7.0,0.9642857142857143
scenario_02,starsim,10000,76,6.0,0.7777777777777778
scenario_02,starsim,10000,77,7.0,0.75
scenario_02,starsim,10000,78,6.0,0.8012820512820513
scenario_02,starsim,10000,79,6.0,0.6666666666666666
scenario_02,starsim,10000,80,5.0,0.7
scenario_02,starsim,10000,81,6.0,0.7777777777777778
scenario_02,starsim,10000,82,5.5,0.6666666666666666
scenario_02,starsim,10000,83,5.0,0.6666666666666666
scenario_02,starsim,10000,84,5.0,0.6666666666666666
scenario_02,starsim,10000,85,5.0,0.7142857142857143
scenario_02,starsim,10000,86,4.5,0.6666666666666666
scenario_02,starsim,10000,87,5.0,0.6666666666666666
scenario_02,starsim,10000,88,5.0,0.5714285714285714
scenario_02,starsim,10000,89,5.0,0.4
scenario_02,starsim,10000,90,4.0,0.5
scenario_02,starsim,10000,91,4.0,0.4
scenario_02,starsim,10000,92,4.0,0.5
scenario_02,starsim,10000,93,4.0,0.4
scenario_02,starsim,10000,94,4.0,0.3
scenario_02,starsim,10000,95,4.0,0.25
scenario_02,starsim,10000,96,4.0,0.14285714285714285
scenario_02,starsim,10000,97,4.0,0.0
scenario_02,starsim,10000,98,3.5,0.0
scenario_02,starsim,10000,99,3.0,0.0
scenario_02,starsim,10000,100,4.0,0.0
scenario_02,starsim,100000,0,,1.59
scenario_02,starsim,100000,1,0.0,
scenario_02,starsim,100000,2,6.0,1.25
scenario_02,starsim,100000,3,11.0,1.244047619047619
scenario_02,starsim,100000,4,14.0,1.2817460317460316
scenario_02,starsim,100000,5,15.0,1.19375
scenario_02,starsim,100000,6,17.0,1.15
scenario_02,starsim,100000,7,17.0,1.0477272727272728
scenario_02,starsim,100000,8,18.0,1.0
scenario_02,starsim,100000,9,18.0,1.0645833333333332
scenario_02,starsim,100000,10,20.0,1.0455486542443064
scenario_02,starsim,100000,11,20.5,1.0
scenario_02,starsim,100000,12,19.0,0.9090909090909091
scenario_02,starsim,100000,13,20.0,0.9555335968379447
scenario_02,starsim,100000,14,20.0,0.9
scenario_02,starsim,100000,15,20.0,0.936105476673428
scenario_02,starsim,100000,16,20.0,0.8603896103896104
scenario_02,starsim,100000,17,21.0,0.9083333333333333
scenario_02,starsim,100000,18,20.0,0.8995098039215685
scenario_02,starsim,100000,19,21.0,0.8888888888888888
scenario_02,starsim,100000,20,20.0,0.9230769230769231
scenario_02,starsim,100000,21,19.0,0.8571428571428571
scenario_02,starsim,100000,22,18.0,0.8923076923076922
scenario_02,starsim,100000,23,18.0,0.8856209150326797
scenario_02,starsim,100000,24,18.0,0.8268365817091454
scenario_02,starsim,100000,25,18.0,0.8333333333333334
scenario_02,starsim,100000,26,18.0,0.8564102564102565
scenario_02,starsim,100000,27,18.0,0.9
scenario_02,starsim,100000,28,17.0,0.8410526315789473
scenario_02,starsim,100000,29,17.5,0.8681159420289855
scenario_02,starsim,100000,30,16.0,0.9330357142857143
scenario_02,starsim,100000,31,17.0,0.8968253968253967
scenario_02,starsim,100000,32,16.0,0.8153409090909092
scenario_02,starsim,100000,33,16.0,0.8164983164983165
scenario_02,starsim,100000,34,15.0,0.8777777777777778
scenario_02,starsim,100000,35,17.0,0.861904761904762
scenario_02,starsim,100000,36,15.0,0.8461538461538461
scenario_02,starsim,100000,37,15.0,0.8461538461538461
scenario_02,starsim,100000,38,14.0,0.8697478991596639
scenario_02,starsim,100000,39,14.0,0.9285714285714286
scenario_02,starsim,100000,40,14.0,0.8192934782608696
scenario_02,starsim,100000,41,14.0,0.8571428571428571
scenario_02,starsim,100000,42,15.0,0.9148550724637681
scenario_02,starsim,100000,43,14.5,0.861904761904762
scenario_02,starsim,100000,44,13.0,0.9372549019607843
scenario_02,starsim,100000,45,12.0,0.9444444444444444
scenario_02,starsim,100000,46,14.0,0.8441295546558705
scenario_02,starsim,100000,47,14.0,0.8571428571428571
scenario_02,starsim,100000,48,13.0,0.8856209150326797
scenario_02,starsim,100000,49,13.0,0.8441295546558705
scenario_02,starsim,100000,50,13.0,0.8571428571428571
scenario_02,starsim,100000,51,13.0,0.8535714285714285
scenario_02,starsim,100000,52,13.0,0.8333333333333334
scenario_02,starsim,100000,53,12.0,0.8333333333333334
scenario_02,starsim,100000,54,11.0,0.8571428571428571
scenario_02,starsim,100000,55,11.0,0.8090909090909091
scenario_02,starsim,100000,56,11.0,0.8571428571428571
scenario_02,starsim,100000,57,11.5,0.8
scenario_02,starsim,100000,58,11.0,0.8090909090909091
scenario_02,starsim,100000,59,11.0,0.8333333333333334
scenario_02,starsim,100000,60,11.0,0.861904761904762
scenario_02,starsim,100000,61,10.0,0.8333333333333334
scenario_02,starsim,100000,62,11.0,0.8605769230769231
scenario_02,starsim,100000,63,11.0,0.8708333333333333
scenario_02,starsim,100000,64,10.0,0.8
scenario_02,starsim,100000,65,10.0,0.8819444444444444
scenario_02,starsim,100000,66,11.0,0.8571428571428571
scenario_02,starsim,100000,67,9.0,0.80625
scenario_02,starsim,100000,68,9.5,0.7817460317460317
scenario_02,starsim,100000,69,10.0,0.8461538461538461
scenario_02,starsim,100000,70,9.0,0.8660714285714286
scenario_02,starsim,100000,71,8.5,0.875
scenario_02,starsim,100000,72,9.0,0.7777777777777778
scenario_02,starsim,100000,73,8.0,0.9
scenario_02,starsim,100000,74,9.0,0.8257575757575758
scenario_02,starsim,100000,75,9.0,0.8181818181818182
scenario_02,starsim,100000,76,9.0,0.8
scenario_02,starsim,100000,77,8.0,0.8257575757575758
scenario_02,starsim,100000,78,8.0,0.8333333333333334
scenario_02,starsim,100000,79,8.0,0.8452380952380952
scenario_02,starsim,100000,80,8.0,0.75
scenario_02,starsim,100000,81,8.0,0.7321428571428572
scenario_02,starsim,100000,82,8.0,0.8333333333333334
scenario_02,starsim,100000,83,7.0,0.7321428571428572
scenario_02,starsim,100000,84,7.0,0.7777777777777778
scenario_02,starsim,100000,85,8.0,0.8166666666666667
scenario_02,starsim,100000,86,8.0,0.6666666666666666
scenario_02,starsim,100000,87,6.0,0.6666666666666666
scenario_02,starsim,100000,88,7.0,0.6360294117647058
scenario_02,starsim,100000,89,7.0,0.5833333333333334
scenario_02,starsim,100000,90,7.0,0.7
scenario_02,starsim,100000,91,7.0,0.5555555555555556
scenario_02,starsim,100000,92,7.0,0.4444444444444444
scenario_02,starsim,100000,93,6.0,0.4166666666666667
scenario_02,starsim,100000,94,7.0,0.3333333333333333
scenario_02,starsim,100000,95,6.5,0.3
scenario_02,starsim,100000,96,6.5,0.19090909090909092
scenario_02,starsim,100000,97,6.5,0.125
scenario_02,starsim,100000,98,7.0,0.0
scenario_02,starsim,100000,99,6.0,0.0
scenario_02,starsim,100000,100,6.0,0.0
