scenario,engine,engine_version,n,days,replicate,seed,network_sha256,network_edges,mean_degree,target_r0,transmission_multiplier,setup_seconds,simulate_seconds,total_seconds,final_susceptible,final_exposed,final_infected,final_hospitalized,final_recovered,peak_hospitalized,vaccinated,vaccine_protected,fingerprint,timestamp_utc
scenario_00,EoN,1.92,1000,10,1,8675310,7635ee4af91779574edf0c51b32dfc52852948c78f93ddb8b67c2c94252c023d,5000,10.0,2.0,1.0,0.005543236999073997,0.0024542860046494752,0.007997523003723472,978,4,3,0,15,1,,,d3433c6599faa6105d234a65777914b90b0403079e6ccb4d3f291080768730bb,2026-09-23T18:41:49.281885+00:00
scenario_00,EoN,1.92,10000,100,1,8675310,a81eb8a7b4c49dbd245a57ae13561b313c2c060fc6f00249c6dda8fb36336134,50000,10.0,2.0,1.0,0.0523482839926146,0.08526682999217883,0.13761511398479342,5982,140,223,11,3644,22,,,3d9ee5c48a966cfc3e24557a7fb52a8faa7b86bb43525051e3f7df45d098f9ed,2026-09-23T19:28:10.041710+00:00
scenario_00,EoN,1.92,10000,100,2,8675311,a81eb8a7b4c49dbd245a57ae13561b313c2c060fc6f00249c6dda8fb36336134,50000,10.0,2.0,1.0,0.05197553301695734,0.07474264898337424,0.12671818200033158,6606,107,190,6,3091,18,,,a241c65d37f5f34216e10e2fb679754f06f12f1c8da70242f4ec6d17d89d6112,2026-09-23T19:28:10.587710+00:00
scenario_00,EoN,1.92,10000,100,3,8675312,a81eb8a7b4c49dbd245a57ae13561b313c2c060fc6f00249c6dda8fb36336134,50000,10.0,2.0,1.0,0.05298961800872348,0.07223743697977625,0.12522705498849973,6773,98,174,12,2943,19,,,22112c7832206a23d6d11d0c731398a2b46f716732956b02c9ede287a754f9a9,2026-09-23T19:28:11.125632+00:00
scenario_00,EoN,1.92,10000,100,4,8675313,a81eb8a7b4c49dbd245a57ae13561b313c2c060fc6f00249c6dda8fb36336134,50000,10.0,2.0,1.0,0.052667241980088875,0.08413982900674455,0.13680707098683342,6244,116,234,13,3393,19,,,781b9b15a5ee17415ffafacaf595896fbc4310507fee7f09218e41342d02fb0f,2026-09-23T19:28:11.678013+00:00
scenario_00,EoN,1.92,10000,100,5,8675314,a81eb8a7b4c49dbd245a57ae13561b313c2c060fc6f00249c6dda8fb36336134,50000,10.0,2.0,1.0,0.052083699993090704,0.0776402780029457,0.1297239779960364,6458,123,170,11,3238,19,,,a02e1f614b9821b1f2d557ab4e49f3d3d99cdb80173d17535d42184f2802ee0f,2026-09-23T19:28:12.231508+00:00
scenario_00,EoN,1.92,10000,100,6,8675315,a81eb8a7b4c49dbd245a57ae13561b313c2c060fc6f00249c6dda8fb36336134,50000,10.0,2.0,1.0,0.05205515900161117,0.07325035499525256,0.12530551399686374,6636,130,196,8,3030,16,,,131819438e64f17e4b94c1efad8cd7b44c4d10989e86af81f870793335d14ad3,2026-09-23T19:28:12.776646+00:00
scenario_00,EoN,1.92,10000,100,7,8675316,a81eb8a7b4c49dbd245a57ae13561b313c2c060fc6f00249c6dda8fb36336134,50000,10.0,2.0,1.0,0.05070590597460978,0.08562241500476375,0.13632832097937353,6037,131,248,17,3567,24,,,879092333437d6c36c0a89fc6ad9a0c5c58d02153a201cbd6b2197557eabf74f,2026-09-23T19:28:13.346942+00:00
scenario_00,EoN,1.92,10000,100,8,8675317,a81eb8a7b4c49dbd245a57ae13561b313c2c060fc6f00249c6dda8fb36336134,50000,10.0,2.0,1.0,0.06953476497437805,0.0869947090104688,0.15652947398484685,6358,106,190,15,3331,17,,,bfe0ebee5186d2e744585b49e9b93896f5e5c4b013e32d0884817f6680f924da,2026-09-23T19:28:13.942649+00:00
scenario_00,EoN,1.92,10000,100,9,8675318,a81eb8a7b4c49dbd245a57ae13561b313c2c060fc6f00249c6dda8fb36336134,50000,10.0,2.0,1.0,0.0527358679973986,0.09738076498615555,0.15011663298355415,5607,182,320,10,3881,24,,,7032b0bddd011c89701ad41ccb972f4c8f835fca022d68da6c9b7d66ed5c89ca,2026-09-23T19:28:14.538868+00:00
scenario_00,EoN,1.92,10000,100,10,8675319,a81eb8a7b4c49dbd245a57ae13561b313c2c060fc6f00249c6dda8fb36336134,50000,10.0,2.0,1.0,0.05210894902120344,0.09758634900208563,0.14969529802328907,5487,126,266,15,4106,26,,,ca288e228da239facd548bb0673e59de1b7eb6fe12bb5c6a04fe77cec703e4d7,2026-09-23T19:28:15.145861+00:00
scenario_00,EoN,1.92,10000,100,11,8675320,a81eb8a7b4c49dbd245a57ae13561b313c2c060fc6f00249c6dda8fb36336134,50000,10.0,2.0,1.0,0.052372867008671165,0.08035915700020269,0.13273202400887385,6404,111,191,11,3283,18,,,6bf0f588d2df1a9da5015e665f39fa6bc3bbfa063eafedb08a90ff9068bf0f0d,2026-09-23T19:28:15.719908+00:00
scenario_00,EoN,1.92,10000,100,12,8675321,a81eb8a7b4c49dbd245a57ae13561b313c2c060fc6f00249c6dda8fb36336134,50000,10.0,2.0,1.0,0.0535609939834103,0.07779532001586631,0.1313563139992766,6645,126,218,7,3004,18,,,5f3b4c7b1bd4085b51543b396d69328adc72fd64c2a7061976c2f787eace8ab1,2026-09-23T19:28:16.293775+00:00
scenario_00,EoN,1.92,10000,100,13,8675322,a81eb8a7b4c49dbd245a57ae13561b313c2c060fc6f00249c6dda8fb36336134,50000,10.0,2.0,1.0,0.054674411978339776,0.0870057920110412,0.14168020398938097,6131,121,218,12,3518,20,,,48def7b3e2f5c5ecbd561f276fa1174cc0fbc88597b2e721ecc762a3006d4146,2026-09-23T19:28:16.877413+00:00
scenario_00,EoN,1.92,10000,100,14,8675323,a81eb8a7b4c49dbd245a57ae13561b313c2c060fc6f00249c6dda8fb36336134,50000,10.0,2.0,1.0,0.05439599498640746,0.08933233699644916,0.14372833198285662,5974,150,275,19,3582,22,,,1ca591c98a575588dea33dc12473db471a40154afa91a4cb629e21f90b540fd6,2026-09-23T19:28:17.466302+00:00
scenario_00,EoN,1.92,10000,100,15,8675324,a81eb8a7b4c49dbd245a57ae13561b313c2c060fc6f00249c6dda8fb36336134,50000,10.0,2.0,1.0,0.05501599601120688,0.08949308699811809,0.14450908300932497,6086,139,251,10,3514,26,,,3c188d3236988ec3dc107874462412d8645d247e79176f3c3f9d3a4f7228a639,2026-09-23T19:28:18.052105+00:00
scenario_00,EoN,1.92,10000,100,16,8675325,a81eb8a7b4c49dbd245a57ae13561b313c2c060fc6f00249c6dda8fb36336134,50000,10.0,2.0,1.0,0.053728076978586614,0.07768011200823821,0.13140818898682483,6622,122,224,15,3017,20,,,8abb90cd0c1dc18134a9f4e930a1f4e1b3b9f823911426f96241283d2a5f994f,2026-09-23T19:28:18.626617+00:00
scenario_00,EoN,1.92,10000,100,17,8675326,a81eb8a7b4c49dbd245a57ae13561b313c2c060fc6f00249c6dda8fb36336134,50000,10.0,2.0,1.0,0.05610928899841383,0.09847001600428484,0.15457930500269867,5801,115,226,7,3851,23,,,93540f70e8a049eac5a89c97cf0ebd16d7f173510570bd233c3ead8423e7e893,2026-09-23T19:28:19.222161+00:00
scenario_00,EoN,1.92,10000,100,18,8675327,a81eb8a7b4c49dbd245a57ae13561b313c2c060fc6f00249c6dda8fb36336134,50000,10.0,2.0,1.0,0.0583889179979451,0.08714870800031349,0.1455376259982586,6518,136,256,12,3078,16,,,490ff4fa433d9052ef63282e991d5462dc6017800a74fd58e32c6799b3d1023f,2026-09-23T19:28:19.811884+00:00
scenario_00,EoN,1.92,10000,100,19,8675328,a81eb8a7b4c49dbd245a57ae13561b313c2c060fc6f00249c6dda8fb36336134,50000,10.0,2.0,1.0,0.05278328401618637,0.08052457400481217,0.13330785802099854,6549,105,163,11,3172,21,,,00e0602cae4d64503d5f142434c2a3d23be60357a3da8f607b02311824368933,2026-09-23T19:28:20.426703+00:00
scenario_00,EoN,1.92,10000,100,20,8675329,a81eb8a7b4c49dbd245a57ae13561b313c2c060fc6f00249c6dda8fb36336134,50000,10.0,2.0,1.0,0.05421695302356966,0.09741797298192978,0.15163492600549944,5683,156,242,7,3912,25,,,a743ff180a4ed3ee2b9c7695a1045bc14a3da4edd5f56230dec6791c928c737b,2026-09-23T19:28:21.018846+00:00
scenario_00,EoN,1.92,10000,100,21,8675330,a81eb8a7b4c49dbd245a57ae13561b313c2c060fc6f00249c6dda8fb36336134,50000,10.0,2.0,1.0,0.05295457600732334,0.08136903398553841,0.13432360999286175,6397,98,195,10,3300,23,,,f7014d6c245f020fdbbe1d78fbe0e7a660c7a6cc2f6c5e6672bf37c34f60605a,2026-09-23T19:28:21.589647+00:00
scenario_00,EoN,1.92,10000,100,22,8675331,a81eb8a7b4c49dbd245a57ae13561b313c2c060fc6f00249c6dda8fb36336134,50000,10.0,2.0,1.0,0.054452327953185886,0.07680456902016886,0.13125689697335474,6559,153,241,11,3036,20,,,f8bc1be0ec06c326975b6a3dedeffd7bc4f84dac58cdf51ab1e87c8dc1d66937,2026-09-23T19:28:22.160807+00:00
scenario_00,EoN,1.92,10000,100,23,8675332,a81eb8a7b4c49dbd245a57ae13561b313c2c060fc6f00249c6dda8fb36336134,50000,10.0,2.0,1.0,0.052043658011825755,0.08790758499526419,0.13995124300708994,5909,111,202,9,3769,24,,,9b49124948b7607b94aab31a9983f0a4958fcc1d507bced8df8693ca2362b253,2026-09-23T19:28:22.741108+00:00
scenario_00,EoN,1.92,10000,100,24,8675333,a81eb8a7b4c49dbd245a57ae13561b313c2c060fc6f00249c6dda8fb36336134,50000,10.0,2.0,1.0,0.05539607902755961,0.10055260299122892,0.15594868201878853,5105,153,283,19,4440,25,,,4d959a45dc1d289038444eb75bb2904f73151e525976b9bb9ef3cb6fd18d0227,2026-09-23T19:28:23.338711+00:00
scenario_00,EoN,1.92,10000,100,25,8675334,a81eb8a7b4c49dbd245a57ae13561b313c2c060fc6f00249c6dda8fb36336134,50000,10.0,2.0,1.0,0.049188154021976516,0.07681019400479272,0.12599834802676924,6471,97,169,7,3256,20,,,c31b2227ae7a3b605e8637f82a1e9190f1955620d64265280a322df298810b46,2026-09-23T19:28:23.874358+00:00
scenario_00,EoN,1.92,10000,100,26,8675335,a81eb8a7b4c49dbd245a57ae13561b313c2c060fc6f00249c6dda8fb36336134,50000,10.0,2.0,1.0,0.048571986000752077,0.07388743999763392,0.122459425998386,6624,90,158,10,3118,25,,,9efe07b1fc60a7c7bc1e33755ad48134992decee6e402eb1354e45544ea6787e,2026-09-23T19:28:24.398094+00:00
scenario_00,EoN,1.92,10000,100,27,8675336,a81eb8a7b4c49dbd245a57ae13561b313c2c060fc6f00249c6dda8fb36336134,50000,10.0,2.0,1.0,0.04963040503207594,0.09226642397698015,0.1418968290090561,5654,150,251,17,3928,27,,,809751dbc49c26c3dd7e1a217275179b6ab9fde8806b4ca39352c7aaf9292f46,2026-09-23T19:28:24.948125+00:00
scenario_00,EoN,1.92,10000,100,28,8675337,a81eb8a7b4c49dbd245a57ae13561b313c2c060fc6f00249c6dda8fb36336134,50000,10.0,2.0,1.0,0.05573903798358515,0.08875783599796705,0.1444968739815522,5982,139,256,14,3609,19,,,f006489c44057f619d1f83c3d94f5f6a12c4e291e18ef115dbbdfe9065ed8fcd,2026-09-23T19:28:25.504548+00:00
scenario_00,EoN,1.92,10000,100,29,8675338,a81eb8a7b4c49dbd245a57ae13561b313c2c060fc6f00249c6dda8fb36336134,50000,10.0,2.0,1.0,0.048602111026411876,0.08519045598222874,0.13379256700864062,5994,143,270,16,3577,19,,,476bb510d9490704009c514f62ab4d06e9e7d44bdec1155d01f0a4e3e0c68bae,2026-09-23T19:28:26.041211+00:00
scenario_00,EoN,1.92,10000,100,30,8675339,a81eb8a7b4c49dbd245a57ae13561b313c2c060fc6f00249c6dda8fb36336134,50000,10.0,2.0,1.0,0.05832145898602903,0.08392274600919336,0.1422442049952224,6229,120,229,11,3411,19,,,917d2e5406074f3ba7c077bbfe599eb256c35e03f2ec2c9288d0c700c10a8a59,2026-09-23T19:28:26.636328+00:00
scenario_00,EoN,1.92,10000,100,31,8675340,a81eb8a7b4c49dbd245a57ae13561b313c2c060fc6f00249c6dda8fb36336134,50000,10.0,2.0,1.0,0.05107123899506405,0.07707186101470143,0.12814310000976548,6443,137,207,10,3203,19,,,00fb626de699a9a8f7009c0db9d92fd69bc84f717b03a7341826bbe36492b838,2026-09-23T19:28:27.187229+00:00
scenario_00,EoN,1.92,10000,100,32,8675341,a81eb8a7b4c49dbd245a57ae13561b313c2c060fc6f00249c6dda8fb36336134,50000,10.0,2.0,1.0,0.05135715700453147,0.07803581998450682,0.1293929769890383,6375,138,240,9,3238,28,,,9520160d3446d406e22cbbaf996c4e1ba41b3bfee26668afc18ad250c769c9a0,2026-09-23T19:28:27.732228+00:00
scenario_00,EoN,1.92,10000,100,33,8675342,a81eb8a7b4c49dbd245a57ae13561b313c2c060fc6f00249c6dda8fb36336134,50000,10.0,2.0,1.0,0.053462660987861454,0.08532028901390731,0.13878295000176877,5936,125,253,5,3681,26,,,803f6f85142f03c1c5184f5e4099c76cd2cea2849cdbbbeab1999793f7f73f69,2026-09-23T19:28:28.312889+00:00
scenario_00,EoN,1.92,10000,100,34,8675343,a81eb8a7b4c49dbd245a57ae13561b313c2c060fc6f00249c6dda8fb36336134,50000,10.0,2.0,1.0,0.050316113978624344,0.0887113360222429,0.13902745000086725,5664,145,273,10,3908,24,,,10fd5cc6c549baa18b002c1975ad980488ce7a124e870662ea91fdab92fdfaa6,2026-09-23T19:28:28.858524+00:00
scenario_00,EoN,1.92,10000,100,35,8675344,a81eb8a7b4c49dbd245a57ae13561b313c2c060fc6f00249c6dda8fb36336134,50000,10.0,2.0,1.0,0.051557906990638,0.08280703600030392,0.13436494299094193,6134,123,218,6,3519,21,,,8bea2ac9a72ff2d379cc542197a851a05e4052835e7fb635bdda75a3753c04db,2026-09-23T19:28:29.400332+00:00
scenario_00,EoN,1.92,10000,100,36,8675345,a81eb8a7b4c49dbd245a57ae13561b313c2c060fc6f00249c6dda8fb36336134,50000,10.0,2.0,1.0,0.05529570498038083,0.07968278101179749,0.13497848599217832,6381,149,263,13,3194,21,,,3abea598d8eb07d527f5f4c8f37e1901b7d7464b091612b6c4651a0eee2329d2,2026-09-23T19:28:29.946448+00:00
scenario_00,EoN,1.92,10000,100,37,8675346,a81eb8a7b4c49dbd245a57ae13561b313c2c060fc6f00249c6dda8fb36336134,50000,10.0,2.0,1.0,0.06104429601691663,0.08506012198631652,0.14610441800323315,5976,159,266,13,3586,26,,,8794248ad430cb777eb57b89d1c081e6d4a81036bbd150bddae7eff86154e59d,2026-09-23T19:28:30.520894+00:00
scenario_00,EoN,1.92,10000,100,38,8675347,a81eb8a7b4c49dbd245a57ae13561b313c2c060fc6f00249c6dda8fb36336134,50000,10.0,2.0,1.0,0.05416582798352465,0.08956921202479862,0.14373504000832327,5898,121,222,12,3747,24,,,030f08cd603ae0ec33d87283c21c669ae438add5ab7fc098c576d77add2eac8e,2026-09-23T19:28:31.099152+00:00
scenario_00,EoN,1.92,10000,100,39,8675348,a81eb8a7b4c49dbd245a57ae13561b313c2c060fc6f00249c6dda8fb36336134,50000,10.0,2.0,1.0,0.05947971102432348,0.0766209430003073,0.13610065402463078,6510,118,219,12,3141,21,,,7acec41c2371954af5f66161b8c9fff74ddbc3cd89bdf94868ba36a2e30385d7,2026-09-23T19:28:31.673256+00:00
scenario_00,EoN,1.92,10000,100,40,8675349,a81eb8a7b4c49dbd245a57ae13561b313c2c060fc6f00249c6dda8fb36336134,50000,10.0,2.0,1.0,0.055002745997626334,0.08444203800172545,0.13944478399935178,6010,131,204,8,3647,20,,,659ac08b451c327c35a72f8d224002e9d8ae5bcd6b2216a0d642a0a3ced561bf,2026-09-23T19:28:32.244767+00:00
scenario_00,EoN,1.92,10000,100,41,8675350,a81eb8a7b4c49dbd245a57ae13561b313c2c060fc6f00249c6dda8fb36336134,50000,10.0,2.0,1.0,0.05210207498748787,0.07223727001110092,0.12433934499858879,6765,87,180,7,2961,19,,,65c3852275abb76946c1193599468b17319762d4dc1025a27bbb6828f543b988,2026-09-23T19:28:32.791426+00:00
scenario_00,EoN,1.92,10000,100,42,8675351,a81eb8a7b4c49dbd245a57ae13561b313c2c060fc6f00249c6dda8fb36336134,50000,10.0,2.0,1.0,0.04898857098305598,0.08451237101689912,0.1335009419999551,5940,147,296,15,3602,22,,,34cb222782f5ffb32338983abd4d7ae70dcb60360034224e4aca26f86e2b9d89,2026-09-23T19:28:33.338714+00:00
scenario_00,EoN,1.92,10000,100,43,8675352,a81eb8a7b4c49dbd245a57ae13561b313c2c060fc6f00249c6dda8fb36336134,50000,10.0,2.0,1.0,0.05278511700453237,0.0819484929961618,0.13473361000069417,6149,151,219,13,3468,22,,,f54adad89cf80ea7f42f69a234fb9770ae226c50617b38ce3e1be170570b5ebf,2026-09-23T19:28:33.887317+00:00
scenario_00,EoN,1.92,10000,100,44,8675353,a81eb8a7b4c49dbd245a57ae13561b313c2c060fc6f00249c6dda8fb36336134,50000,10.0,2.0,1.0,0.05237049201969057,0.08226390997879207,0.13463440199848264,6215,134,209,15,3427,20,,,ebb3af8a01381857d2a045e342a5988703ea5a4d29fcb53e118e2eea220fc4ea,2026-09-23T19:28:34.448004+00:00
scenario_00,EoN,1.92,10000,100,45,8675354,a81eb8a7b4c49dbd245a57ae13561b313c2c060fc6f00249c6dda8fb36336134,50000,10.0,2.0,1.0,0.0540676620148588,0.07379881400265731,0.1278664760175161,6747,126,183,16,2928,23,,,b5c9c267e8f76eddfd8c9fb648c709d35ea537f03e9d28017b1ddf496bbf174f,2026-09-23T19:28:34.986314+00:00
scenario_00,EoN,1.92,10000,100,46,8675355,a81eb8a7b4c49dbd245a57ae13561b313c2c060fc6f00249c6dda8fb36336134,50000,10.0,2.0,1.0,0.050690864998614416,0.08287799399113283,0.13356885898974724,6191,141,246,8,3414,19,,,4902ff17d2b050c9eb8e91480a7b476e2a2df35a61675cfd8d021765abcedfb7,2026-09-23T19:28:35.535103+00:00
scenario_00,EoN,1.92,10000,100,47,8675356,a81eb8a7b4c49dbd245a57ae13561b313c2c060fc6f00249c6dda8fb36336134,50000,10.0,2.0,1.0,0.05913162601063959,0.08556529000634328,0.14469691601698287,6252,108,171,5,3464,21,,,fb7d8c19145404fec658616c6ef052dd211e9fa76cbc584818ccdb367bb174d2,2026-09-23T19:28:36.103877+00:00
scenario_00,EoN,1.92,10000,100,48,8675357,a81eb8a7b4c49dbd245a57ae13561b313c2c060fc6f00249c6dda8fb36336134,50000,10.0,2.0,1.0,0.05169894898426719,0.08511633099988103,0.13681527998414822,6052,109,212,12,3615,21,,,a8d91332202fe0f4fa439cd3e09a267db565ba1c4ff9bb53ca3d82f2475de268,2026-09-23T19:28:36.651634+00:00
scenario_00,EoN,1.92,10000,100,49,8675358,a81eb8a7b4c49dbd245a57ae13561b313c2c060fc6f00249c6dda8fb36336134,50000,10.0,2.0,1.0,0.050840031006373465,0.08180049297516234,0.1326405239815358,6176,151,272,12,3389,19,,,a3a420e39b550ede35aceb7536b1c69230970c4915d3fd400ea2ba276dbace11,2026-09-23T19:28:37.194595+00:00
scenario_00,EoN,1.92,10000,100,50,8675359,a81eb8a7b4c49dbd245a57ae13561b313c2c060fc6f00249c6dda8fb36336134,50000,10.0,2.0,1.0,0.05000007097260095,0.07837307100999169,0.12837314198259264,6427,130,241,7,3195,23,,,f0c5c6cddfd761b3cf08f16b97d3d738dd828683225ecaebfb2c976d81580e4c,2026-09-23T19:28:37.733170+00:00
scenario_00,EoN,1.92,10000,100,51,8675360,a81eb8a7b4c49dbd245a57ae13561b313c2c060fc6f00249c6dda8fb36336134,50000,10.0,2.0,1.0,0.049545529996976256,0.07661806800751947,0.12616359800449573,6350,166,258,10,3216,18,,,66bf1ca91f98090767660a73094a949fe3aa6b43e9ed2c19393ba56f50877a8e,2026-09-23T19:28:38.264143+00:00
scenario_00,EoN,1.92,10000,100,52,8675361,a81eb8a7b4c49dbd245a57ae13561b313c2c060fc6f00249c6dda8fb36336134,50000,10.0,2.0,1.0,0.04826736100949347,0.08725666700047441,0.13552402800996788,5882,142,261,15,3700,25,,,c894ae3c5a41f0e8490887d4b45163b40000975ac17f5a9fca51417efdfcdf27,2026-09-23T19:28:38.803836+00:00
scenario_00,EoN,1.92,10000,100,53,8675362,a81eb8a7b4c49dbd245a57ae13561b313c2c060fc6f00249c6dda8fb36336134,50000,10.0,2.0,1.0,0.050172323011793196,0.08514195500174537,0.13531427801353857,6045,141,238,15,3561,22,,,cba1bfde0e8781b1a4869edf1bf9909df59a87628b9324054dad1ebe62ed8d59,2026-09-23T19:28:39.347675+00:00
scenario_00,EoN,1.92,10000,100,54,8675363,a81eb8a7b4c49dbd245a57ae13561b313c2c060fc6f00249c6dda8fb36336134,50000,10.0,2.0,1.0,0.0510428229754325,0.08110186702106148,0.13214468999649398,6357,112,239,8,3284,21,,,ede94aec590dd68d04c63523f99117864ad4a4abcdfef88a1af95a37f1ba182a,2026-09-23T19:28:39.892031+00:00
scenario_00,EoN,1.92,10000,100,55,8675364,a81eb8a7b4c49dbd245a57ae13561b313c2c060fc6f00249c6dda8fb36336134,50000,10.0,2.0,1.0,0.05220865900628269,0.0865102069801651,0.13871886598644778,5968,88,172,14,3758,27,,,30492c9c3fa51978bc09774e0db3c7cc0c0c670dbfdfaba96d34963c0c984a38,2026-09-23T19:28:40.464085+00:00
scenario_00,EoN,1.92,10000,100,56,8675365,a81eb8a7b4c49dbd245a57ae13561b313c2c060fc6f00249c6dda8fb36336134,50000,10.0,2.0,1.0,0.054394785984186456,0.08387378801126033,0.1382685739954468,6163,131,213,20,3473,25,,,b0444428e62b6564d01b757b4ad774261b07f8d2c2b905e90817a93b00c1451c,2026-09-23T19:28:41.013673+00:00
scenario_00,EoN,1.92,10000,100,57,8675366,a81eb8a7b4c49dbd245a57ae13561b313c2c060fc6f00249c6dda8fb36336134,50000,10.0,2.0,1.0,0.05218340901774354,0.07560473299236037,0.1277881420101039,6592,96,168,8,3136,23,,,c0d623610a34cd70d3fdb35f6976d296884f77593bef0b9702a1b5b57eadf50b,2026-09-23T19:28:41.578393+00:00
scenario_00,EoN,1.92,10000,100,58,8675367,a81eb8a7b4c49dbd245a57ae13561b313c2c060fc6f00249c6dda8fb36336134,50000,10.0,2.0,1.0,0.05162745001143776,0.09406613500323147,0.14569358501466922,5486,119,248,15,4132,25,,,90684f83acc0850f9846addf84c9511c8daca43f11b30b939f30a80eda9b03ce,2026-09-23T19:28:42.132225+00:00
scenario_00,EoN,1.92,10000,100,59,8675368,a81eb8a7b4c49dbd245a57ae13561b313c2c060fc6f00249c6dda8fb36336134,50000,10.0,2.0,1.0,0.05100015699281357,0.08592020699870773,0.1369203639915213,5851,141,251,11,3746,21,,,756ae6570b1250b99fb0a4ca3a32e791d353dfb06bffc2df9c1d651bbfe559a0,2026-09-23T19:28:42.681584+00:00
scenario_00,EoN,1.92,10000,100,60,8675369,a81eb8a7b4c49dbd245a57ae13561b313c2c060fc6f00249c6dda8fb36336134,50000,10.0,2.0,1.0,0.0575137079868,0.08016428200062364,0.13767798998742364,6247,129,236,15,3373,22,,,4995a2be5d242db2e0b8c70e95c808d63d2d928d82c8f38ec408e039084844b7,2026-09-23T19:28:43.250572+00:00
scenario_00,EoN,1.92,10000,100,61,8675370,a81eb8a7b4c49dbd245a57ae13561b313c2c060fc6f00249c6dda8fb36336134,50000,10.0,2.0,1.0,0.05019640497630462,0.08029278201865964,0.13048918699496426,6317,111,207,11,3354,22,,,ed28676d867212d6ae2eaae152f071b1d20cc6fc26e92761f8c55e1c0b040237,2026-09-23T19:28:43.797010+00:00
scenario_00,EoN,1.92,10000,100,62,8675371,a81eb8a7b4c49dbd245a57ae13561b313c2c060fc6f00249c6dda8fb36336134,50000,10.0,2.0,1.0,0.055191911989822984,0.07166047801729292,0.1268523900071159,6770,90,151,7,2982,20,,,31ebf685b8fa3cf8cd1ab3340b0f76220211ed99d249442bfb4b9348606ba847,2026-09-23T19:28:44.342223+00:00
scenario_00,EoN,1.92,10000,100,63,8675372,a81eb8a7b4c49dbd245a57ae13561b313c2c060fc6f00249c6dda8fb36336134,50000,10.0,2.0,1.0,0.05057461399701424,0.08359003701480106,0.1341646510118153,6105,143,248,15,3489,26,,,b695aec3e83cb4c6b773b4616944ef423ee4240076b78fbe3186db497f083cba,2026-09-23T19:28:44.888357+00:00
scenario_00,EoN,1.92,10000,100,64,8675373,a81eb8a7b4c49dbd245a57ae13561b313c2c060fc6f00249c6dda8fb36336134,50000,10.0,2.0,1.0,0.05068794800899923,0.07820252899546176,0.128890477004461,6292,114,210,18,3366,23,,,6d9e80c3c41449ff769459bad9f6a836c717af5b9e671f12c4119f612cb524a2,2026-09-23T19:28:45.435784+00:00
scenario_00,EoN,1.92,10000,100,65,8675374,a81eb8a7b4c49dbd245a57ae13561b313c2c060fc6f00249c6dda8fb36336134,50000,10.0,2.0,1.0,0.04979707201709971,0.06923230699612759,0.1190293790132273,6925,124,199,6,2746,19,,,83a7f0e9b010529d19b0628c9aedd47160989e5701b7fbd4727bfb1d0a7985b9,2026-09-23T19:28:45.961340+00:00
scenario_00,EoN,1.92,10000,100,66,8675375,a81eb8a7b4c49dbd245a57ae13561b313c2c060fc6f00249c6dda8fb36336134,50000,10.0,2.0,1.0,0.0528365770005621,0.07497452400275506,0.12781110100331716,6681,147,220,9,2943,19,,,d1669a684379434c5f5a3217df4a3d9153df791b3bfc63e696399ea9e52064eb,2026-09-23T19:28:46.505568+00:00
scenario_00,EoN,1.92,10000,100,67,8675376,a81eb8a7b4c49dbd245a57ae13561b313c2c060fc6f00249c6dda8fb36336134,50000,10.0,2.0,1.0,0.04999782200320624,0.06935505798901431,0.11935287999222055,6858,119,209,7,2807,16,,,7944760a4cadedac72e946257082b635f43176e3868a07cafdf1283e05411a36,2026-09-23T19:28:47.059171+00:00
scenario_00,EoN,1.92,10000,100,68,8675377,a81eb8a7b4c49dbd245a57ae13561b313c2c060fc6f00249c6dda8fb36336134,50000,10.0,2.0,1.0,0.050373447011224926,0.07753236198914237,0.1279058090003673,6317,152,236,11,3284,20,,,287101547b6c0d24a068904e5bf679566ff256d88cb774a0e7cfb6523206a7b0,2026-09-23T19:28:47.604285+00:00
scenario_00,EoN,1.92,10000,100,69,8675378,a81eb8a7b4c49dbd245a57ae13561b313c2c060fc6f00249c6dda8fb36336134,50000,10.0,2.0,1.0,0.05390832701232284,0.0842719129868783,0.13818023999920115,6349,123,202,13,3313,22,,,c25575718deaf4a9b35e3655708c082d8d41e4adfb3c482d9fc5d6774e2f4b97,2026-09-23T19:28:48.177398+00:00
scenario_00,EoN,1.92,10000,100,70,8675379,a81eb8a7b4c49dbd245a57ae13561b313c2c060fc6f00249c6dda8fb36336134,50000,10.0,2.0,1.0,0.050862656004028395,0.08458108000922948,0.13544373601325788,6022,140,236,13,3589,21,,,c604cc488a4c86d3cc5831706c84bedf8094b907a73adcae2999d72ad9ebd395,2026-09-23T19:28:48.759288+00:00
scenario_00,EoN,1.92,10000,100,71,8675380,a81eb8a7b4c49dbd245a57ae13561b313c2c060fc6f00249c6dda8fb36336134,50000,10.0,2.0,1.0,0.05069794799783267,0.09102096399874426,0.14171891199657694,5678,111,232,17,3962,27,,,838dcfb6aad9522ba2f65ec36f26cb8accfb91ba9f5d982fce0a4cc9c35c3361,2026-09-23T19:28:49.316298+00:00
scenario_00,EoN,1.92,10000,100,72,8675381,a81eb8a7b4c49dbd245a57ae13561b313c2c060fc6f00249c6dda8fb36336134,50000,10.0,2.0,1.0,0.05099465700914152,0.07777361199259758,0.1287682690017391,6451,129,200,15,3205,19,,,62430ff58115b8d1a357cec4cd0c4eabb294deab4a4a4ea49e5c838efea5e6d8,2026-09-23T19:28:49.855734+00:00
scenario_00,EoN,1.92,10000,100,73,8675382,a81eb8a7b4c49dbd245a57ae13561b313c2c060fc6f00249c6dda8fb36336134,50000,10.0,2.0,1.0,0.05248478500288911,0.08321849399362691,0.13570327899651602,6050,175,298,21,3456,23,,,b5ee3c7a138e190279bbfa1c9cc1522f1af5b0c55c58ec6febba98df603f7f68,2026-09-23T19:28:50.409561+00:00
scenario_00,EoN,1.92,10000,100,74,8675383,a81eb8a7b4c49dbd245a57ae13561b313c2c060fc6f00249c6dda8fb36336134,50000,10.0,2.0,1.0,0.051521240995498374,0.08633037400431931,0.13785161499981768,5898,136,242,14,3710,16,,,19d8e5119e0c9c5a9d83a2b6388e948046c9b56bb62bb216c6ae199eb17fc713,2026-09-23T19:28:50.965889+00:00
scenario_00,EoN,1.92,10000,100,75,8675384,a81eb8a7b4c49dbd245a57ae13561b313c2c060fc6f00249c6dda8fb36336134,50000,10.0,2.0,1.0,0.050049323006533086,0.08143982500769198,0.13148914801422507,6191,106,164,5,3534,22,,,4920e48429baf3b62378e7df377b791b5794f342e1e2d7f425086fa229317aa1,2026-09-23T19:28:51.507087+00:00
scenario_00,EoN,1.92,10000,100,76,8675385,a81eb8a7b4c49dbd245a57ae13561b313c2c060fc6f00249c6dda8fb36336134,50000,10.0,2.0,1.0,0.06400904999463819,0.10235393900074996,0.16636298899538815,5636,150,280,25,3909,27,,,3099a566bb9558753defd67f7937e5672e9cdefa6967f2e19a76ce2f139e68a3,2026-09-23T19:28:52.104179+00:00
scenario_00,EoN,1.92,10000,100,77,8675386,a81eb8a7b4c49dbd245a57ae13561b313c2c060fc6f00249c6dda8fb36336134,50000,10.0,2.0,1.0,0.053054784977575764,0.07975307301967405,0.1328078579972498,6212,135,218,16,3419,18,,,a9e53116f1e4f2ced867a23fc454d387fdb181694752ce459585e1664c4a6267,2026-09-23T19:28:52.658027+00:00
scenario_00,EoN,1.92,10000,100,78,8675387,a81eb8a7b4c49dbd245a57ae13561b313c2c060fc6f00249c6dda8fb36336134,50000,10.0,2.0,1.0,0.05004357098368928,0.07459473301423714,0.12463830399792641,6599,106,176,17,3102,18,,,0c616f2eafa5679699373c8f2355b0d6b95134a27e69509f17826e7d9e16354e,2026-09-23T19:28:53.194404+00:00
scenario_00,EoN,1.92,10000,100,79,8675388,a81eb8a7b4c49dbd245a57ae13561b313c2c060fc6f00249c6dda8fb36336134,50000,10.0,2.0,1.0,0.05105986600392498,0.08380003698403016,0.13485990298795514,6163,131,221,8,3477,20,,,d175391b96e7f81c5c3f16909323ff6dfd8c2501d818cc4886b28f0a7bd6da5e,2026-09-23T19:28:53.735420+00:00
scenario_00,EoN,1.92,10000,100,80,8675389,a81eb8a7b4c49dbd245a57ae13561b313c2c060fc6f00249c6dda8fb36336134,50000,10.0,2.0,1.0,0.05140170000959188,0.07555848298943602,0.1269601829990279,6619,100,161,10,3110,20,,,4126b663da6c50cc1c77424261be4239d43529d40ea57ff71d39bf90534288f2,2026-09-23T19:28:54.281388+00:00
scenario_00,EoN,1.92,10000,100,81,8675390,a81eb8a7b4c49dbd245a57ae13561b313c2c060fc6f00249c6dda8fb36336134,50000,10.0,2.0,1.0,0.05542583001079038,0.09571072098333389,0.15113655099412426,5369,125,236,15,4255,24,,,67c3996c7f4e44b8f0fea51d0dc1c123a921ef0a772efdf1c6d50da22c895cef,2026-09-23T19:28:54.841528+00:00
scenario_00,EoN,1.92,10000,100,82,8675391,a81eb8a7b4c49dbd245a57ae13561b313c2c060fc6f00249c6dda8fb36336134,50000,10.0,2.0,1.0,0.052452158997766674,0.09590117901097983,0.1483533380087465,5411,157,274,18,4140,21,,,32a29f8984245b309aaff588c75f6f8918d3ee103af5179270b52eb8c22ee098,2026-09-23T19:28:55.423744+00:00
scenario_00,EoN,1.92,10000,100,83,8675392,a81eb8a7b4c49dbd245a57ae13561b313c2c060fc6f00249c6dda8fb36336134,50000,10.0,2.0,1.0,0.053850285039516166,0.08543137297965586,0.13928165801917203,6112,113,227,7,3541,22,,,afc523ef3b4b4aa1319057eebb187ee50a0d716900e839bbf01ac13f262d005d,2026-09-23T19:28:55.989866+00:00
scenario_00,EoN,1.92,10000,100,84,8675393,a81eb8a7b4c49dbd245a57ae13561b313c2c060fc6f00249c6dda8fb36336134,50000,10.0,2.0,1.0,0.05139399095787667,0.08375232902471907,0.13514631998259574,6023,167,266,13,3531,22,,,a06d2e0e62b8d12e598eb140d7110d34d69671fddbc54c1da252aee9761d4586,2026-09-23T19:28:56.569666+00:00
scenario_00,EoN,1.92,10000,100,85,8675394,a81eb8a7b4c49dbd245a57ae13561b313c2c060fc6f00249c6dda8fb36336134,50000,10.0,2.0,1.0,0.051136530993971974,0.09468405300867744,0.1458205840026494,6035,142,252,15,3556,18,,,f4e5f2139220637f531530f4e5358049d7a151984135b1e9bd01300de2722a3a,2026-09-23T19:28:57.128607+00:00
scenario_00,EoN,1.92,10000,100,86,8675395,a81eb8a7b4c49dbd245a57ae13561b313c2c060fc6f00249c6dda8fb36336134,50000,10.0,2.0,1.0,0.0497156550118234,0.08061194900074042,0.13032760401256382,6214,132,222,14,3418,21,,,7ccbd1bac21967643e560961f360967288ea43985327a2598e00fc9484364d28,2026-09-23T19:28:57.692025+00:00
scenario_00,EoN,1.92,10000,100,87,8675396,a81eb8a7b4c49dbd245a57ae13561b313c2c060fc6f00249c6dda8fb36336134,50000,10.0,2.0,1.0,0.049627864005742595,0.08337891098926775,0.13300677499501035,6150,143,205,16,3486,22,,,4bc471f50f883250eb2b5ad3aab6904e18437485bf606101150e2521c7c5e400,2026-09-23T19:28:58.234533+00:00
scenario_00,EoN,1.92,10000,100,88,8675397,a81eb8a7b4c49dbd245a57ae13561b313c2c060fc6f00249c6dda8fb36336134,50000,10.0,2.0,1.0,0.049370863009244204,0.07893994697951712,0.12831080998876132,6361,121,231,10,3277,17,,,96dea46931436a95658d528a3ea3344c74a972ae33d956fefc58b296e219b78b,2026-09-23T19:28:58.773014+00:00
scenario_00,EoN,1.92,10000,100,89,8675398,a81eb8a7b4c49dbd245a57ae13561b313c2c060fc6f00249c6dda8fb36336134,50000,10.0,2.0,1.0,0.050054695981089026,0.07453060802072287,0.12458530400181189,6446,124,194,12,3224,24,,,be92ee020bb2b8e711ab3cea1c29c2293d96be3079433e639211a58026a80e59,2026-09-23T19:28:59.301666+00:00
scenario_00,EoN,1.92,10000,100,90,8675399,a81eb8a7b4c49dbd245a57ae13561b313c2c060fc6f00249c6dda8fb36336134,50000,10.0,2.0,1.0,0.05008227998041548,0.08115482502034865,0.13123710500076413,6275,86,185,2,3452,25,,,35147408a6e81a21f4e140249c03b316b1f53583fd75eea7d190da24ad844ba3,2026-09-23T19:28:59.836576+00:00
scenario_00,EoN,1.92,10000,100,91,8675400,a81eb8a7b4c49dbd245a57ae13561b313c2c060fc6f00249c6dda8fb36336134,50000,10.0,2.0,1.0,0.05204228300135583,0.08786962600424886,0.13991190900560468,6400,107,169,12,3312,25,,,fbe842a5e9e01d325f56d7d6a94f41ab461adb20ea7e1071e0a3228e1232d28c,2026-09-23T19:29:00.410057+00:00
scenario_00,EoN,1.92,10000,100,92,8675401,a81eb8a7b4c49dbd245a57ae13561b313c2c060fc6f00249c6dda8fb36336134,50000,10.0,2.0,1.0,0.05336474400246516,0.09412042598705739,0.14748516998952255,5565,120,221,14,4080,32,,,2ed9bcac1e90a82b0bbab09d4b2d7c84659cc210b599c013b1b2ece3434bcf08,2026-09-23T19:29:01.034005+00:00
scenario_00,EoN,1.92,10000,100,93,8675402,a81eb8a7b4c49dbd245a57ae13561b313c2c060fc6f00249c6dda8fb36336134,50000,10.0,2.0,1.0,0.052610201004426926,0.07253610400948673,0.12514630501391366,6672,132,197,8,2991,18,,,0ce6d5a4eb4c9d2551632cc59d1c235541bfe2a6cc707c732c942413b2833427,2026-09-23T19:29:01.581202+00:00
scenario_00,EoN,1.92,10000,100,94,8675403,a81eb8a7b4c49dbd245a57ae13561b313c2c060fc6f00249c6dda8fb36336134,50000,10.0,2.0,1.0,0.0498917389777489,0.07971223900676705,0.12960397798451595,6277,131,203,13,3376,21,,,98bf4294ddbf9cdd6a3b661d47c6cea2781fa93ae931d7c3990b1a81713a919e,2026-09-23T19:29:02.119660+00:00
scenario_00,EoN,1.92,10000,100,95,8675404,a81eb8a7b4c49dbd245a57ae13561b313c2c060fc6f00249c6dda8fb36336134,50000,10.0,2.0,1.0,0.051437407004414126,0.07819465399370529,0.1296320609981194,6408,127,250,7,3208,20,,,ca8c0661aa75c591be7f5200f0bad8588ad7223ec9a70a5701ed26b9878aaf2c,2026-09-23T19:29:02.678568+00:00
scenario_00,EoN,1.92,10000,100,96,8675405,a81eb8a7b4c49dbd245a57ae13561b313c2c060fc6f00249c6dda8fb36336134,50000,10.0,2.0,1.0,0.048354319034842774,0.0779108619899489,0.12626518102479167,6378,150,230,7,3235,20,,,6dcd68349a9d153b6e6912f563aa3a99a547bc45637191a6c7294d4e7583b392,2026-09-23T19:29:03.227466+00:00
scenario_00,EoN,1.92,10000,100,97,8675406,a81eb8a7b4c49dbd245a57ae13561b313c2c060fc6f00249c6dda8fb36336134,50000,10.0,2.0,1.0,0.050910739024402574,0.08713312598410994,0.1380438650085125,5907,127,216,9,3741,17,,,f55f6449244cd48fbee6534e848fd7f8111721027b0d06d1a5bc618a64cce037,2026-09-23T19:29:03.771797+00:00
scenario_00,EoN,1.92,10000,100,98,8675407,a81eb8a7b4c49dbd245a57ae13561b313c2c060fc6f00249c6dda8fb36336134,50000,10.0,2.0,1.0,0.05128203201456927,0.08260032700491138,0.13388235901948065,6213,111,221,13,3442,26,,,6c51b39f09dfeeed86d7c0ef213a9f08ef6d213525fd9da76cee7a01c565a221,2026-09-23T19:29:04.312380+00:00
scenario_00,EoN,1.92,10000,100,99,8675408,a81eb8a7b4c49dbd245a57ae13561b313c2c060fc6f00249c6dda8fb36336134,50000,10.0,2.0,1.0,0.05086965599912219,0.08512133100884967,0.13599098700797185,5916,125,222,16,3721,26,,,e83113529e2521b827ef0d425cc985c09fd73f35485a565e426b4784ed036c1a,2026-09-23T19:29:04.852092+00:00
scenario_00,EoN,1.92,10000,100,100,8675409,a81eb8a7b4c49dbd245a57ae13561b313c2c060fc6f00249c6dda8fb36336134,50000,10.0,2.0,1.0,0.05250611700466834,0.07700577701325528,0.12951189401792362,6529,114,210,6,3141,20,,,d2c03bc9418c8dfd72771c72194e14eb3c7363177a2ce81fb7032555d04df99f,2026-09-23T19:29:05.383546+00:00
scenario_00,EoN,1.92,100000,100,1,8775310,83b4e1da2783f17377cf65d5f9c270629dd633191f581ff139c5b60c5d080e99,500000,10.0,2.0,1.0,0.5017373340087943,0.3155177409935277,0.817255075002322,94513,356,517,22,4592,31,,,3ef555df408df895242316f2a4cee9328b6750eb53ef62d55d59062f3730e72b,2026-09-23T19:09:39.448539+00:00
scenario_00,EoN,1.92,100000,100,2,8775311,83b4e1da2783f17377cf65d5f9c270629dd633191f581ff139c5b60c5d080e99,500000,10.0,2.0,1.0,0.464430299034575,0.3185986499884166,0.7830289490229916,94480,264,458,25,4773,26,,,90f06d30550164453d929ea4d7e2ac1debcf42f80708335dd2e2ecd3b980df1a,2026-09-23T19:09:40.745391+00:00
scenario_00,EoN,1.92,100000,100,3,8775312,83b4e1da2783f17377cf65d5f9c270629dd633191f581ff139c5b60c5d080e99,500000,10.0,2.0,1.0,0.478627681004582,0.34594491799362004,0.824572598998202,93433,386,648,27,5506,34,,,a34c77d861648907e3a6aaa2a7971a1c18b1b4807232b2b7bd986ba0515475da,2026-09-23T19:09:42.136743+00:00
scenario_00,EoN,1.92,100000,100,4,8775313,83b4e1da2783f17377cf65d5f9c270629dd633191f581ff139c5b60c5d080e99,500000,10.0,2.0,1.0,0.48547278900514357,0.32436084499931894,0.8098336340044625,94427,359,530,34,4650,38,,,63df8e4df265876bd4f3ecd07b93e17c6a9a6718eb0d3830dde1c6da97c39119,2026-09-23T19:09:43.527229+00:00
scenario_00,EoN,1.92,100000,100,5,8775314,83b4e1da2783f17377cf65d5f9c270629dd633191f581ff139c5b60c5d080e99,500000,10.0,2.0,1.0,0.4599536019959487,0.3124265400110744,0.7723801420070231,94429,335,583,20,4633,31,,,525c3f42ad965b9e658d79bd67a239eac817daab10c55cb7b3c2a39a6e7db5bf,2026-09-23T19:09:44.810521+00:00
scenario_00,EoN,1.92,100000,100,6,8775315,83b4e1da2783f17377cf65d5f9c270629dd633191f581ff139c5b60c5d080e99,500000,10.0,2.0,1.0,0.4660639209614601,0.2968083270243369,0.762872247985797,95412,255,369,18,3946,24,,,2fbb55249a0f6cb0f95de6a79ac4c11825c502c05ba1af64484ec5fc6c3401a7,2026-09-23T19:09:46.071215+00:00
scenario_00,EoN,1.92,100000,100,7,8775316,83b4e1da2783f17377cf65d5f9c270629dd633191f581ff139c5b60c5d080e99,500000,10.0,2.0,1.0,0.4567249840183649,0.32766875298693776,0.7843937370053027,93701,401,673,23,5202,29,,,d84fb881b7b1c071cf89fe9d1c78ec296ee4c7bb78c8f81bdee956fae4e614f0,2026-09-23T19:09:47.401630+00:00
scenario_00,EoN,1.92,100000,100,8,8775317,83b4e1da2783f17377cf65d5f9c270629dd633191f581ff139c5b60c5d080e99,500000,10.0,2.0,1.0,0.4565372340148315,0.3475583310064394,0.8040955650212709,93382,412,672,21,5513,32,,,05ad3edf72d20a70dbcadb99b6f1610103d450543553dfdd2bb902d946f65aa3,2026-09-23T19:09:48.708942+00:00
scenario_00,EoN,1.92,100000,100,9,8775318,83b4e1da2783f17377cf65d5f9c270629dd633191f581ff139c5b60c5d080e99,500000,10.0,2.0,1.0,0.4557168199971784,0.3464023749984335,0.8021191949956119,93194,435,713,31,5627,39,,,22a8cfe18f6ff863f1db06a2935e4e165a66452711ca607c8dc4ee6cd15acafb,2026-09-23T19:09:50.019712+00:00
scenario_00,EoN,1.92,100000,100,10,8775319,83b4e1da2783f17377cf65d5f9c270629dd633191f581ff139c5b60c5d080e99,500000,10.0,2.0,1.0,0.4631606350012589,0.33795943699078634,0.8011200719920453,93585,409,633,33,5340,33,,,26b9bf4f0bb20ec46b5863b338f14d6315dfa51806aaf597c0ba51c741f6aac5,2026-09-23T19:09:51.327393+00:00
scenario_00,EoN,1.92,100000,100,11,8775320,83b4e1da2783f17377cf65d5f9c270629dd633191f581ff139c5b60c5d080e99,500000,10.0,2.0,1.0,0.46495167299872264,0.31096808501752093,0.7759197580162436,94842,292,485,27,4354,27,,,9230070bedc0c13d3805e2cae49308c45562d229814426f5f3e5c2555103cf61,2026-09-23T19:09:52.625021+00:00
scenario_00,EoN,1.92,100000,100,12,8775321,83b4e1da2783f17377cf65d5f9c270629dd633191f581ff139c5b60c5d080e99,500000,10.0,2.0,1.0,0.4551136539957952,0.3370171060087159,0.7921307600045111,93635,394,620,34,5317,39,,,d7a73e5c66b05a10d80ba1bfa63af887e40765b8bf660628a838eda3581db575,2026-09-23T19:09:53.925363+00:00
scenario_00,EoN,1.92,100000,100,13,8775322,83b4e1da2783f17377cf65d5f9c270629dd633191f581ff139c5b60c5d080e99,500000,10.0,2.0,1.0,0.46132438999484293,0.31299391301581636,0.7743183030106593,94757,362,522,24,4335,32,,,971387ee61757ea73f236ff60ac90f3515f0bcfe31010fecdae3533b04c1147b,2026-09-23T19:09:55.205858+00:00
scenario_00,EoN,1.92,100000,100,14,8775323,83b4e1da2783f17377cf65d5f9c270629dd633191f581ff139c5b60c5d080e99,500000,10.0,2.0,1.0,0.46281197003554553,0.3673992829862982,0.8302112530218437,92322,493,759,27,6399,46,,,072ebb2196fcecc6291bdacba20392edccba448a0a944faa0d9f94aff0b995f1,2026-09-23T19:09:56.539652+00:00
scenario_00,EoN,1.92,100000,100,15,8775324,83b4e1da2783f17377cf65d5f9c270629dd633191f581ff139c5b60c5d080e99,500000,10.0,2.0,1.0,0.45733440000913106,0.3913362250023056,0.8486706250114366,92279,478,726,28,6489,39,,,156269d6b752cdd6d57977e33c1b16d0f29d31b0697885a927bad6972eff184d,2026-09-23T19:09:57.893766+00:00
scenario_00,EoN,1.92,100000,100,16,8775325,83b4e1da2783f17377cf65d5f9c270629dd633191f581ff139c5b60c5d080e99,500000,10.0,2.0,1.0,0.4707324509799946,0.32551880000391975,0.7962512509839144,94196,367,591,24,4822,26,,,08e4aaa959821141f17a56a3f318bc9363d89b2ff4dbe2178755990e65d838e6,2026-09-23T19:09:59.237323+00:00
scenario_00,EoN,1.92,100000,100,17,8775326,83b4e1da2783f17377cf65d5f9c270629dd633191f581ff139c5b60c5d080e99,500000,10.0,2.0,1.0,0.4532901590282563,0.31615219797822647,0.7694423570064828,94416,339,532,24,4689,31,,,0e0c2eba3ca158e3334fd48f3a576911e51b26f7e71a243d31c2b4b68005e782,2026-09-23T19:10:00.514185+00:00
scenario_00,EoN,1.92,100000,100,18,8775327,83b4e1da2783f17377cf65d5f9c270629dd633191f581ff139c5b60c5d080e99,500000,10.0,2.0,1.0,0.46517558899358846,0.32171589200152084,0.7868914809951093,94485,317,519,31,4648,39,,,65f7e40aa092e8aa4b5c73f9b2aafc0b39fb567d9cc4dc8a54f2e4688508b278,2026-09-23T19:10:01.815368+00:00
scenario_00,EoN,1.92,100000,100,19,8775328,83b4e1da2783f17377cf65d5f9c270629dd633191f581ff139c5b60c5d080e99,500000,10.0,2.0,1.0,0.4683704979834147,0.3089162149990443,0.777286712982459,94593,331,537,21,4518,34,,,eea69f4acec15580176033e8d780f23717fc908d3e114e47f43b6a2a98cc1853,2026-09-23T19:10:03.118800+00:00
scenario_00,EoN,1.92,100000,100,20,8775329,83b4e1da2783f17377cf65d5f9c270629dd633191f581ff139c5b60c5d080e99,500000,10.0,2.0,1.0,0.45217566200881265,0.35170590397319756,0.8038815659820102,92956,390,612,36,6006,42,,,7a3cef56e36a3f69506626d8748ab347b5030e81b4f920e8a66716c9757ac013,2026-09-23T19:10:04.430444+00:00
scenario_00,EoN,1.92,100000,100,21,8775330,83b4e1da2783f17377cf65d5f9c270629dd633191f581ff139c5b60c5d080e99,500000,10.0,2.0,1.0,0.4515959959826432,0.32701917199301533,0.7786151679756586,93920,409,608,24,5039,29,,,fdbad39bce2aacf0f2ae61facf5fa158ffa7a8ac7874030d2b7b7aea68d2859d,2026-09-23T19:10:05.713742+00:00
scenario_00,EoN,1.92,100000,100,22,8775331,83b4e1da2783f17377cf65d5f9c270629dd633191f581ff139c5b60c5d080e99,500000,10.0,2.0,1.0,0.4551107379957102,0.3336783220001962,0.7887890599959064,93990,347,527,29,5107,31,,,6b960b2d1bf167bfeb9c9886bbf0d33c233029c399a74352de636ef2cf6a8fa5,2026-09-23T19:10:07.010442+00:00
scenario_00,EoN,1.92,100000,100,23,8775332,83b4e1da2783f17377cf65d5f9c270629dd633191f581ff139c5b60c5d080e99,500000,10.0,2.0,1.0,0.4729927789885551,0.31783402600558475,0.7908268049941398,94685,306,450,30,4529,32,,,bb38c60be439ce249d65caee9d5a1a252d32242492791e1084613ad88271ebb4,2026-09-23T19:10:08.310789+00:00
scenario_00,EoN,1.92,100000,100,24,8775333,83b4e1da2783f17377cf65d5f9c270629dd633191f581ff139c5b60c5d080e99,500000,10.0,2.0,1.0,0.4546256150060799,0.3510972379881423,0.8057228529942222,92835,425,724,51,5965,55,,,60cdf638943fedd4829f6b849d9b8c9df1334c1dd03f26960b951f6f9e3311b6,2026-09-23T19:10:09.622429+00:00
scenario_00,EoN,1.92,100000,100,25,8775334,83b4e1da2783f17377cf65d5f9c270629dd633191f581ff139c5b60c5d080e99,500000,10.0,2.0,1.0,0.46240717798355035,0.32015085499733686,0.7825580329808872,94618,349,516,18,4499,29,,,e9ca451cbe4713325629932c036632d06a684cbe975de91f5b5fd64a593943d3,2026-09-23T19:10:10.918964+00:00
scenario_00,EoN,1.92,100000,100,26,8775335,83b4e1da2783f17377cf65d5f9c270629dd633191f581ff139c5b60c5d080e99,500000,10.0,2.0,1.0,0.4680688309890684,0.3599115510005504,0.8279803819896188,93200,427,638,36,5699,40,,,5bd45eea89b5807086b56cbe5eb0a8f6555109b1e02c6255137b6979d3959c12,2026-09-23T19:10:12.260114+00:00
scenario_00,EoN,1.92,100000,100,27,8775336,83b4e1da2783f17377cf65d5f9c270629dd633191f581ff139c5b60c5d080e99,500000,10.0,2.0,1.0,0.47494460799498484,0.33543427599943243,0.8103788839944173,93629,414,655,33,5269,36,,,464025343bcbfa2a41d1252838b75c918354e23d70efcb8b84214af92fe21b74,2026-09-23T19:10:13.583379+00:00
scenario_00,EoN,1.92,100000,100,28,8775337,83b4e1da2783f17377cf65d5f9c270629dd633191f581ff139c5b60c5d080e99,500000,10.0,2.0,1.0,0.45688956798403524,0.3474853720108513,0.8043749399948865,93078,425,707,31,5759,38,,,36a7758c10e98510979f0f1f315db62da1f7449db41315372f7e197047a3cbeb,2026-09-23T19:10:14.909340+00:00
scenario_00,EoN,1.92,100000,100,29,8775338,83b4e1da2783f17377cf65d5f9c270629dd633191f581ff139c5b60c5d080e99,500000,10.0,2.0,1.0,0.46105793202877976,0.30095123397768475,0.7620091660064645,95698,254,381,18,3649,20,,,4fb459b284c2f8b9a767a98c8944ca726e49774a8b007bf6638553ded4902ce7,2026-09-23T19:10:16.173686+00:00
scenario_00,EoN,1.92,100000,100,30,8775339,83b4e1da2783f17377cf65d5f9c270629dd633191f581ff139c5b60c5d080e99,500000,10.0,2.0,1.0,0.46341730101266876,0.35581251900293864,0.8192298200156074,93675,394,607,27,5297,43,,,7d3437146d0a1adb2df8258e5c4c3d1b30f622b8961057076ad5d98b72c73190,2026-09-23T19:10:17.511568+00:00
scenario_00,EoN,1.92,100000,100,31,8775340,83b4e1da2783f17377cf65d5f9c270629dd633191f581ff139c5b60c5d080e99,500000,10.0,2.0,1.0,0.47401452498161234,0.31440257700160146,0.7884171019832138,94470,367,558,15,4590,24,,,fd470e50e697606cbf74d312ced86e74c15a8ae49b7618c676cb3880a41a2178,2026-09-23T19:10:18.809711+00:00
scenario_00,EoN,1.92,100000,100,32,8775341,83b4e1da2783f17377cf65d5f9c270629dd633191f581ff139c5b60c5d080e99,500000,10.0,2.0,1.0,0.4416533539770171,0.3233705970051233,0.7650239509821404,93854,340,614,41,5151,41,,,351a59a795682db68ff69b2e2bab0bdbeeac2675e5862c0d35b5bb93faae831a,2026-09-23T19:10:20.076137+00:00
scenario_00,EoN,1.92,100000,100,33,8775342,83b4e1da2783f17377cf65d5f9c270629dd633191f581ff139c5b60c5d080e99,500000,10.0,2.0,1.0,0.46297163696726784,0.3085871320217848,0.7715587689890526,94684,347,493,19,4457,25,,,6e84fe45971d513f9adda5d17cd98be6a7a3d09e980a3ae7dbc546d54021b5de,2026-09-23T19:10:21.349589+00:00
scenario_00,EoN,1.92,100000,100,34,8775343,83b4e1da2783f17377cf65d5f9c270629dd633191f581ff139c5b60c5d080e99,500000,10.0,2.0,1.0,0.4642889669921715,0.3294237070076633,0.7937126739998348,93821,369,570,30,5210,35,,,6edec17206f31a038cc5f335a3b2cf3aed7e8b6918b735deff7d129c27a8e9e8,2026-09-23T19:10:22.640253+00:00
scenario_00,EoN,1.92,100000,100,35,8775344,83b4e1da2783f17377cf65d5f9c270629dd633191f581ff139c5b60c5d080e99,500000,10.0,2.0,1.0,0.4667589610326104,0.3356400669727009,0.8023990280053113,93633,414,618,27,5308,33,,,6e4cb56c61396e501ca2d44e3a29273a61158aeb4e2114a4d096aa2a70d4122d,2026-09-23T19:10:23.958227+00:00
scenario_00,EoN,1.92,100000,100,36,8775345,83b4e1da2783f17377cf65d5f9c270629dd633191f581ff139c5b60c5d080e99,500000,10.0,2.0,1.0,0.46232188801513985,0.3207863110001199,0.7831081990152597,94323,362,558,26,4731,33,,,734687db452bede59b9733e9b958a1f92beae4b9f267269ebdd0975e92144873,2026-09-23T19:10:25.248150+00:00
scenario_00,EoN,1.92,100000,100,37,8775346,83b4e1da2783f17377cf65d5f9c270629dd633191f581ff139c5b60c5d080e99,500000,10.0,2.0,1.0,0.4648953810101375,0.34482308698352426,0.8097184679936618,93838,365,605,32,5160,36,,,7783f7c96da794e74cbef3d89de6a915e5115948ca51d56329c65190dcb2bc68,2026-09-23T19:10:26.574083+00:00
scenario_00,EoN,1.92,100000,100,38,8775347,83b4e1da2783f17377cf65d5f9c270629dd633191f581ff139c5b60c5d080e99,500000,10.0,2.0,1.0,0.45415344898356125,0.3163639050035272,0.7705173539870884,94442,345,470,17,4726,27,,,7cd83fa110f0efc9caedbf6cea8c60f8fbb48594eba391495ac1190629734118,2026-09-23T19:10:27.841427+00:00
scenario_00,EoN,1.92,100000,100,39,8775348,83b4e1da2783f17377cf65d5f9c270629dd633191f581ff139c5b60c5d080e99,500000,10.0,2.0,1.0,0.455664321052609,0.3149164919741452,0.7705808130267542,95446,256,400,16,3882,22,,,b79e3ec8d15fb76208f58e0f4517649b0767bf040f73e05b931b95b1089220a1,2026-09-23T19:10:29.120602+00:00
scenario_00,EoN,1.92,100000,100,40,8775349,83b4e1da2783f17377cf65d5f9c270629dd633191f581ff139c5b60c5d080e99,500000,10.0,2.0,1.0,0.4579734810104128,0.3275951280083973,0.7855686090188101,94033,364,584,18,5001,26,,,4344ccb066d85dc850acf2a9a7e203067b812439ec65dde72bff70583c881d02,2026-09-23T19:10:30.419590+00:00
scenario_00,EoN,1.92,100000,100,41,8775350,83b4e1da2783f17377cf65d5f9c270629dd633191f581ff139c5b60c5d080e99,500000,10.0,2.0,1.0,0.45405895001022145,0.3678992390050553,0.8219581890152767,91808,551,853,40,6748,55,,,723118911cb70fffaee00629dfbeea35e947f1fbeee0bb5d213d3c6ea8f149d0,2026-09-23T19:10:31.750712+00:00
scenario_00,EoN,1.92,100000,100,42,8775351,83b4e1da2783f17377cf65d5f9c270629dd633191f581ff139c5b60c5d080e99,500000,10.0,2.0,1.0,0.4431655180233065,0.3264335469866637,0.7695990650099702,93564,412,632,20,5372,37,,,a2ed5a15f7f5afff0960d8c1426c4fcad478cf621f4dde98bb4ddb77fec89184,2026-09-23T19:10:33.006289+00:00
scenario_00,EoN,1.92,100000,100,43,8775352,83b4e1da2783f17377cf65d5f9c270629dd633191f581ff139c5b60c5d080e99,500000,10.0,2.0,1.0,0.45225824500084855,0.33359457200276665,0.7858528170036152,94591,391,560,26,4432,31,,,2fc085f9ca4f285ca6dac8870615f7d4321bae23ac94b4163ac280d6b331a189,2026-09-23T19:10:34.276983+00:00
scenario_00,EoN,1.92,100000,100,44,8775353,83b4e1da2783f17377cf65d5f9c270629dd633191f581ff139c5b60c5d080e99,500000,10.0,2.0,1.0,0.44718154802103527,0.3185419419896789,0.7657234900107142,94048,372,577,17,4986,28,,,44e4f1086adc4103f1c44484aebbd35545750667325f3b1b7ae8b6bbd6e4956d,2026-09-23T19:10:35.539194+00:00
scenario_00,EoN,1.92,100000,100,45,8775354,83b4e1da2783f17377cf65d5f9c270629dd633191f581ff139c5b60c5d080e99,500000,10.0,2.0,1.0,0.45105616401997395,0.3220237669884227,0.7730799310083967,94460,328,545,26,4641,32,,,6f21e2df52f113734499b639c9ab5b90ac303c70c8af04a08a55ce8a14065398,2026-09-23T19:10:36.824256+00:00
scenario_00,EoN,1.92,100000,100,46,8775355,83b4e1da2783f17377cf65d5f9c270629dd633191f581ff139c5b60c5d080e99,500000,10.0,2.0,1.0,0.44691988301929086,0.35015744899283163,0.7970773320121225,94277,371,591,30,4731,32,,,f5ad427eed4abbc1b6d48421662a9c973c5a084486eaa4644bf32a0567117afb,2026-09-23T19:10:38.125930+00:00
scenario_00,EoN,1.92,100000,100,47,8775356,83b4e1da2783f17377cf65d5f9c270629dd633191f581ff139c5b60c5d080e99,500000,10.0,2.0,1.0,0.4514624970033765,0.3448796280135866,0.7963421250169631,93217,408,670,32,5673,36,,,2c0561a1a9cb8362c84d745fe18d53aa57c0c3f5c3947413713f6a009457a85c,2026-09-23T19:10:39.427669+00:00
scenario_00,EoN,1.92,100000,100,48,8775357,83b4e1da2783f17377cf65d5f9c270629dd633191f581ff139c5b60c5d080e99,500000,10.0,2.0,1.0,0.45094095601234585,0.3302332059829496,0.7811741619952954,93460,369,604,36,5531,36,,,12cbc3ba634e8b4595882814bac589b8c20d0ca8f8124da8002362317657ae5a,2026-09-23T19:10:40.728608+00:00
scenario_00,EoN,1.92,100000,100,49,8775358,83b4e1da2783f17377cf65d5f9c270629dd633191f581ff139c5b60c5d080e99,500000,10.0,2.0,1.0,0.44354680698597804,0.32187135101412423,0.7654181580001023,93514,409,606,31,5440,38,,,5600870df9a6b68d848b5e3e5318f3819123016e53d98e9584f6212a56c007fd,2026-09-23T19:10:41.981911+00:00
scenario_00,EoN,1.92,100000,100,50,8775359,83b4e1da2783f17377cf65d5f9c270629dd633191f581ff139c5b60c5d080e99,500000,10.0,2.0,1.0,0.45914260399877094,0.34375833900412545,0.8029009430028964,92951,419,688,27,5915,39,,,a86a421ff884a42c16c6170456d99eca3d22620dabc38d25ced383675cdef8ab,2026-09-23T19:10:43.270431+00:00
scenario_00,EoN,1.92,100000,100,51,8775360,83b4e1da2783f17377cf65d5f9c270629dd633191f581ff139c5b60c5d080e99,500000,10.0,2.0,1.0,0.4523847029777244,0.31912035701679997,0.7715050599945243,94287,335,484,18,4876,27,,,044c220c93f6d771c925664665bbd9656d3d90d6f89da9c78eee0b97cbceefbf,2026-09-23T19:10:44.536779+00:00
scenario_00,EoN,1.92,100000,100,52,8775361,83b4e1da2783f17377cf65d5f9c270629dd633191f581ff139c5b60c5d080e99,500000,10.0,2.0,1.0,0.44437263897270896,0.34089784702518955,0.7852704859978985,93826,336,577,30,5231,32,,,57ce46fa2e49d192ebd18f25a56243d6408eedb6673c3a972151dfb6c11e85b5,2026-09-23T19:10:45.832683+00:00
scenario_00,EoN,1.92,100000,100,53,8775362,83b4e1da2783f17377cf65d5f9c270629dd633191f581ff139c5b60c5d080e99,500000,10.0,2.0,1.0,0.4570864419802092,0.34187834401382133,0.7989647859940305,93076,428,687,24,5785,37,,,94da3da25ca54f10533cea2686eb175ac80f8e4743c3d28ce6d33ce0496675ca,2026-09-23T19:10:47.147205+00:00
scenario_00,EoN,1.92,100000,100,54,8775363,83b4e1da2783f17377cf65d5f9c270629dd633191f581ff139c5b60c5d080e99,500000,10.0,2.0,1.0,0.45042054101941176,0.33018053899286315,0.7806010800122749,93242,413,673,35,5637,38,,,3db529aa12012c529cf75715b89ccf27742a61e5bd17ab82959afa002f1129ee,2026-09-23T19:10:48.427373+00:00
scenario_00,EoN,1.92,100000,100,55,8775364,83b4e1da2783f17377cf65d5f9c270629dd633191f581ff139c5b60c5d080e99,500000,10.0,2.0,1.0,0.454647197999293,0.3243189689819701,0.7789661669812631,93912,379,584,20,5105,31,,,170a6e5a56292be627234abe1dfb2e71a681bbf9484039f3d73a5f3c0b0c4722,2026-09-23T19:10:49.701113+00:00
scenario_00,EoN,1.92,100000,100,56,8775365,83b4e1da2783f17377cf65d5f9c270629dd633191f581ff139c5b60c5d080e99,500000,10.0,2.0,1.0,0.4528832850046456,0.331566243985435,0.7844495289900806,93951,392,656,28,4973,41,,,616989ebd707736a442545569b47e79559e957952748f74a4cd757b855957b21,2026-09-23T19:10:50.993559+00:00
scenario_00,EoN,1.92,100000,100,57,8775366,83b4e1da2783f17377cf65d5f9c270629dd633191f581ff139c5b60c5d080e99,500000,10.0,2.0,1.0,0.4518571629887447,0.36323020901181735,0.815087372000562,92189,496,770,33,6512,45,,,1b1fc0e5eed511651ba105076b81a552e9a5cf8ed3ccc4e161d9dd003a64bc04,2026-09-23T19:10:52.298790+00:00
scenario_00,EoN,1.92,100000,100,58,8775367,83b4e1da2783f17377cf65d5f9c270629dd633191f581ff139c5b60c5d080e99,500000,10.0,2.0,1.0,0.45685727600357495,0.3032213950064033,0.7600786710099783,94896,277,443,21,4363,28,,,d89bbfb5eceba967f40e587e0eb3c27eb0f089975d472289079f97f1f25c95a2,2026-09-23T19:10:53.550250+00:00
scenario_00,EoN,1.92,100000,100,59,8775368,83b4e1da2783f17377cf65d5f9c270629dd633191f581ff139c5b60c5d080e99,500000,10.0,2.0,1.0,0.4527362029766664,0.2991386130161118,0.7518748159927782,95141,277,441,22,4119,28,,,944a6151f992f16afec1f03ed67ba7b86d243064b2e4fe812a4ccc9a08d3a9c5,2026-09-23T19:10:54.790689+00:00
scenario_00,EoN,1.92,100000,100,60,8775369,83b4e1da2783f17377cf65d5f9c270629dd633191f581ff139c5b60c5d080e99,500000,10.0,2.0,1.0,0.4768182279949542,0.3185672750114463,0.7953855030064005,94053,449,606,22,4870,25,,,4f75e09fd46550a8aa1ee575f5bdfad90ecaaae73bd291de50d6201ee9d76d1a,2026-09-23T19:10:56.077531+00:00
scenario_00,EoN,1.92,100000,100,61,8775370,83b4e1da2783f17377cf65d5f9c270629dd633191f581ff139c5b60c5d080e99,500000,10.0,2.0,1.0,0.45770506499684416,0.2986313230067026,0.7563363880035467,95215,265,408,21,4091,25,,,4760eaa96094924847d7ec9e13b7c58c6dd7d2590bc4c95b98bf42c584b72d11,2026-09-23T19:10:57.335534+00:00
scenario_00,EoN,1.92,100000,100,62,8775371,83b4e1da2783f17377cf65d5f9c270629dd633191f581ff139c5b60c5d080e99,500000,10.0,2.0,1.0,0.4543009900080506,0.3475879550096579,0.8018889450177085,93017,412,674,30,5867,46,,,9d4babbd91345a735e873ec66da8fe4fed8bb6f69cdd216f64d19c0f9b560fcb,2026-09-23T19:10:58.632421+00:00
scenario_00,EoN,1.92,100000,100,63,8775372,83b4e1da2783f17377cf65d5f9c270629dd633191f581ff139c5b60c5d080e99,500000,10.0,2.0,1.0,0.45947852000244893,0.3399478069914039,0.7994263269938529,92751,483,709,26,6031,42,,,c4c84fecac3cfcad6b9ff3173a3178c0c1b958b4daf55dbc9098e1a3b2561370,2026-09-23T19:10:59.922425+00:00
scenario_00,EoN,1.92,100000,100,64,8775373,83b4e1da2783f17377cf65d5f9c270629dd633191f581ff139c5b60c5d080e99,500000,10.0,2.0,1.0,0.4736345690325834,0.31872831599321216,0.7923628850257955,94343,357,575,26,4699,30,,,3b7878245cc39c8da8f8a671e59712d28c8a5b98f394932ac5f782f96aaeec4f,2026-09-23T19:11:01.208533+00:00
scenario_00,EoN,1.92,100000,100,65,8775374,83b4e1da2783f17377cf65d5f9c270629dd633191f581ff139c5b60c5d080e99,500000,10.0,2.0,1.0,0.4521557029802352,0.3223531410039868,0.774508843984222,94090,352,571,19,4968,40,,,ad2f709c5d75199cb88138bac6d76cdae4c97e2a87432a1c30556cababa853b0,2026-09-23T19:11:02.485793+00:00
scenario_00,EoN,1.92,100000,100,66,8775375,83b4e1da2783f17377cf65d5f9c270629dd633191f581ff139c5b60c5d080e99,500000,10.0,2.0,1.0,0.4521216209686827,0.3244450100173708,0.7765666309860535,94664,281,437,22,4596,30,,,ae83d1a2230cc82d3954ad0cabb10ec3235ef9e373cba93c02552d71bec3a9e6,2026-09-23T19:11:03.751429+00:00
scenario_00,EoN,1.92,100000,100,67,8775376,83b4e1da2783f17377cf65d5f9c270629dd633191f581ff139c5b60c5d080e99,500000,10.0,2.0,1.0,0.4579515230143443,0.3036203109950293,0.7615718340093736,94800,310,463,19,4408,25,,,f8d541cc35937bad4ca57c1bda086ee69ab2567316c8eab87a9d40e643e6300e,2026-09-23T19:11:05.003457+00:00
scenario_00,EoN,1.92,100000,100,68,8775377,83b4e1da2783f17377cf65d5f9c270629dd633191f581ff139c5b60c5d080e99,500000,10.0,2.0,1.0,0.4416498129721731,0.32965629000682384,0.7713061029789969,94017,400,573,28,4982,29,,,8fd97f6a74efa70938a0774671e2d274d8c9c1082f7cebbac44bd91b8add9e44,2026-09-23T19:11:06.266068+00:00
scenario_00,EoN,1.92,100000,100,69,8775378,83b4e1da2783f17377cf65d5f9c270629dd633191f581ff139c5b60c5d080e99,500000,10.0,2.0,1.0,0.4656527559563983,0.31274983001640067,0.778402585972799,94283,336,528,26,4827,30,,,8dcad9603cd6a2437409058ae036ef8d578145b80ad655c4f504b48271f17051,2026-09-23T19:11:07.543855+00:00
scenario_00,EoN,1.92,100000,100,70,8775379,83b4e1da2783f17377cf65d5f9c270629dd633191f581ff139c5b60c5d080e99,500000,10.0,2.0,1.0,0.4502688750217203,0.3184521090006456,0.7687209840223659,93987,364,546,25,5078,32,,,88de7cda32bc749f887649c0fd841052c6776bc81cf2065a79c8eb76c36b9058,2026-09-23T19:11:08.800273+00:00
scenario_00,EoN,1.92,100000,100,71,8775380,83b4e1da2783f17377cf65d5f9c270629dd633191f581ff139c5b60c5d080e99,500000,10.0,2.0,1.0,0.4585686039936263,0.32175876799738035,0.7803273719910067,93943,382,630,37,5008,37,,,52c58d2f0808bd25f8bb2e79e9596f68937ba6b449a59738f026300d280b2f7b,2026-09-23T19:11:10.073866+00:00
scenario_00,EoN,1.92,100000,100,72,8775381,83b4e1da2783f17377cf65d5f9c270629dd633191f581ff139c5b60c5d080e99,500000,10.0,2.0,1.0,0.4498085000086576,0.31659132198547013,0.7663998219941277,94571,347,533,21,4528,27,,,181ac7774d64a9154322e6f8bfd9b7bca9d5f12acac95ee2445786604863bc77,2026-09-23T19:11:11.338961+00:00
scenario_00,EoN,1.92,100000,100,73,8775382,83b4e1da2783f17377cf65d5f9c270629dd633191f581ff139c5b60c5d080e99,500000,10.0,2.0,1.0,0.4469981739821378,0.2991585720155854,0.7461567459977232,95360,267,376,19,3978,28,,,cfeff5e5a3d5033cd20f9f20c3492243b37d974b0d54a4e4e05aa6064731e91c,2026-09-23T19:11:12.601582+00:00
scenario_00,EoN,1.92,100000,100,74,8775383,83b4e1da2783f17377cf65d5f9c270629dd633191f581ff139c5b60c5d080e99,500000,10.0,2.0,1.0,0.4502218750130851,0.3020529809873551,0.7522748560004402,94902,329,486,13,4270,22,,,151acaeafdec10a8fda70634717f420a62b2b70c8fa8a77083cffea69dd5617f,2026-09-23T19:11:13.879149+00:00
scenario_00,EoN,1.92,100000,100,75,8775384,83b4e1da2783f17377cf65d5f9c270629dd633191f581ff139c5b60c5d080e99,500000,10.0,2.0,1.0,0.4482960049936082,0.3393307249934878,0.787626729987096,93366,416,643,37,5538,45,,,bd10ece0934f5be59d87f48852bd3817a53007dd9be8a09a407ab7403c3c0a1f,2026-09-23T19:11:15.163399+00:00
scenario_00,EoN,1.92,100000,100,76,8775385,83b4e1da2783f17377cf65d5f9c270629dd633191f581ff139c5b60c5d080e99,500000,10.0,2.0,1.0,0.4585283969936427,0.30648609600029886,0.7650144929939415,94739,289,483,34,4455,37,,,d08090e4cecf9fbdf417f7c5f13ed3bb47c90dee4ccc3266430c325d89305e43,2026-09-23T19:11:16.439930+00:00
scenario_00,EoN,1.92,100000,100,77,8775386,83b4e1da2783f17377cf65d5f9c270629dd633191f581ff139c5b60c5d080e99,500000,10.0,2.0,1.0,0.4587509249977302,0.35077484100474976,0.8095257660024799,92465,457,749,29,6300,37,,,2c09c56981c0d08b163b95f8c1735598d0d03c363be1397761a321045b9f4bb5,2026-09-23T19:11:17.764810+00:00
scenario_00,EoN,1.92,100000,100,78,8775387,83b4e1da2783f17377cf65d5f9c270629dd633191f581ff139c5b60c5d080e99,500000,10.0,2.0,1.0,0.4560328879742883,0.30807703000027686,0.7641099179745652,95382,231,363,29,3995,33,,,d1f18a891cea2d36d3460e5d1422bcb1892e9aa4d01ee90f0bf76b2f6fd80839,2026-09-23T19:11:19.014891+00:00
scenario_00,EoN,1.92,100000,100,79,8775388,83b4e1da2783f17377cf65d5f9c270629dd633191f581ff139c5b60c5d080e99,500000,10.0,2.0,1.0,0.4536928499874193,0.3117174830113072,0.7654103329987265,94526,351,466,16,4641,31,,,2a21ea23a34bb8167f260ea6c3832a956b3a5fc14839233f58f2dc988e5d6c56,2026-09-23T19:11:20.282866+00:00
scenario_00,EoN,1.92,100000,100,80,8775389,83b4e1da2783f17377cf65d5f9c270629dd633191f581ff139c5b60c5d080e99,500000,10.0,2.0,1.0,0.4437272390059661,0.30308678798610345,0.7468140269920696,94753,298,460,28,4461,31,,,b9c053c6eb6771badab006587b2aaa49834edc8657c4c2b4be30ec624759694f,2026-09-23T19:11:21.516837+00:00
scenario_00,EoN,1.92,100000,100,81,8775390,83b4e1da2783f17377cf65d5f9c270629dd633191f581ff139c5b60c5d080e99,500000,10.0,2.0,1.0,0.4635209589905571,0.3024419560097158,0.7659629150002729,94787,306,501,30,4376,35,,,d677147dede23afb4764867659e6e5bde364ab4d3478728e989c42f9cdfbd53b,2026-09-23T19:11:22.800150+00:00
scenario_00,EoN,1.92,100000,100,82,8775391,83b4e1da2783f17377cf65d5f9c270629dd633191f581ff139c5b60c5d080e99,500000,10.0,2.0,1.0,0.4605596730252728,0.35828811998362653,0.8188477930088993,93022,507,750,44,5677,46,,,b5ab81947a7a6f7a1cb07220f9a0ad1d0fc5dc02e197ed2441055eb76b889125,2026-09-23T19:11:24.108493+00:00
scenario_00,EoN,1.92,100000,100,83,8775392,83b4e1da2783f17377cf65d5f9c270629dd633191f581ff139c5b60c5d080e99,500000,10.0,2.0,1.0,0.4793521440005861,0.32838824900682084,0.807740393007407,94566,312,442,27,4653,31,,,cdf1b034ffb5f42fcc9411f2146673b3cdd057c1c8bb5ad48d55f4a4246e53d6,2026-09-23T19:11:25.444459+00:00
scenario_00,EoN,1.92,100000,100,84,8775393,83b4e1da2783f17377cf65d5f9c270629dd633191f581ff139c5b60c5d080e99,500000,10.0,2.0,1.0,0.47813510400010273,0.33821065101074055,0.8163457550108433,94172,358,548,24,4898,37,,,721b319690822532ec13a850bff4c5f52203c62fa90544aabfc61863923a4ff0,2026-09-23T19:11:26.792308+00:00
scenario_00,EoN,1.92,100000,100,85,8775394,83b4e1da2783f17377cf65d5f9c270629dd633191f581ff139c5b60c5d080e99,500000,10.0,2.0,1.0,0.4853083850175608,0.3308705370000098,0.8161789220175706,94433,333,478,22,4734,28,,,238d658e8ce313d945aba751a05cdc4477a840e6d58da175738e2ab2bc13cd83,2026-09-23T19:11:28.150753+00:00
scenario_00,EoN,1.92,100000,100,86,8775395,83b4e1da2783f17377cf65d5f9c270629dd633191f581ff139c5b60c5d080e99,500000,10.0,2.0,1.0,0.47290861202054657,0.3646921099862084,0.837600722006755,93097,432,711,38,5722,41,,,0cb8d12f87587ea42b667bf12bb4692fe8a7c2212c84524c862eb897e44d180e,2026-09-23T19:11:29.525600+00:00
scenario_00,EoN,1.92,100000,100,87,8775396,83b4e1da2783f17377cf65d5f9c270629dd633191f581ff139c5b60c5d080e99,500000,10.0,2.0,1.0,0.4706534080032725,0.3618056980194524,0.8324591060227249,92902,484,685,33,5896,45,,,d5dad5e3c7d700cd77d98289d60adb98c159503702446b0beff8b851bc07ddce,2026-09-23T19:11:30.901527+00:00
scenario_00,EoN,1.92,100000,100,88,8775397,83b4e1da2783f17377cf65d5f9c270629dd633191f581ff139c5b60c5d080e99,500000,10.0,2.0,1.0,0.4756345659843646,0.33465073999832384,0.8102853059826884,93978,333,518,21,5150,31,,,c5e284c92133890e9057cfe99c7ef0c92bfde3fb107d081022b00d0f4c6ac5a4,2026-09-23T19:11:32.241535+00:00
scenario_00,EoN,1.92,100000,100,89,8775398,83b4e1da2783f17377cf65d5f9c270629dd633191f581ff139c5b60c5d080e99,500000,10.0,2.0,1.0,0.47250411298591644,0.35309300301014446,0.8255971159960609,93487,382,616,28,5487,32,,,336838b9d5539333d51e51d38dfa457ad41fea6b32674680d580456cf0cb6d8e,2026-09-23T19:11:33.589194+00:00
scenario_00,EoN,1.92,100000,100,90,8775399,83b4e1da2783f17377cf65d5f9c270629dd633191f581ff139c5b60c5d080e99,500000,10.0,2.0,1.0,0.4859359670081176,0.3100864019943401,0.7960223690024577,95634,224,365,23,3754,26,,,2de787a67b96429b72a39431d4a90d22c572d1bbdbd2bba9354453f783a99f76,2026-09-23T19:11:34.919626+00:00
scenario_00,EoN,1.92,100000,100,91,8775400,83b4e1da2783f17377cf65d5f9c270629dd633191f581ff139c5b60c5d080e99,500000,10.0,2.0,1.0,0.46182737898197956,0.33331857502344064,0.7951459540054202,94148,319,533,26,4974,37,,,ec66371d21539e7257dbf65dcb7aa784f03ae1ad1ddd6ffabfd101c2bfaa9e5c,2026-09-23T19:11:36.255794+00:00
scenario_00,EoN,1.92,100000,100,92,8775401,83b4e1da2783f17377cf65d5f9c270629dd633191f581ff139c5b60c5d080e99,500000,10.0,2.0,1.0,0.47750981303397566,0.37740196697996,0.8549117800139356,92768,409,655,34,6134,38,,,bffdcfbea77b63ad09a50e9b0e7350655a9fc54f875c81a2edc7d70dab0b52d0,2026-09-23T19:11:37.641771+00:00
scenario_00,EoN,1.92,100000,100,93,8775402,83b4e1da2783f17377cf65d5f9c270629dd633191f581ff139c5b60c5d080e99,500000,10.0,2.0,1.0,0.4747439010243397,0.367756688996451,0.8425005900207907,92873,460,711,35,5921,41,,,ea021d721d470ef239a51c7ce9bdf4559e1197f8bad164fc1d7016a09218f157,2026-09-23T19:11:39.059937+00:00
scenario_00,EoN,1.92,100000,100,94,8775403,83b4e1da2783f17377cf65d5f9c270629dd633191f581ff139c5b60c5d080e99,500000,10.0,2.0,1.0,0.4551547640003264,0.3201367199944798,0.7752914839948062,94138,312,523,31,4996,40,,,1b42b54ffd966e9e6b6d87d1faca90ae189740db6e3f89d25ec9e614f37bb0c8,2026-09-23T19:11:40.328732+00:00
scenario_00,EoN,1.92,100000,100,95,8775404,83b4e1da2783f17377cf65d5f9c270629dd633191f581ff139c5b60c5d080e99,500000,10.0,2.0,1.0,0.44759789999807253,0.31241073200362734,0.7600086320016999,94236,386,603,18,4757,30,,,1a6e0a7628e0ac961c0c6b93d54dfb080d1beaca06feaadf78df11b2a0c2360f,2026-09-23T19:11:41.580284+00:00
scenario_00,EoN,1.92,100000,100,96,8775405,83b4e1da2783f17377cf65d5f9c270629dd633191f581ff139c5b60c5d080e99,500000,10.0,2.0,1.0,0.4477036500175018,0.32683800198719837,0.7745416520047002,93618,486,687,24,5185,30,,,69717225553ec3b7f024de2e01c9e989cd27220a0b851093e40fb1adba40ea3a,2026-09-23T19:11:42.836983+00:00
scenario_00,EoN,1.92,100000,100,97,8775406,83b4e1da2783f17377cf65d5f9c270629dd633191f581ff139c5b60c5d080e99,500000,10.0,2.0,1.0,0.45163626997964457,0.353057127998909,0.8046933979785535,92816,396,652,34,6102,39,,,64469e2f9562ec8c8baca5a4e1ed5eb74bfb09b27af6629f2f975181c1971a58,2026-09-23T19:11:44.147857+00:00
scenario_00,EoN,1.92,100000,100,98,8775407,83b4e1da2783f17377cf65d5f9c270629dd633191f581ff139c5b60c5d080e99,500000,10.0,2.0,1.0,0.45279218500945717,0.33012662100372836,0.7829188060131855,93516,373,599,22,5490,35,,,cff36ba20b2f6cf4a2ea90099b2b9ea52131f3a14cf8bbdb954f631291ce24f3,2026-09-23T19:11:45.431631+00:00
scenario_00,EoN,1.92,100000,100,99,8775408,83b4e1da2783f17377cf65d5f9c270629dd633191f581ff139c5b60c5d080e99,500000,10.0,2.0,1.0,0.47676248199422844,0.29016347401193343,0.7669259560061619,95842,222,337,14,3585,18,,,cd900f9f43701b579a71eb25751f927442582e84d44a6e0980b8f77698b93c7d,2026-09-23T19:11:46.720190+00:00
scenario_00,EoN,1.92,100000,100,100,8775409,83b4e1da2783f17377cf65d5f9c270629dd633191f581ff139c5b60c5d080e99,500000,10.0,2.0,1.0,0.4524979759880807,0.3224450919951778,0.7749430679832585,94172,313,451,19,5045,30,,,f292e38824d286fea3ba090faf5f64e8ac0b0acbf47ba065744266f2315ab325,2026-09-23T19:11:48.001310+00:00
scenario_00,covasim,3.1.8,1000,10,1,8675310,7635ee4af91779574edf0c51b32dfc52852948c78f93ddb8b67c2c94252c023d,5000,10.0,2.0,1.0,0.1382950429979246,0.038906906003830954,0.17720194900175557,958,20,22,0,0,0,,,f9ad8636938fab558383c1bf3cfd84674424bc1219fdfde6c07ae7374213a86c,2026-09-23T18:41:48.391893+00:00
scenario_00,covasim,3.1.8,10000,100,1,8675310,a81eb8a7b4c49dbd245a57ae13561b313c2c060fc6f00249c6dda8fb36336134,50000,10.0,2.0,0.715,0.1312582720129285,0.09461646899580956,0.22587474100873806,6123,140,284,16,3437,21,,,1a9f322e86c065d575c0b27f6cdc67ea0843d93002cd9659e7af519a45e52aaf,2026-09-23T19:26:41.493154+00:00
scenario_00,covasim,3.1.8,10000,100,2,8675311,a81eb8a7b4c49dbd245a57ae13561b313c2c060fc6f00249c6dda8fb36336134,50000,10.0,2.0,0.715,0.05767954100156203,0.06896622397471219,0.12664576497627422,5945,117,240,12,3686,24,,,e00850abd382727dbc3b8b246c5905271c93f602cdb30f3630d874a86c6f318b,2026-09-23T19:26:42.504407+00:00
scenario_00,covasim,3.1.8,10000,100,3,8675312,a81eb8a7b4c49dbd245a57ae13561b313c2c060fc6f00249c6dda8fb36336134,50000,10.0,2.0,0.715,0.05703437398187816,0.06633392799994908,0.12336830198182724,6201,142,230,4,3423,21,,,b7d3f317a0d9ad89f11c8899762338b125b3212260ce3786e690b14463d79c12,2026-09-23T19:26:43.365357+00:00
scenario_00,covasim,3.1.8,10000,100,4,8675313,a81eb8a7b4c49dbd245a57ae13561b313c2c060fc6f00249c6dda8fb36336134,50000,10.0,2.0,0.715,0.057193832006305456,0.06664767899201252,0.12384151099831797,6298,111,190,11,3390,19,,,479a5ba59f89d50c59ae2d60553afcfd33f0793dc7fd994ab88149c6c878199a,2026-09-23T19:26:44.245949+00:00
scenario_00,covasim,3.1.8,10000,100,5,8675314,a81eb8a7b4c49dbd245a57ae13561b313c2c060fc6f00249c6dda8fb36336134,50000,10.0,2.0,0.715,0.05744479098939337,0.06794380600331351,0.12538859699270688,6097,107,205,15,3576,24,,,6ded3734cec0dd9a0abc6dc82b53c2ac765342db7a8e3dc548fae497ea9eea35,2026-09-23T19:26:45.145904+00:00
scenario_00,covasim,3.1.8,10000,100,6,8675315,a81eb8a7b4c49dbd245a57ae13561b313c2c060fc6f00249c6dda8fb36336134,50000,10.0,2.0,0.715,0.062341588985873386,0.07123564401990734,0.13357723300578073,6307,114,222,10,3347,21,,,72b94ce420345a83725b2bb5c48f604b7713536a01a2bae283b1790bfe143997,2026-09-23T19:26:46.022220+00:00
scenario_00,covasim,3.1.8,10000,100,7,8675316,a81eb8a7b4c49dbd245a57ae13561b313c2c060fc6f00249c6dda8fb36336134,50000,10.0,2.0,0.715,0.057881166983861476,0.06990739199682139,0.12778855898068286,6026,131,244,9,3590,25,,,571d47dd68c79b86703de63ac7db014c0473a9a7de3c6d62c2f5f11128f6c473,2026-09-23T19:26:46.958444+00:00
scenario_00,covasim,3.1.8,10000,100,8,8675317,a81eb8a7b4c49dbd245a57ae13561b313c2c060fc6f00249c6dda8fb36336134,50000,10.0,2.0,0.715,0.057899875013390556,0.07126585199148394,0.1291657270048745,6014,171,301,12,3502,21,,,650283ece0fd6f952a352b7839eb98a5aefad5b66027529c241f1b78b52611a5,2026-09-23T19:26:47.836838+00:00
scenario_00,covasim,3.1.8,10000,100,9,8675318,a81eb8a7b4c49dbd245a57ae13561b313c2c060fc6f00249c6dda8fb36336134,50000,10.0,2.0,0.715,0.05651262300671078,0.06907430800492875,0.12558693101163954,5920,135,241,12,3692,21,,,55f67091272b54307e543f2adea9a191d638d6070556eff4ac3e545ea43b1550,2026-09-23T19:26:48.709215+00:00
scenario_00,covasim,3.1.8,10000,100,10,8675319,a81eb8a7b4c49dbd245a57ae13561b313c2c060fc6f00249c6dda8fb36336134,50000,10.0,2.0,0.715,0.05982808701810427,0.06631692798691802,0.1261450150050223,6182,111,256,11,3440,22,,,8bf836d3aef257b0a6e7b3f7116ef7a082b9dfd976ed464ed9d92bdc85a4ee1d,2026-09-23T19:26:49.576174+00:00
scenario_00,covasim,3.1.8,10000,100,11,8675320,a81eb8a7b4c49dbd245a57ae13561b313c2c060fc6f00249c6dda8fb36336134,50000,10.0,2.0,0.715,0.05775004098541103,0.06979439200949855,0.12754443299490958,5849,132,238,5,3776,25,,,7856b8399053c47cadb7ddfcc7fc01f319237be429d6f7f6427b4a37d6e109f5,2026-09-23T19:26:50.487256+00:00
scenario_00,covasim,3.1.8,10000,100,12,8675321,a81eb8a7b4c49dbd245a57ae13561b313c2c060fc6f00249c6dda8fb36336134,50000,10.0,2.0,0.715,0.05701578900334425,0.067882222996559,0.12489801199990325,6101,118,220,13,3548,26,,,936b3668ebdb900298066f687ec3090f1f83750e48922e2546a89fbcf90d7323,2026-09-23T19:26:51.342331+00:00
scenario_00,covasim,3.1.8,10000,100,13,8675322,a81eb8a7b4c49dbd245a57ae13561b313c2c060fc6f00249c6dda8fb36336134,50000,10.0,2.0,0.715,0.05941908498061821,0.06844301501405425,0.12786209999467246,5756,141,269,16,3818,21,,,8650f9679921107da61f9816495ba847e872f7d9e0a7a24a5e87536a2c8e36e7,2026-09-23T19:26:52.211521+00:00
scenario_00,covasim,3.1.8,10000,100,14,8675323,a81eb8a7b4c49dbd245a57ae13561b313c2c060fc6f00249c6dda8fb36336134,50000,10.0,2.0,0.715,0.05798899999354035,0.06848476498271339,0.12647376497625373,6039,117,213,20,3611,26,,,fe82dbf3a299e1976f2c173748b339ef16a7ef454deb0666e07dda134da95b92,2026-09-23T19:26:53.094193+00:00
scenario_00,covasim,3.1.8,10000,100,15,8675324,a81eb8a7b4c49dbd245a57ae13561b313c2c060fc6f00249c6dda8fb36336134,50000,10.0,2.0,0.715,0.06873818300664425,0.07752806899952702,0.14626625200617127,6278,118,187,13,3404,17,,,0bb23e8390b445ad782ae139396b11b8d0109271004396c2b7bc9f9ce5d3e13a,2026-09-23T19:26:54.004310+00:00
scenario_00,covasim,3.1.8,10000,100,16,8675325,a81eb8a7b4c49dbd245a57ae13561b313c2c060fc6f00249c6dda8fb36336134,50000,10.0,2.0,0.715,0.05761137400986627,0.07043535201228224,0.1280467260221485,6012,111,215,11,3651,22,,,d0bce5b77f84b1d16cab07124ea38d775dc8023fb7e510b58c1ddca9b295170c,2026-09-23T19:26:54.883664+00:00
scenario_00,covasim,3.1.8,10000,100,17,8675326,a81eb8a7b4c49dbd245a57ae13561b313c2c060fc6f00249c6dda8fb36336134,50000,10.0,2.0,0.715,0.057925041008275,0.06904168298933655,0.12696672399761155,6257,125,244,17,3357,23,,,7408cf0c349782a495f4a7daffd6eb6b0089c144a3bb9319aa1ffb07add86717,2026-09-23T19:26:55.794405+00:00
scenario_00,covasim,3.1.8,10000,100,18,8675327,a81eb8a7b4c49dbd245a57ae13561b313c2c060fc6f00249c6dda8fb36336134,50000,10.0,2.0,0.715,0.05915495997760445,0.06598401101655327,0.12513897099415772,6241,124,250,16,3369,22,,,d4db9caa789fcad9071e29492e4c669cab922c36640e211cf3b360c1aecc3cc6,2026-09-23T19:26:56.698638+00:00
scenario_00,covasim,3.1.8,10000,100,19,8675328,a81eb8a7b4c49dbd245a57ae13561b313c2c060fc6f00249c6dda8fb36336134,50000,10.0,2.0,0.715,0.05796720800572075,0.07018280899501406,0.1281500170007348,6302,114,203,7,3374,23,,,dcfd092fffdadb7fbf2cbced9de526b3f3b88ca7aaa843042b7f3d54867faaa8,2026-09-23T19:26:57.620343+00:00
scenario_00,covasim,3.1.8,10000,100,20,8675329,a81eb8a7b4c49dbd245a57ae13561b313c2c060fc6f00249c6dda8fb36336134,50000,10.0,2.0,0.715,0.05787370799225755,0.06577588600339368,0.12364959399565123,5696,148,258,15,3883,28,,,2ce67d1a64bf6db621bbba4883ff8ba22aa616c24393f4de1fff4e0789a4a406,2026-09-23T19:26:58.492883+00:00
scenario_00,covasim,3.1.8,10000,100,21,8675330,a81eb8a7b4c49dbd245a57ae13561b313c2c060fc6f00249c6dda8fb36336134,50000,10.0,2.0,0.715,0.05834770799265243,0.06549305299995467,0.1238407609926071,6471,109,204,16,3200,19,,,5c63609200520f06cb9929a5f928d20f70b0ce69b98affe886297921bd6527e5,2026-09-23T19:26:59.346913+00:00
scenario_00,covasim,3.1.8,10000,100,22,8675331,a81eb8a7b4c49dbd245a57ae13561b313c2c060fc6f00249c6dda8fb36336134,50000,10.0,2.0,0.715,0.05864641701919027,0.10039268599939533,0.1590391030185856,5713,112,254,9,3912,29,,,3c4fbd795c75b9bc73a17a8eadc4729cbaceac4f9a8c7673795cd77fb1b243ea,2026-09-23T19:27:00.222285+00:00
scenario_00,covasim,3.1.8,10000,100,23,8675332,a81eb8a7b4c49dbd245a57ae13561b313c2c060fc6f00249c6dda8fb36336134,50000,10.0,2.0,0.715,0.06126221199519932,0.0671982640051283,0.12846047600032762,5888,119,256,15,3722,24,,,ac028280501f9f0ec2bc0b2df87c6513c32b773eb304ed425d59d01bb73a4c3e,2026-09-23T19:27:01.144902+00:00
scenario_00,covasim,3.1.8,10000,100,24,8675333,a81eb8a7b4c49dbd245a57ae13561b313c2c060fc6f00249c6dda8fb36336134,50000,10.0,2.0,0.715,0.05788137498893775,0.06855980699765496,0.1264411819865927,5541,148,281,14,4016,24,,,9b8e8685842caf1a400bcff17c7d58675f0a00d5254c1d7422d85e89eb27448d,2026-09-23T19:27:02.016396+00:00
scenario_00,covasim,3.1.8,10000,100,25,8675334,a81eb8a7b4c49dbd245a57ae13561b313c2c060fc6f00249c6dda8fb36336134,50000,10.0,2.0,0.715,0.05677512299735099,0.06707951301359572,0.1238546360109467,6108,147,281,11,3453,20,,,fe9dc1da5cb5c3a7f066df4404d661b758b778e32ca6ee14027f26b2de60f165,2026-09-23T19:27:02.887257+00:00
scenario_00,covasim,3.1.8,10000,100,26,8675335,a81eb8a7b4c49dbd245a57ae13561b313c2c060fc6f00249c6dda8fb36336134,50000,10.0,2.0,0.715,0.05642949801404029,0.0682604729954619,0.12468997100950219,5944,150,262,13,3631,23,,,75069895d9600b4554c9406d426c8d902672026cbf0fbcd0315bcdbf18c976d5,2026-09-23T19:27:03.726156+00:00
scenario_00,covasim,3.1.8,10000,100,27,8675336,a81eb8a7b4c49dbd245a57ae13561b313c2c060fc6f00249c6dda8fb36336134,50000,10.0,2.0,0.715,0.05867695901542902,0.06691051297821105,0.12558747199364007,5924,116,223,5,3732,23,,,340311ebabc75474b65c397ebb46121493b40c1f293c805041c3c5568c100aff,2026-09-23T19:27:04.570410+00:00
scenario_00,covasim,3.1.8,10000,100,28,8675337,a81eb8a7b4c49dbd245a57ae13561b313c2c060fc6f00249c6dda8fb36336134,50000,10.0,2.0,0.715,0.058231584989698604,0.06667147000553086,0.12490305499522947,6349,121,232,11,3287,21,,,6609a4d04937d229ecec4bd17f9affc2121ed2fc4ff750039ed4c7c792ba1ec0,2026-09-23T19:27:05.436315+00:00
scenario_00,covasim,3.1.8,10000,100,29,8675338,a81eb8a7b4c49dbd245a57ae13561b313c2c060fc6f00249c6dda8fb36336134,50000,10.0,2.0,0.715,0.059273460006807,0.0690508910047356,0.1283243510115426,5668,169,287,16,3860,22,,,f26b56303c72cd3f5bfbc17477d2fe873fddd3b6e7beed98191f647f13549b8b,2026-09-23T19:27:06.362136+00:00
scenario_00,covasim,3.1.8,10000,100,30,8675339,a81eb8a7b4c49dbd245a57ae13561b313c2c060fc6f00249c6dda8fb36336134,50000,10.0,2.0,0.715,0.05786279099993408,0.068907473993022,0.12677026499295607,6079,141,224,17,3539,20,,,7f1761522ee910cf435eb63ccdc46b94eda5e4a23c8edd2b7a0b78174bb4dfbc,2026-09-23T19:27:07.256698+00:00
scenario_00,covasim,3.1.8,10000,100,31,8675340,a81eb8a7b4c49dbd245a57ae13561b313c2c060fc6f00249c6dda8fb36336134,50000,10.0,2.0,0.715,0.06446930099627934,0.06936947500798851,0.13383877600426786,6364,106,206,13,3311,20,,,10cf3194d572a536eff01e8dedb00ed746e4b876e5f36850295b454f512e1fca,2026-09-23T19:27:08.111267+00:00
scenario_00,covasim,3.1.8,10000,100,32,8675341,a81eb8a7b4c49dbd245a57ae13561b313c2c060fc6f00249c6dda8fb36336134,50000,10.0,2.0,0.715,0.056732497992925346,0.06706672100699507,0.12379921899992041,6431,100,216,9,3244,19,,,7ea7d3a9fbd545a735cb0ed5c83baf8ccf15de2680094bf9384520683f985cc4,2026-09-23T19:27:08.973343+00:00
scenario_00,covasim,3.1.8,10000,100,33,8675342,a81eb8a7b4c49dbd245a57ae13561b313c2c060fc6f00249c6dda8fb36336134,50000,10.0,2.0,0.715,0.05746408301638439,0.06512476000352763,0.12258884301991202,6034,103,221,15,3627,22,,,ae87fc88286d13143db9ef75670e688001f7f7355ddfde48ae15f85d683b7e48,2026-09-23T19:27:09.817492+00:00
scenario_00,covasim,3.1.8,10000,100,34,8675343,a81eb8a7b4c49dbd245a57ae13561b313c2c060fc6f00249c6dda8fb36336134,50000,10.0,2.0,0.715,0.06014608597615734,0.07324281401815824,0.13338889999431558,5900,134,234,12,3720,22,,,2b2b2aeeba02f9d5fbfa4b0032f907873b533f494dd8b221e949e7f9987834fb,2026-09-23T19:27:10.710366+00:00
scenario_00,covasim,3.1.8,10000,100,35,8675344,a81eb8a7b4c49dbd245a57ae13561b313c2c060fc6f00249c6dda8fb36336134,50000,10.0,2.0,0.715,0.06005658596404828,0.0702327260223683,0.13028931198641658,5635,128,279,12,3946,27,,,6cc89a47e5f1c6af15e820dae243b09fba5a43f8fdf608b6847682b85d2496f4,2026-09-23T19:27:11.671237+00:00
scenario_00,covasim,3.1.8,10000,100,36,8675345,a81eb8a7b4c49dbd245a57ae13561b313c2c060fc6f00249c6dda8fb36336134,50000,10.0,2.0,0.715,0.059956876997603104,0.0699105589883402,0.1298674359859433,6083,123,244,16,3534,23,,,98db237f8e5955b5fdb438d45df2bbf916afa88a69e4ece28958e7dc73a4247d,2026-09-23T19:27:12.593053+00:00
scenario_00,covasim,3.1.8,10000,100,37,8675346,a81eb8a7b4c49dbd245a57ae13561b313c2c060fc6f00249c6dda8fb36336134,50000,10.0,2.0,0.715,0.06068183702882379,0.07163322798442096,0.13231506501324475,5940,144,230,18,3668,23,,,888e065af9d4414679e00960696314ceb280b2fba139a80d718e37b06f2f86b3,2026-09-23T19:27:13.540271+00:00
scenario_00,covasim,3.1.8,10000,100,38,8675347,a81eb8a7b4c49dbd245a57ae13561b313c2c060fc6f00249c6dda8fb36336134,50000,10.0,2.0,0.715,0.061487545986892655,0.07050247699953616,0.1319900229864288,5962,109,199,8,3722,24,,,b05ec8c2a1243c59ad86115b5727000ab67394ba88d3519a8ad4e646fe9f58e2,2026-09-23T19:27:14.479523+00:00
scenario_00,covasim,3.1.8,10000,100,39,8675348,a81eb8a7b4c49dbd245a57ae13561b313c2c060fc6f00249c6dda8fb36336134,50000,10.0,2.0,0.715,0.057318040024256334,0.06855451597948559,0.12587255600374192,5850,122,228,17,3783,28,,,ba20b934c608405b46db6dec285735daa0ec544273b8b643d0cdc9a5e22f2175,2026-09-23T19:27:15.403243+00:00
scenario_00,covasim,3.1.8,10000,100,40,8675349,a81eb8a7b4c49dbd245a57ae13561b313c2c060fc6f00249c6dda8fb36336134,50000,10.0,2.0,0.715,0.063332050020108,0.0739703559956979,0.1373024060158059,5879,112,223,17,3769,25,,,86760c1c57d74f3839268502661b4ee3986138df1cff64da10e19a92bb755ad6,2026-09-23T19:27:16.279952+00:00
scenario_00,covasim,3.1.8,10000,100,41,8675350,a81eb8a7b4c49dbd245a57ae13561b313c2c060fc6f00249c6dda8fb36336134,50000,10.0,2.0,0.715,0.059754793997853994,0.06604067800799385,0.12579547200584784,6354,123,208,15,3300,22,,,8e0190df381b6df8d5b9c84e8e59c97ee95e8e295bfba6e8499c05b9c6612c39,2026-09-23T19:27:17.201239+00:00
scenario_00,covasim,3.1.8,10000,100,42,8675351,a81eb8a7b4c49dbd245a57ae13561b313c2c060fc6f00249c6dda8fb36336134,50000,10.0,2.0,0.715,0.060078920010710135,0.0677000560099259,0.12777897602063604,6149,141,247,8,3455,23,,,af0e36954f94d895d099b724a5258d02b0e1dae78ca9410adf0300b207857f22,2026-09-23T19:27:18.140018+00:00
scenario_00,covasim,3.1.8,10000,100,43,8675352,a81eb8a7b4c49dbd245a57ae13561b313c2c060fc6f00249c6dda8fb36336134,50000,10.0,2.0,0.715,0.0602141700219363,0.06861455697799101,0.1288287269999273,5848,151,262,12,3727,24,,,ffb6d44944e21c4a3fcc1e1ecd1a960c532ff1bc13ba61d279deb940dd69e83e,2026-09-23T19:27:19.025111+00:00
scenario_00,covasim,3.1.8,10000,100,44,8675353,a81eb8a7b4c49dbd245a57ae13561b313c2c060fc6f00249c6dda8fb36336134,50000,10.0,2.0,0.715,0.058178250008495525,0.06514784399769269,0.12332609400618821,6437,98,208,9,3248,20,,,6c80345e0549a8de3a570832c9d5d667bade304d4234d7f31458a2905a1c3ccd,2026-09-23T19:27:19.894265+00:00
scenario_00,covasim,3.1.8,10000,100,45,8675354,a81eb8a7b4c49dbd245a57ae13561b313c2c060fc6f00249c6dda8fb36336134,50000,10.0,2.0,0.715,0.057947290973970667,0.06882676601526327,0.12677405698923394,5797,147,270,16,3770,22,,,17fd7d2bc5822815e4a7fa331e9be6741727813d5ae752ed21eda8720a8b453e,2026-09-23T19:27:20.756216+00:00
scenario_00,covasim,3.1.8,10000,100,46,8675355,a81eb8a7b4c49dbd245a57ae13561b313c2c060fc6f00249c6dda8fb36336134,50000,10.0,2.0,0.715,0.07049351802561432,0.06981364198145457,0.1403071600070689,6183,117,240,13,3447,26,,,c08186f34a408eb2e05614736764a6637dcf73bce7fd368eba90a913d0f22bf4,2026-09-23T19:27:21.648781+00:00
scenario_00,covasim,3.1.8,10000,100,47,8675356,a81eb8a7b4c49dbd245a57ae13561b313c2c060fc6f00249c6dda8fb36336134,50000,10.0,2.0,0.715,0.05641208100132644,0.06523125999956392,0.12164334100089036,6242,91,204,12,3451,22,,,79989a29664df769d40c7bcfa91cea700eb10fb4b027545a3ff26e27e5302ff2,2026-09-23T19:27:22.503486+00:00
scenario_00,covasim,3.1.8,10000,100,48,8675357,a81eb8a7b4c49dbd245a57ae13561b313c2c060fc6f00249c6dda8fb36336134,50000,10.0,2.0,0.715,0.056902456999523565,0.06571684399386868,0.12261930099339224,6324,121,211,11,3333,20,,,5da15631e652e7d61a809a0ea6e5c3978674301083869532e0af2dd39b6b7784,2026-09-23T19:27:23.349181+00:00
scenario_00,covasim,3.1.8,10000,100,49,8675358,a81eb8a7b4c49dbd245a57ae13561b313c2c060fc6f00249c6dda8fb36336134,50000,10.0,2.0,0.715,0.05841225100448355,0.06667872099205852,0.12509097199654207,6341,122,197,9,3331,23,,,f96491e45ff4a1e95daefb0aa92cf4c0892a4fe01fbd61a17c8757bd572d65c6,2026-09-23T19:27:24.227362+00:00
scenario_00,covasim,3.1.8,10000,100,50,8675359,a81eb8a7b4c49dbd245a57ae13561b313c2c060fc6f00249c6dda8fb36336134,50000,10.0,2.0,0.715,0.058480458974372596,0.06866409900248982,0.12714455797686242,5964,109,213,17,3697,28,,,90304d4e579e8532e15a7ba24a612e1d82782273ba372848f067d02bbeed6972,2026-09-23T19:27:25.073336+00:00
scenario_00,covasim,3.1.8,10000,100,51,8675360,a81eb8a7b4c49dbd245a57ae13561b313c2c060fc6f00249c6dda8fb36336134,50000,10.0,2.0,0.715,0.05782462499337271,0.06821738902362995,0.12604201401700266,5819,142,266,14,3759,21,,,aab44145cc4d5052fb387a9d378b88f4432b746ac060edbfda3f61f84e54b1d7,2026-09-23T19:27:25.936878+00:00
scenario_00,covasim,3.1.8,10000,100,52,8675361,a81eb8a7b4c49dbd245a57ae13561b313c2c060fc6f00249c6dda8fb36336134,50000,10.0,2.0,0.715,0.06419021700276062,0.07142418599687517,0.13561440299963579,6339,121,180,9,3351,26,,,e863a4df3c5b4da4d619917f9e672f4e52aa638cd7302986c868a5b2164a6a36,2026-09-23T19:27:26.819851+00:00
scenario_00,covasim,3.1.8,10000,100,53,8675362,a81eb8a7b4c49dbd245a57ae13561b313c2c060fc6f00249c6dda8fb36336134,50000,10.0,2.0,0.715,0.05846275098156184,0.06756972201401368,0.12603247299557552,6455,111,177,11,3246,21,,,0871577ed42533d672ed0ad3323da808d6b919615120e0b726f5fb570f6beeb7,2026-09-23T19:27:27.738464+00:00
scenario_00,covasim,3.1.8,10000,100,54,8675363,a81eb8a7b4c49dbd245a57ae13561b313c2c060fc6f00249c6dda8fb36336134,50000,10.0,2.0,0.715,0.059571418998530135,0.06682792899664491,0.12639934799517505,6181,123,227,18,3451,23,,,f1cba67c427df3ee3956f0e38d50ad741f94ff92fdb89a2997efdfaefb137681,2026-09-23T19:27:28.609627+00:00
scenario_00,covasim,3.1.8,10000,100,55,8675364,a81eb8a7b4c49dbd245a57ae13561b313c2c060fc6f00249c6dda8fb36336134,50000,10.0,2.0,0.715,0.05819437498576008,0.06625701201846823,0.12445138700422831,6208,95,224,12,3461,22,,,74a2c88309ff9b3b0ec442c7a176a6dad6042625a879911f127bb071af84d917,2026-09-23T19:27:29.483762+00:00
scenario_00,covasim,3.1.8,10000,100,56,8675365,a81eb8a7b4c49dbd245a57ae13561b313c2c060fc6f00249c6dda8fb36336134,50000,10.0,2.0,0.715,0.057481540978187695,0.06790293101221323,0.12538447199040093,5639,133,228,14,3986,28,,,15b9770b05b0507170e58308cd7330e7c3e585eb81a8d74da3510491a58dbd4d,2026-09-23T19:27:30.349785+00:00
scenario_00,covasim,3.1.8,10000,100,57,8675366,a81eb8a7b4c49dbd245a57ae13561b313c2c060fc6f00249c6dda8fb36336134,50000,10.0,2.0,0.715,0.06150837999302894,0.06858409900451079,0.13009247899753973,6398,117,175,9,3301,21,,,28314230757a8d0482638085bfb4543022866bb3717475bfd7efc988313e4d97,2026-09-23T19:27:31.273180+00:00
scenario_00,covasim,3.1.8,10000,100,58,8675367,a81eb8a7b4c49dbd245a57ae13561b313c2c060fc6f00249c6dda8fb36336134,50000,10.0,2.0,0.715,0.06241517298622057,0.07434477400965989,0.13675994699588045,5785,125,261,15,3814,27,,,33ac621d9032f3de02a6af623a4f5c7560b0b25e738359173a003c7d073c06c8,2026-09-23T19:27:32.180980+00:00
scenario_00,covasim,3.1.8,10000,100,59,8675368,a81eb8a7b4c49dbd245a57ae13561b313c2c060fc6f00249c6dda8fb36336134,50000,10.0,2.0,0.715,0.05731545697199181,0.06725943001220003,0.12457488698419183,6421,136,205,12,3226,19,,,ccfec3aa55be029cd084f5a14bed27d57d761e85edae6121fe79de99744f2efa,2026-09-23T19:27:33.114625+00:00
scenario_00,covasim,3.1.8,10000,100,60,8675369,a81eb8a7b4c49dbd245a57ae13561b313c2c060fc6f00249c6dda8fb36336134,50000,10.0,2.0,0.715,0.06047317001502961,0.06978080898988992,0.13025397900491953,6395,98,200,11,3296,24,,,f938fb32488ad3e3d111a04d02a4ebe029f84cd582fbc894c3cea96219db0ca4,2026-09-23T19:27:33.969724+00:00
scenario_00,covasim,3.1.8,10000,100,61,8675370,a81eb8a7b4c49dbd245a57ae13561b313c2c060fc6f00249c6dda8fb36336134,50000,10.0,2.0,0.715,0.05703995699877851,0.06758722200174816,0.12462717900052667,5683,145,266,11,3895,28,,,df02527011389e4c3de2a2f067297356605679628c71707eeb795b70bcaab8f1,2026-09-23T19:27:34.836059+00:00
scenario_00,covasim,3.1.8,10000,100,62,8675371,a81eb8a7b4c49dbd245a57ae13561b313c2c060fc6f00249c6dda8fb36336134,50000,10.0,2.0,0.715,0.06093908799812198,0.06759763800073415,0.12853672599885613,6324,112,218,17,3329,23,,,d055e86ef2b82b4d225d955b4865b97b00b7351006f953d0ec35a740e9af0685,2026-09-23T19:27:35.719886+00:00
scenario_00,covasim,3.1.8,10000,100,63,8675372,a81eb8a7b4c49dbd245a57ae13561b313c2c060fc6f00249c6dda8fb36336134,50000,10.0,2.0,0.715,0.060347378021106124,0.06564792798599228,0.1259953060070984,5925,127,255,10,3683,23,,,ce48955151821854cbf567288ed314e0790ff9efb9e79ec7305a2c9a8e7974bc,2026-09-23T19:27:36.592163+00:00
scenario_00,covasim,3.1.8,10000,100,64,8675373,a81eb8a7b4c49dbd245a57ae13561b313c2c060fc6f00249c6dda8fb36336134,50000,10.0,2.0,0.715,0.05858845901093446,0.06576651099021547,0.12435497000114992,6196,114,243,9,3438,22,,,765c6285ec20ad0eb0afc0bd2e2d8677cdfcaa8d85ce88c0ee0ce0c4535927e6,2026-09-23T19:27:37.448496+00:00
scenario_00,covasim,3.1.8,10000,100,65,8675374,a81eb8a7b4c49dbd245a57ae13561b313c2c060fc6f00249c6dda8fb36336134,50000,10.0,2.0,0.715,0.07012255897279829,0.07891573800588958,0.14903829697868787,5718,146,289,10,3837,28,,,7348e60be1d36475ee664487c8e03c8fc562294f3362b7fe0faaaa83cd03482b,2026-09-23T19:27:38.456313+00:00
scenario_00,covasim,3.1.8,10000,100,66,8675375,a81eb8a7b4c49dbd245a57ae13561b313c2c060fc6f00249c6dda8fb36336134,50000,10.0,2.0,0.715,0.06022779500926845,0.06918301599216647,0.12941081100143492,6520,97,190,8,3185,25,,,be0658596171979c7d9e5a73a5a9ac439169781d1f5f8dbebbc6659859f813df,2026-09-23T19:27:39.372707+00:00
scenario_00,covasim,3.1.8,10000,100,67,8675376,a81eb8a7b4c49dbd245a57ae13561b313c2c060fc6f00249c6dda8fb36336134,50000,10.0,2.0,0.715,0.0587265019712504,0.06523626000853255,0.12396276197978295,6220,113,206,15,3446,22,,,a1a2f0a9a5fd87f0949d56d6d99fb3cd304f6623e4f8a27027b0fda2e4553b22,2026-09-23T19:27:40.217923+00:00
scenario_00,covasim,3.1.8,10000,100,68,8675377,a81eb8a7b4c49dbd245a57ae13561b313c2c060fc6f00249c6dda8fb36336134,50000,10.0,2.0,0.715,0.05819699997664429,0.06803693101392128,0.12623393099056557,5955,143,276,7,3619,26,,,203948b1db2bc8f333eb8b78470c5aa5fdd7571053557c32e305857e64d0099d,2026-09-23T19:27:41.074880+00:00
scenario_00,covasim,3.1.8,10000,100,69,8675378,a81eb8a7b4c49dbd245a57ae13561b313c2c060fc6f00249c6dda8fb36336134,50000,10.0,2.0,0.715,0.05988425202667713,0.0679619729926344,0.12784622501931153,6113,116,247,12,3512,22,,,273562dbb0816e4e88f3f9470f8261e7fc357b315fbd512c3ccec611ed0aa1d4,2026-09-23T19:27:41.960595+00:00
scenario_00,covasim,3.1.8,10000,100,70,8675379,a81eb8a7b4c49dbd245a57ae13561b313c2c060fc6f00249c6dda8fb36336134,50000,10.0,2.0,0.715,0.062002380000194535,0.0802304910030216,0.14223287100321613,5897,154,275,10,3664,25,,,348aa1ef2af26111e539d71b31f1bf477cf12b1dfdc2dc90049e171a789247c9,2026-09-23T19:27:42.844269+00:00
scenario_00,covasim,3.1.8,10000,100,71,8675380,a81eb8a7b4c49dbd245a57ae13561b313c2c060fc6f00249c6dda8fb36336134,50000,10.0,2.0,0.715,0.061361629981547594,0.0691293909912929,0.1304910209728405,6223,122,205,12,3438,23,,,e656fb8ce725d858689312f035ba7d72679569865758c9f803bc8d9e84c7aa9e,2026-09-23T19:27:43.781068+00:00
scenario_00,covasim,3.1.8,10000,100,72,8675381,a81eb8a7b4c49dbd245a57ae13561b313c2c060fc6f00249c6dda8fb36336134,50000,10.0,2.0,0.715,0.05816974997287616,0.06647622102173045,0.12464597099460661,5923,118,210,13,3736,26,,,c2ab4e01fa2f2f0772ffb9f17904a96a273ae8737033b3b9e7b6157da46bfc7b,2026-09-23T19:27:44.650975+00:00
scenario_00,covasim,3.1.8,10000,100,73,8675382,a81eb8a7b4c49dbd245a57ae13561b313c2c060fc6f00249c6dda8fb36336134,50000,10.0,2.0,0.715,0.05882470900542103,0.0671112629934214,0.12593597199884243,6140,100,202,14,3544,21,,,7f78ac64ab1d1359a42d928cf1afc8636962912f17b8020310d4edb56140dea0,2026-09-23T19:27:45.519727+00:00
scenario_00,covasim,3.1.8,10000,100,74,8675383,a81eb8a7b4c49dbd245a57ae13561b313c2c060fc6f00249c6dda8fb36336134,50000,10.0,2.0,0.715,0.05825591701432131,0.06884651599102654,0.12710243300534785,5916,137,264,19,3664,29,,,e1b6568890d7319be01a87bc493f5099a1823aa841e8f45791bc51e8195d6299,2026-09-23T19:27:46.377177+00:00
scenario_00,covasim,3.1.8,10000,100,75,8675384,a81eb8a7b4c49dbd245a57ae13561b313c2c060fc6f00249c6dda8fb36336134,50000,10.0,2.0,0.715,0.05893604300217703,0.07369614799972624,0.13263219100190327,6233,105,198,13,3451,25,,,5c45d254284d81eb32d75cb509cce90067ee3b89b964a4131b4af7ad74e9c962,2026-09-23T19:27:47.245438+00:00
scenario_00,covasim,3.1.8,10000,100,76,8675385,a81eb8a7b4c49dbd245a57ae13561b313c2c060fc6f00249c6dda8fb36336134,50000,10.0,2.0,0.715,0.06434276001527905,0.07590952498139814,0.1402522849966772,5961,127,230,18,3664,31,,,b5f1b95528be03d945bb38c997096ae82b3460fca46193eb8711c3297418ebae,2026-09-23T19:27:48.167478+00:00
scenario_00,covasim,3.1.8,10000,100,77,8675386,a81eb8a7b4c49dbd245a57ae13561b313c2c060fc6f00249c6dda8fb36336134,50000,10.0,2.0,0.715,0.0573291240434628,0.06830801497562788,0.12563713901909068,6320,102,185,7,3386,27,,,eda67d94d23653c6103eb7fbdeaa3e32c638324d3e46d8807f2a1ee6a16be81f,2026-09-23T19:27:49.043896+00:00
scenario_00,covasim,3.1.8,10000,100,78,8675387,a81eb8a7b4c49dbd245a57ae13561b313c2c060fc6f00249c6dda8fb36336134,50000,10.0,2.0,0.715,0.058919461007462814,0.06991305798874237,0.12883251899620518,6049,117,202,11,3621,26,,,884ccd56f8338931436e45b7b33e3359a2a11a6960fe91d240cf8c16db5f76bd,2026-09-23T19:27:49.914897+00:00
scenario_00,covasim,3.1.8,10000,100,79,8675388,a81eb8a7b4c49dbd245a57ae13561b313c2c060fc6f00249c6dda8fb36336134,50000,10.0,2.0,0.715,0.05776199899264611,0.06767172200488858,0.1254337209975347,5896,127,213,12,3752,25,,,ca08825b4a255163fc50e85aa05f3ac94eb4485407bf069c32c2d4088105eb17,2026-09-23T19:27:50.776769+00:00
scenario_00,covasim,3.1.8,10000,100,80,8675389,a81eb8a7b4c49dbd245a57ae13561b313c2c060fc6f00249c6dda8fb36336134,50000,10.0,2.0,0.715,0.057874040998285636,0.06827134799095802,0.12614538898924366,6023,121,282,18,3556,21,,,6626644d11d7a7c98d6c96288e529e43cd05e7896c7f664c8a0fa693e870069b,2026-09-23T19:27:51.627456+00:00
scenario_00,covasim,3.1.8,10000,100,81,8675390,a81eb8a7b4c49dbd245a57ae13561b313c2c060fc6f00249c6dda8fb36336134,50000,10.0,2.0,0.715,0.05706720697344281,0.06967643401003443,0.12674364098347723,5823,131,241,16,3789,27,,,0c9024379766c4712e9ca2ad1ce2b30ff7ea18d3a7faf5e4689b14f7911e42f3,2026-09-23T19:27:52.502822+00:00
scenario_00,covasim,3.1.8,10000,100,82,8675391,a81eb8a7b4c49dbd245a57ae13561b313c2c060fc6f00249c6dda8fb36336134,50000,10.0,2.0,0.715,0.05984154497855343,0.07010289200115949,0.12994443697971292,6449,135,240,13,3163,22,,,bf6ac8d0ce4e7ed40055d442ec371fd8803edd1b400f06002cc70bc7b418f6ef,2026-09-23T19:27:53.360103+00:00
scenario_00,covasim,3.1.8,10000,100,83,8675392,a81eb8a7b4c49dbd245a57ae13561b313c2c060fc6f00249c6dda8fb36336134,50000,10.0,2.0,0.715,0.05786966800224036,0.06790922197978944,0.1257788899820298,6202,100,194,8,3496,20,,,54b0de6ff2ceb8ada8d5f1f6b1b74f4975aee50f6c9b36955e4ea600fe1fe246,2026-09-23T19:27:54.268719+00:00
scenario_00,covasim,3.1.8,10000,100,84,8675393,a81eb8a7b4c49dbd245a57ae13561b313c2c060fc6f00249c6dda8fb36336134,50000,10.0,2.0,0.715,0.06005996200838126,0.06780155599699356,0.12786151800537482,6008,108,217,10,3657,23,,,29cbdde51a8227f2a1c9b475fb9d30e48f73eeb912344439407ec96356c23e09,2026-09-23T19:27:55.185470+00:00
scenario_00,covasim,3.1.8,10000,100,85,8675394,a81eb8a7b4c49dbd245a57ae13561b313c2c060fc6f00249c6dda8fb36336134,50000,10.0,2.0,0.715,0.05856679199496284,0.06742284700158052,0.12598963899654336,6563,125,217,13,3082,23,,,0b03a081be5a54ab0d7c965b332ab35355d7bf4615ae13930a64bb0108bbf5ea,2026-09-23T19:27:56.100778+00:00
scenario_00,covasim,3.1.8,10000,100,86,8675395,a81eb8a7b4c49dbd245a57ae13561b313c2c060fc6f00249c6dda8fb36336134,50000,10.0,2.0,0.715,0.05704683199292049,0.06750047201057896,0.12454730400349945,6227,101,205,14,3453,20,,,a560e74d251cfec2155527cfe212e5782ea45482d9c594dce0410740379bda22,2026-09-23T19:27:56.952810+00:00
scenario_00,covasim,3.1.8,10000,100,87,8675396,a81eb8a7b4c49dbd245a57ae13561b313c2c060fc6f00249c6dda8fb36336134,50000,10.0,2.0,0.715,0.057315374026075006,0.06780051399255171,0.12511588801862672,6163,96,194,4,3543,27,,,a32df44019b8756d92198a08308495f1dc91be9ab50d9b4efe30e04f6182348f,2026-09-23T19:27:57.803338+00:00
scenario_00,covasim,3.1.8,10000,100,88,8675397,a81eb8a7b4c49dbd245a57ae13561b313c2c060fc6f00249c6dda8fb36336134,50000,10.0,2.0,0.715,0.05940554401604459,0.06646513700252399,0.12587068101856858,6131,137,224,13,3495,29,,,05566e01f7a194d5343013de2b0660e358eb71ab85bb61b3b3e0e8738628c9dd,2026-09-23T19:27:58.653013+00:00
scenario_00,covasim,3.1.8,10000,100,89,8675398,a81eb8a7b4c49dbd245a57ae13561b313c2c060fc6f00249c6dda8fb36336134,50000,10.0,2.0,0.715,0.05927587699261494,0.07130289400811307,0.130578771000728,5829,150,256,16,3749,27,,,e0cb7ed5e4bad0a62cc746930bcd01808c1fbb78f169461c00b4c9d829740e9e,2026-09-23T19:27:59.548101+00:00
scenario_00,covasim,3.1.8,10000,100,90,8675399,a81eb8a7b4c49dbd245a57ae13561b313c2c060fc6f00249c6dda8fb36336134,50000,10.0,2.0,0.715,0.05706599898985587,0.06794363900553435,0.12500963799539022,6041,119,256,17,3567,23,,,e6707eb27e277f4eed776e969fb0206da87f49546c97810218306705da7a5195,2026-09-23T19:28:00.423148+00:00
scenario_00,covasim,3.1.8,10000,100,91,8675400,a81eb8a7b4c49dbd245a57ae13561b313c2c060fc6f00249c6dda8fb36336134,50000,10.0,2.0,0.715,0.05734958199900575,0.06655234599020332,0.12390192798920907,6094,129,265,10,3502,21,,,76ad98a3c2e100ef7257ff4c03c4b5b95cdb8965a9a158d18e02750756b055b6,2026-09-23T19:28:01.275112+00:00
scenario_00,covasim,3.1.8,10000,100,92,8675401,a81eb8a7b4c49dbd245a57ae13561b313c2c060fc6f00249c6dda8fb36336134,50000,10.0,2.0,0.715,0.058400250010890886,0.06630905400379561,0.1247093040146865,6024,98,196,13,3669,26,,,11e7a64fcd80f93ea5559e695f88c1e7bfac4e1cae3d007c1205e6657b2ad6bf,2026-09-23T19:28:02.130450+00:00
scenario_00,covasim,3.1.8,10000,100,93,8675402,a81eb8a7b4c49dbd245a57ae13561b313c2c060fc6f00249c6dda8fb36336134,50000,10.0,2.0,0.715,0.058233124000253156,0.06897493300493807,0.12720805700519122,5736,118,241,12,3893,24,,,ada6f602d261fc04608b33fbd343f0ba250ced3d5349af57f2db8f3c2fd73223,2026-09-23T19:28:02.983938+00:00
scenario_00,covasim,3.1.8,10000,100,94,8675403,a81eb8a7b4c49dbd245a57ae13561b313c2c060fc6f00249c6dda8fb36336134,50000,10.0,2.0,0.715,0.058325666992459446,0.06608722000964917,0.12441288700210862,6055,140,259,15,3531,24,,,af6103e0f3154482879d38e8fed54d7c4a90f05aef7fedf4b5fb11ff007d1c56,2026-09-23T19:28:03.849970+00:00
scenario_00,covasim,3.1.8,10000,100,95,8675404,a81eb8a7b4c49dbd245a57ae13561b313c2c060fc6f00249c6dda8fb36336134,50000,10.0,2.0,0.715,0.05846275098156184,0.06655376200797036,0.1250165129895322,5865,124,229,11,3771,20,,,9e7dc75bf22814a52b4aec65a9bad251ba0648954c3f035e885facfe826bc302,2026-09-23T19:28:04.725646+00:00
scenario_00,covasim,3.1.8,10000,100,96,8675405,a81eb8a7b4c49dbd245a57ae13561b313c2c060fc6f00249c6dda8fb36336134,50000,10.0,2.0,0.715,0.05866899999091402,0.06742155601386912,0.12609055600478314,5682,170,282,20,3846,23,,,03d969b3a01d4770a345ffb672e5c995eaa91e465438014832fb9015b43aba40,2026-09-23T19:28:05.580920+00:00
scenario_00,covasim,3.1.8,10000,100,97,8675406,a81eb8a7b4c49dbd245a57ae13561b313c2c060fc6f00249c6dda8fb36336134,50000,10.0,2.0,0.715,0.05791804299224168,0.06725459601148032,0.125172639003722,6219,137,265,8,3371,19,,,dfeb30d8f27ffa2dce91616ef56b55311586a641b2a306c614206063af74f509,2026-09-23T19:28:06.463205+00:00
scenario_00,covasim,3.1.8,10000,100,98,8675407,a81eb8a7b4c49dbd245a57ae13561b313c2c060fc6f00249c6dda8fb36336134,50000,10.0,2.0,0.715,0.0580314590188209,0.07061243397765793,0.12864389299647883,6306,132,250,13,3299,21,,,09752c014e601030109d404b47bd83bd6c60c2c21478fa50aab86e492e57d8aa,2026-09-23T19:28:07.326744+00:00
scenario_00,covasim,3.1.8,10000,100,99,8675408,a81eb8a7b4c49dbd245a57ae13561b313c2c060fc6f00249c6dda8fb36336134,50000,10.0,2.0,0.715,0.05827637601760216,0.06709976299316622,0.12537613901076838,5990,106,253,19,3632,21,,,3076d38ad2fbdf1d82a5b75f58abacf4bbed573d04a83e559facba5c4c8d91ed,2026-09-23T19:28:08.193118+00:00
scenario_00,covasim,3.1.8,10000,100,100,8675409,a81eb8a7b4c49dbd245a57ae13561b313c2c060fc6f00249c6dda8fb36336134,50000,10.0,2.0,0.715,0.06216417299583554,0.07143139399704523,0.13359556699288078,6293,98,196,6,3407,29,,,e380e3128dd7a91a47f5894159bc819782c23a2440ddd07a33b200ad83d349e2,2026-09-23T19:28:09.080492+00:00
scenario_00,covasim,3.1.8,100000,100,1,8775310,83b4e1da2783f17377cf65d5f9c270629dd633191f581ff139c5b60c5d080e99,500000,10.0,2.0,0.71,0.23253135799313895,0.3673585320066195,0.5998898899997585,93629,435,685,41,5210,41,,,61caf55d847a2ff5041aae9b9ef430694322fd9af2adda8f3700fc024aa73655,2026-09-23T19:07:21.598837+00:00
scenario_00,covasim,3.1.8,100000,100,2,8775311,83b4e1da2783f17377cf65d5f9c270629dd633191f581ff139c5b60c5d080e99,500000,10.0,2.0,0.71,0.21397369398619048,0.3812932900036685,0.595266983989859,93160,444,723,29,5644,36,,,b792d1209bb0b361cf8f557d63f30a045add23de7b2840482fa08a38d1d12c09,2026-09-23T19:07:22.977018+00:00
scenario_00,covasim,3.1.8,100000,100,3,8775312,83b4e1da2783f17377cf65d5f9c270629dd633191f581ff139c5b60c5d080e99,500000,10.0,2.0,0.71,0.2144328169815708,0.36939348600571975,0.5838263029872905,93473,427,757,37,5306,39,,,8a6f9a54ceec64bf5529c3b48e5f37dcb03e3908f1e6c3f740329dfccd1516cb,2026-09-23T19:07:24.356662+00:00
scenario_00,covasim,3.1.8,100000,100,4,8775313,83b4e1da2783f17377cf65d5f9c270629dd633191f581ff139c5b60c5d080e99,500000,10.0,2.0,0.71,0.20375046800472774,0.37520888799917884,0.5789593560039066,93133,458,783,43,5583,43,,,359e51947cd8ba75ab1c1168c988f6e603a66a7d8f9f867dd24d04b83b704683,2026-09-23T19:07:25.717357+00:00
scenario_00,covasim,3.1.8,100000,100,5,8775314,83b4e1da2783f17377cf65d5f9c270629dd633191f581ff139c5b60c5d080e99,500000,10.0,2.0,0.71,0.22729424497811124,0.4037428620213177,0.6310371069994289,94671,290,517,18,4504,28,,,5aa34c07ab78a0bf6403812262eaa1ef7f8db92a97b6fcbb6c2552bbca99e4c0,2026-09-23T19:07:27.224210+00:00
scenario_00,covasim,3.1.8,100000,100,6,8775315,83b4e1da2783f17377cf65d5f9c270629dd633191f581ff139c5b60c5d080e99,500000,10.0,2.0,0.71,0.2602502070076298,0.4026749890181236,0.6629251960257534,94325,357,579,27,4712,30,,,ee352dcc988e38455a931e22d09b101587305267dd1402b06e4908f0decb4894,2026-09-23T19:07:28.792606+00:00
scenario_00,covasim,3.1.8,100000,100,7,8775316,83b4e1da2783f17377cf65d5f9c270629dd633191f581ff139c5b60c5d080e99,500000,10.0,2.0,0.71,0.22138705098768696,0.3584383040142711,0.5798253550019581,94016,415,679,24,4866,34,,,f05478ae51069f1951b93da40caed9db6aebb87cefed196853a12aa9bbdce846,2026-09-23T19:07:30.190468+00:00
scenario_00,covasim,3.1.8,100000,100,8,8775317,83b4e1da2783f17377cf65d5f9c270629dd633191f581ff139c5b60c5d080e99,500000,10.0,2.0,0.71,0.22162709198892117,0.3628022519988008,0.584429343987722,93815,390,658,26,5111,31,,,87af184b3dc7a83222f241f23e264e6e159c9d430448328cc31c7a7f9224a94f,2026-09-23T19:07:31.527756+00:00
scenario_00,covasim,3.1.8,100000,100,9,8775318,83b4e1da2783f17377cf65d5f9c270629dd633191f581ff139c5b60c5d080e99,500000,10.0,2.0,0.71,0.20876045699696988,0.3629357930039987,0.5716962500009686,93782,369,658,31,5160,36,,,0979afb4dc725c27090eeca2e619f69af4a23587fef51e30661274f2ade2c265,2026-09-23T19:07:32.860951+00:00
scenario_00,covasim,3.1.8,100000,100,10,8775319,83b4e1da2783f17377cf65d5f9c270629dd633191f581ff139c5b60c5d080e99,500000,10.0,2.0,0.71,0.2403874209849164,0.3632145850278903,0.6036020060128067,94129,356,621,20,4874,34,,,1b9c04085148262a19fd375d92fbf63741bc68b0e906c290a0f953f0dd041c1d,2026-09-23T19:07:34.233169+00:00
scenario_00,covasim,3.1.8,100000,100,11,8775320,83b4e1da2783f17377cf65d5f9c270629dd633191f581ff139c5b60c5d080e99,500000,10.0,2.0,0.71,0.21587785601150244,0.37809850700432435,0.5939763630158268,95419,265,480,19,3817,25,,,4383dfaf94c135ee834a21334f391d70fa3b92ca720c641659f4698e1b51fcd4,2026-09-23T19:07:35.587337+00:00
scenario_00,covasim,3.1.8,100000,100,12,8775321,83b4e1da2783f17377cf65d5f9c270629dd633191f581ff139c5b60c5d080e99,500000,10.0,2.0,0.71,0.2125809470016975,0.36996677599381655,0.582547722995514,93040,433,759,37,5731,45,,,97de8cdf17412ffe8f12820b0c2dd5a1de797823feda470e65cf91617c840573,2026-09-23T19:07:36.934815+00:00
scenario_00,covasim,3.1.8,100000,100,13,8775322,83b4e1da2783f17377cf65d5f9c270629dd633191f581ff139c5b60c5d080e99,500000,10.0,2.0,0.71,0.2036824269744102,0.34286859101848677,0.546551017992897,94283,377,575,23,4742,29,,,f0031784eba1e9d9fd0067403ddbe7ba013bbed02e518060589678081e27285c,2026-09-23T19:07:38.242302+00:00
scenario_00,covasim,3.1.8,100000,100,14,8775323,83b4e1da2783f17377cf65d5f9c270629dd633191f581ff139c5b60c5d080e99,500000,10.0,2.0,0.71,0.20799862500280142,0.35101640500943176,0.5590150300122332,93846,383,658,41,5072,41,,,410286b8d39dc3155dc5bd3b120693bf8898ee0acae78ba511a2fbda8c78ba1f,2026-09-23T19:07:39.522405+00:00
scenario_00,covasim,3.1.8,100000,100,15,8775324,83b4e1da2783f17377cf65d5f9c270629dd633191f581ff139c5b60c5d080e99,500000,10.0,2.0,0.71,0.21067278404370882,0.3962521299836226,0.6069249140273314,94332,327,538,20,4783,30,,,7ae5cbc4d585b5ffa9a0d98772b69f58381c7c525943e0e14480b05fea9b3f8d,2026-09-23T19:07:40.877095+00:00
scenario_00,covasim,3.1.8,100000,100,16,8775325,83b4e1da2783f17377cf65d5f9c270629dd633191f581ff139c5b60c5d080e99,500000,10.0,2.0,0.71,0.21171236500958912,0.39420392698957585,0.605916291999165,92963,460,759,33,5785,37,,,6f7707756c080eb74c736c7ae013eed070793142483b25a4b1e1c292c7b78e45,2026-09-23T19:07:42.351634+00:00
scenario_00,covasim,3.1.8,100000,100,17,8775326,83b4e1da2783f17377cf65d5f9c270629dd633191f581ff139c5b60c5d080e99,500000,10.0,2.0,0.71,0.23184473300352693,0.3636793339974247,0.5955240670009516,93569,401,662,43,5325,46,,,65e550783d052170d7619d1902a1daa86aa5840b6aaf3e47438d75f886017a26,2026-09-23T19:07:43.835742+00:00
scenario_00,covasim,3.1.8,100000,100,18,8775327,83b4e1da2783f17377cf65d5f9c270629dd633191f581ff139c5b60c5d080e99,500000,10.0,2.0,0.71,0.20642212801612914,0.3427334250009153,0.5491555530170444,94610,331,531,21,4507,33,,,072b32538378ecac7149f62e751192b42ff749098617444879d4994c00ad21a6,2026-09-23T19:07:45.106982+00:00
scenario_00,covasim,3.1.8,100000,100,19,8775328,83b4e1da2783f17377cf65d5f9c270629dd633191f581ff139c5b60c5d080e99,500000,10.0,2.0,0.71,0.1959973199700471,0.3445110880129505,0.5405084079829976,93898,372,603,31,5096,35,,,1025ffd75da394ef55663c54e98027b49a6f6414384bf7703c33a9830aa4d07a,2026-09-23T19:07:46.368639+00:00
scenario_00,covasim,3.1.8,100000,100,20,8775329,83b4e1da2783f17377cf65d5f9c270629dd633191f581ff139c5b60c5d080e99,500000,10.0,2.0,0.71,0.1971671920036897,0.34282825799891725,0.539995450002607,94555,319,497,19,4610,34,,,466f018a3cce1b3a38fbae1e7e602692ad0e59f13b82f448d6fbd33ba4e0ad01,2026-09-23T19:07:47.623954+00:00
scenario_00,covasim,3.1.8,100000,100,21,8775330,83b4e1da2783f17377cf65d5f9c270629dd633191f581ff139c5b60c5d080e99,500000,10.0,2.0,0.71,0.200831600028323,0.3893407709838357,0.5901723710121587,93423,422,737,32,5386,47,,,6b01ed0c5fc35535803e84e4c1227533ddc09409cb149333e3c753ac6f9a229d,2026-09-23T19:07:48.929330+00:00
scenario_00,covasim,3.1.8,100000,100,22,8775331,83b4e1da2783f17377cf65d5f9c270629dd633191f581ff139c5b60c5d080e99,500000,10.0,2.0,0.71,0.21613327198429033,0.38026437599910423,0.5963976479833946,94884,325,533,33,4225,33,,,ef2081f659c17f97a11e34d9b63bb2e37bca8ed49bb17816a3eb7f193049ea4c,2026-09-23T19:07:50.400385+00:00
scenario_00,covasim,3.1.8,100000,100,23,8775332,83b4e1da2783f17377cf65d5f9c270629dd633191f581ff139c5b60c5d080e99,500000,10.0,2.0,0.71,0.21629127103369683,0.42329581498051994,0.6395870860142168,93289,433,736,27,5515,36,,,61a989469cf9fd98ba1b402b78b664311010f8a8230c9986d800e1b8d30884a6,2026-09-23T19:07:51.954229+00:00
scenario_00,covasim,3.1.8,100000,100,24,8775333,83b4e1da2783f17377cf65d5f9c270629dd633191f581ff139c5b60c5d080e99,500000,10.0,2.0,0.71,0.21121732500614598,0.3746098479896318,0.5858271729957778,93469,361,630,27,5513,36,,,6526e438a3b90511059e47d16bc777e186d1800e292f5d1fa1922bc9d15b1377,2026-09-23T19:07:53.394196+00:00
scenario_00,covasim,3.1.8,100000,100,25,8775334,83b4e1da2783f17377cf65d5f9c270629dd633191f581ff139c5b60c5d080e99,500000,10.0,2.0,0.71,0.21868097397964448,0.39127780799753964,0.6099587819771841,93794,367,622,32,5185,41,,,965eebe4375136bf6943536a1f616c42b2ce67ab9c406da21aadc544962021b0,2026-09-23T19:07:54.844412+00:00
scenario_00,covasim,3.1.8,100000,100,26,8775335,83b4e1da2783f17377cf65d5f9c270629dd633191f581ff139c5b60c5d080e99,500000,10.0,2.0,0.71,0.20865708199562505,0.3662879100011196,0.5749449919967446,94068,369,645,27,4891,35,,,ce201e5aa5121e551dc8176f9d25b156523c002b4da36f0dd44b3fe33786be5f,2026-09-23T19:07:56.237419+00:00
scenario_00,covasim,3.1.8,100000,100,27,8775336,83b4e1da2783f17377cf65d5f9c270629dd633191f581ff139c5b60c5d080e99,500000,10.0,2.0,0.71,0.2051499649824109,0.35665835000691004,0.5618083149893209,94644,363,593,29,4371,34,,,25a060b83d99115ebcfa2e86cf1938fac6ad6a276788f96330837942cd6094e4,2026-09-23T19:07:57.554908+00:00
scenario_00,covasim,3.1.8,100000,100,28,8775337,83b4e1da2783f17377cf65d5f9c270629dd633191f581ff139c5b60c5d080e99,500000,10.0,2.0,0.71,0.20681470999261364,0.3657403289980721,0.5725550389906857,94606,330,548,27,4489,29,,,bbdceaa2f9672e50132fcf9112c716cf75124740b81353eac837eee1cca6317f,2026-09-23T19:07:58.900526+00:00
scenario_00,covasim,3.1.8,100000,100,29,8775338,83b4e1da2783f17377cf65d5f9c270629dd633191f581ff139c5b60c5d080e99,500000,10.0,2.0,0.71,0.21177482302300632,0.43058063098578714,0.6423554540087935,94477,319,617,28,4559,28,,,ff82bc29e1f45199faaf52a2887e74bc3951c6b1c9a87f15ca633a3a3f087491,2026-09-23T19:08:00.392788+00:00
scenario_00,covasim,3.1.8,100000,100,30,8775339,83b4e1da2783f17377cf65d5f9c270629dd633191f581ff139c5b60c5d080e99,500000,10.0,2.0,0.71,0.2204783449997194,0.3968021699984092,0.6172805149981286,94046,404,599,24,4927,34,,,90e775d819fbc555fb6b0abe606042983a18e01e0256e39cc25311e17ec62d7b,2026-09-23T19:08:01.883754+00:00
scenario_00,covasim,3.1.8,100000,100,31,8775340,83b4e1da2783f17377cf65d5f9c270629dd633191f581ff139c5b60c5d080e99,500000,10.0,2.0,0.71,0.21251786302309483,0.36793736499384977,0.5804552280169446,93835,428,665,35,5037,41,,,4e067b34c08d0884838b3c81524a372164f04fad5aaa875c02c25cc9a6115697,2026-09-23T19:08:03.322133+00:00
scenario_00,covasim,3.1.8,100000,100,32,8775341,83b4e1da2783f17377cf65d5f9c270629dd633191f581ff139c5b60c5d080e99,500000,10.0,2.0,0.71,0.19368178301374428,0.34325563299353234,0.5369374160072766,93721,357,621,29,5272,41,,,05af3b5f046d47f763c760e8fe45e95792aa5242b96ebb90391954f38e5dbd0c,2026-09-23T19:08:04.602334+00:00
scenario_00,covasim,3.1.8,100000,100,33,8775342,83b4e1da2783f17377cf65d5f9c270629dd633191f581ff139c5b60c5d080e99,500000,10.0,2.0,0.71,0.2010279739915859,0.3597639260115102,0.5607919000030961,95239,314,572,18,3857,35,,,1c72bb4df378e36cdae6e69517ae003a823cd5dafdb7e7dbff7c2d1874a2c7c3,2026-09-23T19:08:05.906062+00:00
scenario_00,covasim,3.1.8,100000,100,34,8775343,83b4e1da2783f17377cf65d5f9c270629dd633191f581ff139c5b60c5d080e99,500000,10.0,2.0,0.71,0.1939624500228092,0.35603080998407677,0.549993260006886,93884,384,643,33,5056,35,,,a740e693ec30aef1abf042cd36abc0b719d078063186f94aee3688c630f62b17,2026-09-23T19:08:07.216599+00:00
scenario_00,covasim,3.1.8,100000,100,35,8775344,83b4e1da2783f17377cf65d5f9c270629dd633191f581ff139c5b60c5d080e99,500000,10.0,2.0,0.71,0.19569869499537162,0.3515813209814951,0.5472800159768667,93919,396,679,21,4985,31,,,55b55c1a375f96046e383bd7faf425fec28c496bda8b865aed1f1eac00602728,2026-09-23T19:08:08.517695+00:00
scenario_00,covasim,3.1.8,100000,100,36,8775345,83b4e1da2783f17377cf65d5f9c270629dd633191f581ff139c5b60c5d080e99,500000,10.0,2.0,0.71,0.20351055104401894,0.37162764798267744,0.5751381990266964,94684,279,492,22,4523,30,,,50d951dec4a264be8f2b89f2391b219b40c5c62dcf51618142cc0d9264ef039b,2026-09-23T19:08:09.830126+00:00
scenario_00,covasim,3.1.8,100000,100,37,8775346,83b4e1da2783f17377cf65d5f9c270629dd633191f581ff139c5b60c5d080e99,500000,10.0,2.0,0.71,0.21334352804115042,0.3764839689829387,0.5898274970240891,92545,477,780,40,6158,45,,,d4d2bcfc27c8678434c20adc857b5c411ffa31bff95fb6618a6a0c61de5abc58,2026-09-23T19:08:11.223793+00:00
scenario_00,covasim,3.1.8,100000,100,38,8775347,83b4e1da2783f17377cf65d5f9c270629dd633191f581ff139c5b60c5d080e99,500000,10.0,2.0,0.71,0.20931370498146862,0.39796454200404696,0.6072782469855156,92750,447,792,36,5975,41,,,ce8eb11d844e646c58825171a1a27dbdab5b1740ad3b4bec05a78df665fa5cc3,2026-09-23T19:08:12.627125+00:00
scenario_00,covasim,3.1.8,100000,100,39,8775348,83b4e1da2783f17377cf65d5f9c270629dd633191f581ff139c5b60c5d080e99,500000,10.0,2.0,0.71,0.2098786210117396,0.3975575009826571,0.6074361219943967,93357,467,785,33,5358,34,,,ccee0010e6fc1070c05f5d9b082a25c107b21af6ebd0d773360605456dca817f,2026-09-23T19:08:14.089489+00:00
scenario_00,covasim,3.1.8,100000,100,40,8775349,83b4e1da2783f17377cf65d5f9c270629dd633191f581ff139c5b60c5d080e99,500000,10.0,2.0,0.71,0.21578960499027744,0.4029927389929071,0.6187823439831845,92441,487,816,49,6207,49,,,b654859b45f004c49fdbbc8c50cce5d69cd4bd160445c0345e100a35eb80600e,2026-09-23T19:08:15.580724+00:00
scenario_00,covasim,3.1.8,100000,100,41,8775350,83b4e1da2783f17377cf65d5f9c270629dd633191f581ff139c5b60c5d080e99,500000,10.0,2.0,0.71,0.2202929700142704,0.3963844619865995,0.6166774320008699,93912,397,632,30,5029,35,,,be1294115806935ac3e646733d2ec4eb4b4c398ceefac39a95fac7e7597924d0,2026-09-23T19:08:17.116831+00:00
scenario_00,covasim,3.1.8,100000,100,42,8775351,83b4e1da2783f17377cf65d5f9c270629dd633191f581ff139c5b60c5d080e99,500000,10.0,2.0,0.71,0.21313057001680136,0.37341055998695083,0.5865411300037522,94008,362,630,31,4969,33,,,6fab7c5aa822ba909c11e5ff297363737dbdfa4ac8771c16eeebf23fd3d44225,2026-09-23T19:08:18.589533+00:00
scenario_00,covasim,3.1.8,100000,100,43,8775352,83b4e1da2783f17377cf65d5f9c270629dd633191f581ff139c5b60c5d080e99,500000,10.0,2.0,0.71,0.2172805599984713,0.3794755870185327,0.596756147017004,93984,354,603,21,5038,35,,,d06138861d5abeca68261206920ac4eb46fedcacb63ce7234b6a51ba3322603c,2026-09-23T19:08:20.029434+00:00
scenario_00,covasim,3.1.8,100000,100,44,8775353,83b4e1da2783f17377cf65d5f9c270629dd633191f581ff139c5b60c5d080e99,500000,10.0,2.0,0.71,0.2028012209921144,0.35824722101096995,0.5610484420030843,93468,423,684,32,5393,43,,,69a76d26e51e7ee0ddc623691775df02185b308b9c8dda3f295a93511ccb1dd6,2026-09-23T19:08:21.403174+00:00
scenario_00,covasim,3.1.8,100000,100,45,8775354,83b4e1da2783f17377cf65d5f9c270629dd633191f581ff139c5b60c5d080e99,500000,10.0,2.0,0.71,0.20675525200203992,0.3637833750108257,0.5705386270128656,93493,432,718,35,5322,35,,,3570dea89d3134a553005f56b2257e17a36fb3160a7630ad7d431a5b062a8669,2026-09-23T19:08:22.827339+00:00
scenario_00,covasim,3.1.8,100000,100,46,8775355,83b4e1da2783f17377cf65d5f9c270629dd633191f581ff139c5b60c5d080e99,500000,10.0,2.0,0.71,0.19984706002287567,0.366172910988098,0.5660199710109737,93690,400,703,42,5165,42,,,539d046665af8ac8ed37d5933a8ceefd0044712c7da910b062f9df2c8c17a59f,2026-09-23T19:08:24.142970+00:00
scenario_00,covasim,3.1.8,100000,100,47,8775356,83b4e1da2783f17377cf65d5f9c270629dd633191f581ff139c5b60c5d080e99,500000,10.0,2.0,0.71,0.20829191702068783,0.3580348459945526,0.5663267630152404,94482,335,563,28,4592,31,,,eebf954cdcdb36b3101d0d2a14b51c0a7cc378a215e7e3037bc263463b25cc44,2026-09-23T19:08:25.461435+00:00
scenario_00,covasim,3.1.8,100000,100,48,8775357,83b4e1da2783f17377cf65d5f9c270629dd633191f581ff139c5b60c5d080e99,500000,10.0,2.0,0.71,0.20616896101273596,0.36071759098558687,0.5668865519983228,92959,459,778,32,5772,35,,,97815ae2092e5cb2daa2876b2baec407471e172f77055959dbb3a39bd74cff2f,2026-09-23T19:08:26.788332+00:00
scenario_00,covasim,3.1.8,100000,100,49,8775358,83b4e1da2783f17377cf65d5f9c270629dd633191f581ff139c5b60c5d080e99,500000,10.0,2.0,0.71,0.20627487802994438,0.3621343369886745,0.5684092150186189,93972,369,607,30,5022,40,,,4f091a2ea81f146f98b0d6f0160bdbb2fda617a5911d8dff3718b388003090ca,2026-09-23T19:08:28.161207+00:00
scenario_00,covasim,3.1.8,100000,100,50,8775359,83b4e1da2783f17377cf65d5f9c270629dd633191f581ff139c5b60c5d080e99,500000,10.0,2.0,0.71,0.20600604498758912,0.3600185510003939,0.566024595987983,93767,385,646,29,5173,32,,,b2c7cfe4d13df058b7f7e84347003a3b951732151f5e82fbcf9cb996fd2228c2,2026-09-23T19:08:29.482837+00:00
scenario_00,covasim,3.1.8,100000,100,51,8775360,83b4e1da2783f17377cf65d5f9c270629dd633191f581ff139c5b60c5d080e99,500000,10.0,2.0,0.71,0.20203967997804284,0.36761678202310577,0.5696564620011486,94253,386,594,35,4732,37,,,6939ce25328a749f90c186d206984e41d315a83942c931a950e1b9f2bcac6fe4,2026-09-23T19:08:30.804333+00:00
scenario_00,covasim,3.1.8,100000,100,52,8775361,83b4e1da2783f17377cf65d5f9c270629dd633191f581ff139c5b60c5d080e99,500000,10.0,2.0,0.71,0.21577473101206124,0.3637154999887571,0.5794902310008183,92463,526,930,50,6031,50,,,bdf020ed26e2f9e6c75184ba2efd1c1e81ff5522d6d9b2c7e8d73de7464ede90,2026-09-23T19:08:32.142826+00:00
scenario_00,covasim,3.1.8,100000,100,53,8775362,83b4e1da2783f17377cf65d5f9c270629dd633191f581ff139c5b60c5d080e99,500000,10.0,2.0,0.71,0.19950501999119297,0.35955726000247523,0.5590622799936682,93428,395,623,35,5519,36,,,d5612be34c495f4e1ee046314f532455449429bf43fae82de1dc0ab9868696e2,2026-09-23T19:08:33.474735+00:00
scenario_00,covasim,3.1.8,100000,100,54,8775363,83b4e1da2783f17377cf65d5f9c270629dd633191f581ff139c5b60c5d080e99,500000,10.0,2.0,0.71,0.20453100799932145,0.35267006800859235,0.5572010760079138,95133,279,469,29,4090,31,,,ebea2048e1e46a3e47e280f3685ae4284d5cf009578ded31c167a1902373c4ee,2026-09-23T19:08:34.802800+00:00
scenario_00,covasim,3.1.8,100000,100,55,8775364,83b4e1da2783f17377cf65d5f9c270629dd633191f581ff139c5b60c5d080e99,500000,10.0,2.0,0.71,0.20153918000869453,0.35443577301339246,0.555974953022087,94192,391,637,24,4756,33,,,a89af5b1578e961ad832829307e63434f9090c969e8f75ab5b0e69d11629ca94,2026-09-23T19:08:36.109327+00:00
scenario_00,covasim,3.1.8,100000,100,56,8775365,83b4e1da2783f17377cf65d5f9c270629dd633191f581ff139c5b60c5d080e99,500000,10.0,2.0,0.71,0.20510892401216552,0.3649691629980225,0.570078087010188,93037,436,727,28,5772,39,,,7eac83d420dacd02da1d0dc6fa29578b3de0e497085318538f4e81b36db7cfa8,2026-09-23T19:08:37.422616+00:00
scenario_00,covasim,3.1.8,100000,100,57,8775366,83b4e1da2783f17377cf65d5f9c270629dd633191f581ff139c5b60c5d080e99,500000,10.0,2.0,0.71,0.20638108599814586,0.35828638801467605,0.5646674740128219,94717,348,543,19,4373,28,,,0b65d604d2b64a84ece4d4a3ddf0e454653afb11c5e0906bf6265203d87c7507,2026-09-23T19:08:38.821161+00:00
scenario_00,covasim,3.1.8,100000,100,58,8775367,83b4e1da2783f17377cf65d5f9c270629dd633191f581ff139c5b60c5d080e99,500000,10.0,2.0,0.71,0.20557779702357948,0.3643100399931427,0.5698878370167222,94373,339,575,24,4689,27,,,40e763c0699797836d6820d41d2715a3961b56bc2e035795bd4bad17cb973dbc,2026-09-23T19:08:40.155152+00:00
scenario_00,covasim,3.1.8,100000,100,59,8775368,83b4e1da2783f17377cf65d5f9c270629dd633191f581ff139c5b60c5d080e99,500000,10.0,2.0,0.71,0.20563213000423275,0.369503819005331,0.5751359490095638,92944,502,766,39,5749,47,,,de661a19be80207433ae45f8b95e2de41ee587749a00e18aa651dd0b801c0f75,2026-09-23T19:08:41.515800+00:00
scenario_00,covasim,3.1.8,100000,100,60,8775369,83b4e1da2783f17377cf65d5f9c270629dd633191f581ff139c5b60c5d080e99,500000,10.0,2.0,0.71,0.205092839023564,0.3759490959928371,0.5810419350164011,95042,294,539,26,4099,29,,,3a144fc412bbbc33e290ac3ff45d07c66a05f05148b1227fc0e84cda1cec1aa5,2026-09-23T19:08:42.849557+00:00
scenario_00,covasim,3.1.8,100000,100,61,8775370,83b4e1da2783f17377cf65d5f9c270629dd633191f581ff139c5b60c5d080e99,500000,10.0,2.0,0.71,0.2036127169849351,0.3730770609981846,0.5766897779831197,92912,493,788,39,5768,49,,,ba70ecc63f4a3fec7c3b8d9339a2df3d971f0d8d43d0090250f7ebbe03e8e80d,2026-09-23T19:08:44.201132+00:00
scenario_00,covasim,3.1.8,100000,100,62,8775371,83b4e1da2783f17377cf65d5f9c270629dd633191f581ff139c5b60c5d080e99,500000,10.0,2.0,0.71,0.2087911639828235,0.3655080370081123,0.5742992009909358,93364,422,714,30,5470,44,,,0b142e56c10a8a2f911a58f81c11ff217eadce60210bd0c7edb151bfac64e18f,2026-09-23T19:08:45.575203+00:00
scenario_00,covasim,3.1.8,100000,100,63,8775372,83b4e1da2783f17377cf65d5f9c270629dd633191f581ff139c5b60c5d080e99,500000,10.0,2.0,0.71,0.2059631299925968,0.3666255759890191,0.5725887059816159,93856,393,648,15,5088,29,,,c60719acae84762f0b8dbfc8ebe13073f8b35381a770717098595a5b7d7f1e92,2026-09-23T19:08:46.936789+00:00
scenario_00,covasim,3.1.8,100000,100,64,8775373,83b4e1da2783f17377cf65d5f9c270629dd633191f581ff139c5b60c5d080e99,500000,10.0,2.0,0.71,0.20033456000965089,0.37564272098825313,0.575977280997904,94217,355,593,31,4804,32,,,10f9333158a2e07589b91e3c05030235dfbe2d85a0ccc7aec4f9db5955da771b,2026-09-23T19:08:48.287833+00:00
scenario_00,covasim,3.1.8,100000,100,65,8775374,83b4e1da2783f17377cf65d5f9c270629dd633191f581ff139c5b60c5d080e99,500000,10.0,2.0,0.71,0.21134890799294226,0.3749548479972873,0.5863037559902295,93281,420,725,18,5556,34,,,5b3f8d89bc2abb02e2a44572c703f5173cd4b868eaf87fe96f003760e82eb93e,2026-09-23T19:08:49.649665+00:00
scenario_00,covasim,3.1.8,100000,100,66,8775375,83b4e1da2783f17377cf65d5f9c270629dd633191f581ff139c5b60c5d080e99,500000,10.0,2.0,0.71,0.2072866270027589,0.36919277801644057,0.5764794050191995,94017,392,674,25,4892,37,,,88560b569b3563048b68c09050bd8a87c2ee12118ee863c131f18a171f9ba0c6,2026-09-23T19:08:51.028354+00:00
scenario_00,covasim,3.1.8,100000,100,67,8775376,83b4e1da2783f17377cf65d5f9c270629dd633191f581ff139c5b60c5d080e99,500000,10.0,2.0,0.71,0.20450325700221583,0.3714460649935063,0.5759493219957221,94272,298,541,33,4856,33,,,9587a5a168b4b3b132f33e2e5ec82437b1b60731715e061ad04494cd50a6807d,2026-09-23T19:08:52.402475+00:00
scenario_00,covasim,3.1.8,100000,100,68,8775377,83b4e1da2783f17377cf65d5f9c270629dd633191f581ff139c5b60c5d080e99,500000,10.0,2.0,0.71,0.21008545299991965,0.37566397100454196,0.5857494240044616,93536,421,677,36,5330,45,,,8fedeb13a3d30af9972f92507edd982af4d121d402a03ee2f1508abf34b0034c,2026-09-23T19:08:53.797520+00:00
scenario_00,covasim,3.1.8,100000,100,69,8775378,83b4e1da2783f17377cf65d5f9c270629dd633191f581ff139c5b60c5d080e99,500000,10.0,2.0,0.71,0.21319281903561205,0.38203112297924235,0.5952239420148544,92627,485,781,32,6075,40,,,a8bfd67a8908c0a38b7e548690cc0ddc086253445a85063bb2cf8715e3a8178b,2026-09-23T19:08:55.188212+00:00
scenario_00,covasim,3.1.8,100000,100,70,8775379,83b4e1da2783f17377cf65d5f9c270629dd633191f581ff139c5b60c5d080e99,500000,10.0,2.0,0.71,0.20540283899754286,0.3712618150166236,0.5766646540141664,94400,332,596,20,4652,26,,,f746de750db6c4f053d09693e999b1fdc510f485bd52dda5575e00d47d2f6f92,2026-09-23T19:08:56.580055+00:00
scenario_00,covasim,3.1.8,100000,100,71,8775380,83b4e1da2783f17377cf65d5f9c270629dd633191f581ff139c5b60c5d080e99,500000,10.0,2.0,0.71,0.20928453898523003,0.37001365100149997,0.57929818998673,94524,306,497,28,4645,33,,,983f4e50115271c10a33fcabec973e3e9efe7aca7ead8b1bf49988ca530057f3,2026-09-23T19:08:57.974887+00:00
scenario_00,covasim,3.1.8,100000,100,72,8775381,83b4e1da2783f17377cf65d5f9c270629dd633191f581ff139c5b60c5d080e99,500000,10.0,2.0,0.71,0.21210707200225443,0.39037889399332926,0.6024859659955837,93490,427,736,28,5319,36,,,c9cd3b8934d8f85542e6e6ca3198cc6cd6764843ac96cff4f1c2b7cefc1c18da,2026-09-23T19:08:59.415442+00:00
scenario_00,covasim,3.1.8,100000,100,73,8775382,83b4e1da2783f17377cf65d5f9c270629dd633191f581ff139c5b60c5d080e99,500000,10.0,2.0,0.71,0.2028153450228274,0.3693627360044047,0.5721780810272321,94719,378,593,31,4279,33,,,c7eb6da5a9c9371a40d3a500281581891d10b0ca8df9cbd75d8ed7c3e72c294a,2026-09-23T19:09:00.785165+00:00
scenario_00,covasim,3.1.8,100000,100,74,8775383,83b4e1da2783f17377cf65d5f9c270629dd633191f581ff139c5b60c5d080e99,500000,10.0,2.0,0.71,0.2039865929982625,0.37196064600721,0.5759472390054725,94884,313,548,10,4245,24,,,275245059cd8453ea0a5a1e3b194cd2bc278e329fbfd1b7789896736f1542450,2026-09-23T19:09:02.161647+00:00
scenario_00,covasim,3.1.8,100000,100,75,8775384,83b4e1da2783f17377cf65d5f9c270629dd633191f581ff139c5b60c5d080e99,500000,10.0,2.0,0.71,0.2084741240250878,0.368633278994821,0.5771074030199088,92806,439,736,39,5980,39,,,9c2ec61a541dfcb7f1de1c47479cfdb1c6b5158440b1ccb6e70a2af1f83260d7,2026-09-23T19:09:03.517901+00:00
scenario_00,covasim,3.1.8,100000,100,76,8775385,83b4e1da2783f17377cf65d5f9c270629dd633191f581ff139c5b60c5d080e99,500000,10.0,2.0,0.71,0.21136928399209864,0.378105340001639,0.5894746239937376,94342,308,513,28,4809,28,,,a9f364b8947297902e289064e6c35c20bb7dc38666204bbeb0be73913d33a8b5,2026-09-23T19:09:04.914575+00:00
scenario_00,covasim,3.1.8,100000,100,77,8775386,83b4e1da2783f17377cf65d5f9c270629dd633191f581ff139c5b60c5d080e99,500000,10.0,2.0,0.71,0.20863779002684169,0.3671706579916645,0.5758084480185062,93269,475,754,35,5467,41,,,e6fd15e12f69d38c8e28280cf684e3384111a33d45032c778c0af92564f19971,2026-09-23T19:09:06.281088+00:00
scenario_00,covasim,3.1.8,100000,100,78,8775387,83b4e1da2783f17377cf65d5f9c270629dd633191f581ff139c5b60c5d080e99,500000,10.0,2.0,0.71,0.2088740800099913,0.3811212079890538,0.5899952879990451,93451,454,717,23,5355,34,,,0d8d388a2bbbdbea52caca8a294a7efac7076f78f90ee7e2abc1c1b70cc0075b,2026-09-23T19:09:07.656973+00:00
scenario_00,covasim,3.1.8,100000,100,79,8775388,83b4e1da2783f17377cf65d5f9c270629dd633191f581ff139c5b60c5d080e99,500000,10.0,2.0,0.71,0.20643833599751815,0.3679996150021907,0.5744379509997088,94811,310,549,21,4309,26,,,2107eec23696da9253a485b56c8223a2bc9cf51b70d6def1ed5fe2a587df32b1,2026-09-23T19:09:09.039080+00:00
scenario_00,covasim,3.1.8,100000,100,80,8775389,83b4e1da2783f17377cf65d5f9c270629dd633191f581ff139c5b60c5d080e99,500000,10.0,2.0,0.71,0.205607048003003,0.37802992298384197,0.583636970986845,94088,379,585,33,4915,36,,,822feb05ea17515b8b4318c5b4920b70f8428ebb83e7a1f72a80b8f7c3ff1ced,2026-09-23T19:09:10.434643+00:00
scenario_00,covasim,3.1.8,100000,100,81,8775390,83b4e1da2783f17377cf65d5f9c270629dd633191f581ff139c5b60c5d080e99,500000,10.0,2.0,0.71,0.20509279798716307,0.3609118399908766,0.5660046379780397,93815,402,658,41,5084,43,,,e2da948bbb77f5819f294b514d5c8073cdafdcd7a94274207e421444bf105dda,2026-09-23T19:09:11.808965+00:00
scenario_00,covasim,3.1.8,100000,100,82,8775391,83b4e1da2783f17377cf65d5f9c270629dd633191f581ff139c5b60c5d080e99,500000,10.0,2.0,0.71,0.20860116399126127,0.371998563001398,0.5805997269926593,93940,330,635,24,5071,44,,,0790585a4d29d0d1ea70f9d14c42d598f4906dc2048bf4191ee9033783440a6f,2026-09-23T19:09:13.162135+00:00
scenario_00,covasim,3.1.8,100000,100,83,8775392,83b4e1da2783f17377cf65d5f9c270629dd633191f581ff139c5b60c5d080e99,500000,10.0,2.0,0.71,0.20398271799786016,0.3614282550115604,0.5654109730094206,94480,376,575,28,4541,29,,,f2c1c25bc08977253b3b3d6e6754203c432b3ebb7c4f1311da5edb6b7c90f8e3,2026-09-23T19:09:14.508613+00:00
scenario_00,covasim,3.1.8,100000,100,84,8775393,83b4e1da2783f17377cf65d5f9c270629dd633191f581ff139c5b60c5d080e99,500000,10.0,2.0,0.71,0.20470229897182435,0.3680649060115684,0.5727672049833927,94224,359,695,27,4695,31,,,b5e5841776ece2b0cb813e4c3e257d690aa5d0496202f041100d8fce81aa14b0,2026-09-23T19:09:15.893380+00:00
scenario_00,covasim,3.1.8,100000,100,85,8775394,83b4e1da2783f17377cf65d5f9c270629dd633191f581ff139c5b60c5d080e99,500000,10.0,2.0,0.71,0.20644500295748003,0.38349116101744585,0.5899361639749259,94455,371,536,27,4611,33,,,19851aaf4839567d0373fa0de3269ca58e4e8bb3e4cd1635d8fc9205c63401c3,2026-09-23T19:09:17.279095+00:00
scenario_00,covasim,3.1.8,100000,100,86,8775395,83b4e1da2783f17377cf65d5f9c270629dd633191f581ff139c5b60c5d080e99,500000,10.0,2.0,0.71,0.2062381709984038,0.3846060330106411,0.5908442040090449,93936,418,670,39,4937,40,,,46467d3486dac289d47d17fa1c8ffd8aa03925eb70cac4bf81a799d22d97f3c2,2026-09-23T19:09:18.716808+00:00
scenario_00,covasim,3.1.8,100000,100,87,8775396,83b4e1da2783f17377cf65d5f9c270629dd633191f581ff139c5b60c5d080e99,500000,10.0,2.0,0.71,0.2112454500165768,0.40222978199017234,0.6134752320067491,93041,447,719,36,5757,48,,,979180660fd331870fc95b79df24e7984ac017442ebe2852372d6c6b7a771179,2026-09-23T19:09:20.184229+00:00
scenario_00,covasim,3.1.8,100000,100,88,8775397,83b4e1da2783f17377cf65d5f9c270629dd633191f581ff139c5b60c5d080e99,500000,10.0,2.0,0.71,0.3006823600153439,0.37115518999053165,0.6718375500058755,93665,438,675,30,5192,35,,,6c26a93dc30713921f0d7c908ec93fe637ac89ece88a5e606e71f1af0c731b4b,2026-09-23T19:09:21.652374+00:00
scenario_00,covasim,3.1.8,100000,100,89,8775398,83b4e1da2783f17377cf65d5f9c270629dd633191f581ff139c5b60c5d080e99,500000,10.0,2.0,0.71,0.2044102160143666,0.3664024099998642,0.5708126260142308,93336,434,760,38,5432,42,,,b7b12b3499b5134fefc62da1c424fe924dcb9eb2d810893b8fe8d291692bcd66,2026-09-23T19:09:23.026268+00:00
scenario_00,covasim,3.1.8,100000,100,90,8775399,83b4e1da2783f17377cf65d5f9c270629dd633191f581ff139c5b60c5d080e99,500000,10.0,2.0,0.71,0.20576533800340258,0.36175725498469546,0.567522592988098,94104,379,633,29,4855,36,,,7150b0c520139fcd26b5535bd30e6b44235d82f51b83eeb607634ea4fd4fb1d3,2026-09-23T19:09:24.371898+00:00
scenario_00,covasim,3.1.8,100000,100,91,8775400,83b4e1da2783f17377cf65d5f9c270629dd633191f581ff139c5b60c5d080e99,500000,10.0,2.0,0.71,0.21042161900550127,0.3799909189983737,0.5904125380038749,92509,474,805,37,6175,45,,,84df68dd15541a48a0de481fb51d867a449077723d2cc60f25804521ce563278,2026-09-23T19:09:25.746372+00:00
scenario_00,covasim,3.1.8,100000,100,92,8775401,83b4e1da2783f17377cf65d5f9c270629dd633191f581ff139c5b60c5d080e99,500000,10.0,2.0,0.71,0.2421053340076469,0.36768298997776583,0.6097883239854127,93391,466,743,32,5368,38,,,b389c4559f71afb39956ad7c1072df226695a9fcf4da8dbdb992f2940204c618,2026-09-23T19:09:27.147186+00:00
scenario_00,covasim,3.1.8,100000,100,93,8775402,83b4e1da2783f17377cf65d5f9c270629dd633191f581ff139c5b60c5d080e99,500000,10.0,2.0,0.71,0.20308076200308278,0.37604280302184634,0.5791235650249291,94034,326,540,38,5062,38,,,85dc6475043626d366fd460215b08494ece7c11156f61aa9bb442c24f15bec73,2026-09-23T19:09:28.510467+00:00
scenario_00,covasim,3.1.8,100000,100,94,8775403,83b4e1da2783f17377cf65d5f9c270629dd633191f581ff139c5b60c5d080e99,500000,10.0,2.0,0.71,0.20712933500180952,0.3595215509994887,0.5666508860012982,94194,357,548,35,4866,41,,,064f2c18caf20e5e9c970155b61154c55230bd994030388df12148e4a9ae0e42,2026-09-23T19:09:29.861780+00:00
scenario_00,covasim,3.1.8,100000,100,95,8775404,83b4e1da2783f17377cf65d5f9c270629dd633191f581ff139c5b60c5d080e99,500000,10.0,2.0,0.71,0.20391988396295346,0.3665197850205004,0.5704396689834539,94583,338,541,35,4503,35,,,0a8612d18fbc6d8f910946cb5c5644b4fc0606a9acea18f71f43a72e35b7b9b9,2026-09-23T19:09:31.242141+00:00
scenario_00,covasim,3.1.8,100000,100,96,8775405,83b4e1da2783f17377cf65d5f9c270629dd633191f581ff139c5b60c5d080e99,500000,10.0,2.0,0.71,0.20767000000341795,0.36864198799594305,0.576311987999361,93882,344,670,32,5072,34,,,93b923fb2e004215f3e970db8d80bd237ff9cc9dd3b3afeb7625fb5c9cd0c618,2026-09-23T19:09:32.611012+00:00
scenario_00,covasim,3.1.8,100000,100,97,8775406,83b4e1da2783f17377cf65d5f9c270629dd633191f581ff139c5b60c5d080e99,500000,10.0,2.0,0.71,0.20492963201832026,0.37228993797907606,0.5772195699973963,92740,477,772,34,5977,47,,,612ae45d9c257103884ca8c20833f1cbb80d6d4d2957442e2240cd9e94067c30,2026-09-23T19:09:33.956509+00:00
scenario_00,covasim,3.1.8,100000,100,98,8775407,83b4e1da2783f17377cf65d5f9c270629dd633191f581ff139c5b60c5d080e99,500000,10.0,2.0,0.71,0.20473813300486654,0.368801528995391,0.5735396620002575,94122,321,613,27,4917,29,,,0e7674b1f80c620ce358759751819e468fbf0e17c8ff1e8892b64764d1746601,2026-09-23T19:09:35.297334+00:00
scenario_00,covasim,3.1.8,100000,100,99,8775408,83b4e1da2783f17377cf65d5f9c270629dd633191f581ff139c5b60c5d080e99,500000,10.0,2.0,0.71,0.19831998102017678,0.36330816699774005,0.5616281480179168,92980,427,679,32,5882,42,,,373dc3ec8257016dd90a5a0ace21e643e101fc61e297cb851a08c1b7cb62ca92,2026-09-23T19:09:36.643378+00:00
scenario_00,covasim,3.1.8,100000,100,100,8775409,83b4e1da2783f17377cf65d5f9c270629dd633191f581ff139c5b60c5d080e99,500000,10.0,2.0,0.71,0.20734758500475436,0.37589663700782694,0.5832442220125813,93923,394,663,37,4983,42,,,5e364cb3075d8424e9d95e176b3e1d4ee0caf99749fa341d9fb6a0329ab35502,2026-09-23T19:09:37.997858+00:00
scenario_00,epiworldR,0.15.1.0,1000,10,1,8675310,7635ee4af91779574edf0c51b32dfc52852948c78f93ddb8b67c2c94252c023d,5000,10,2,1,0.02,0.001,0.021,961,15,13,0,11,0,,,ff290a6c6fa2bfc28b57f5ae6fb0450751fa1155d4a849f4acfeb7f6f3bd4b2b,2026-09-23 18:41:40 UTC
scenario_00,epiworldR,0.15.1.0,10000,100,1,8675310,a81eb8a7b4c49dbd245a57ae13561b313c2c060fc6f00249c6dda8fb36336134,50000,10,2,1,0.037,0.021,0.058,6491,152,225,11,3121,16,,,9c40ec5712e90d7ad746dcbb1bde450c09a6e3a92ac926ba2359d63a09db9791,2026-09-23 19:26:17 UTC
scenario_00,epiworldR,0.15.1.0,10000,100,2,8675311,a81eb8a7b4c49dbd245a57ae13561b313c2c060fc6f00249c6dda8fb36336134,50000,10,2,1,0.039,0.022,0.061,6048,197,307,14,3434,17,,,0ea0c23b42dc871b302fa106057f60363b1c1dd57753a21462745fda58e798dc,2026-09-23 19:26:17 UTC
scenario_00,epiworldR,0.15.1.0,10000,100,3,8675312,a81eb8a7b4c49dbd245a57ae13561b313c2c060fc6f00249c6dda8fb36336134,50000,10,2,1,0.038,0.022,0.06,5860,177,311,11,3641,21,,,4e7ff8ee6f43b7d42d1074723c7d7ebaa93e47caccc6e75e82e23cb788e6a29c,2026-09-23 19:26:17 UTC
scenario_00,epiworldR,0.15.1.0,10000,100,4,8675313,a81eb8a7b4c49dbd245a57ae13561b313c2c060fc6f00249c6dda8fb36336134,50000,10,2,1,0.036,0.021,0.057,6636,98,191,7,3068,18,,,f8446699e37303cbab93e6e77c954c05e63c18a4cea08ec6f95d8c75accf75d9,2026-09-23 19:26:17 UTC
scenario_00,epiworldR,0.15.1.0,10000,100,5,8675314,a81eb8a7b4c49dbd245a57ae13561b313c2c060fc6f00249c6dda8fb36336134,50000,10,2,1,0.04,0.03,0.07,5653,158,292,12,3885,19,,,590820df638c8c01353e4a7cf49a1fb2048b1cbce8c4e6b32afc943f721d0c3d,2026-09-23 19:26:17 UTC
scenario_00,epiworldR,0.15.1.0,10000,100,6,8675315,a81eb8a7b4c49dbd245a57ae13561b313c2c060fc6f00249c6dda8fb36336134,50000,10,2,1,0.041,0.023,0.064,5778,147,273,13,3789,17,,,6f67064223af20c2933cc9a987101cd6168891964a831fa7b028d0b201070b87,2026-09-23 19:26:18 UTC
scenario_00,epiworldR,0.15.1.0,10000,100,7,8675316,a81eb8a7b4c49dbd245a57ae13561b313c2c060fc6f00249c6dda8fb36336134,50000,10,2,1,0.042,0.024,0.066,5992,152,296,11,3549,22,,,a44789de92fa98958216a1900e5181f664f0aaa45c39227476bebd55eeacc3da,2026-09-23 19:26:18 UTC
scenario_00,epiworldR,0.15.1.0,10000,100,8,8675317,a81eb8a7b4c49dbd245a57ae13561b313c2c060fc6f00249c6dda8fb36336134,50000,10,2,1,0.04,0.022,0.062,6189,169,289,10,3343,20,,,b80a3f339cb24dd9649f8aa8b482c1c81a1045431b7043aaf2025f1728f0dc8a,2026-09-23 19:26:18 UTC
scenario_00,epiworldR,0.15.1.0,10000,100,9,8675318,a81eb8a7b4c49dbd245a57ae13561b313c2c060fc6f00249c6dda8fb36336134,50000,10,2,1,0.039,0.024,0.063,6279,109,239,6,3367,18,,,8edef5aa0420ec1a5788d4e2de758e7672d32686e65e2435b180fadbc30f1b41,2026-09-23 19:26:18 UTC
scenario_00,epiworldR,0.15.1.0,10000,100,10,8675319,a81eb8a7b4c49dbd245a57ae13561b313c2c060fc6f00249c6dda8fb36336134,50000,10,2,1,0.035,0.019,0.054,6621,120,259,7,2993,16,,,2864f6545cc1a5b58f4d1d73c67b337384cf51c2c6cb7be7a5178192828907e5,2026-09-23 19:26:18 UTC
scenario_00,epiworldR,0.15.1.0,10000,100,11,8675320,a81eb8a7b4c49dbd245a57ae13561b313c2c060fc6f00249c6dda8fb36336134,50000,10,2,1,0.035,0.022,0.057,6031,163,265,17,3524,20,,,d01b0e1811c47266b683b7502fbb80f174b177073bf0abd48378c27238577526,2026-09-23 19:26:19 UTC
scenario_00,epiworldR,0.15.1.0,10000,100,12,8675321,a81eb8a7b4c49dbd245a57ae13561b313c2c060fc6f00249c6dda8fb36336134,50000,10,2,1,0.047,0.025,0.072,5495,168,304,19,4014,20,,,581b2c067b920ddf03140ddc1f741fd7e0acd2df6b405685e34675707ee6eaa6,2026-09-23 19:26:19 UTC
scenario_00,epiworldR,0.15.1.0,10000,100,13,8675322,a81eb8a7b4c49dbd245a57ae13561b313c2c060fc6f00249c6dda8fb36336134,50000,10,2,1,0.038,0.024,0.062,6002,162,260,10,3566,20,,,a626263185ce76300b779f02dd523c0e25170368e1dcece619392586f65b72e5,2026-09-23 19:26:19 UTC
scenario_00,epiworldR,0.15.1.0,10000,100,14,8675323,a81eb8a7b4c49dbd245a57ae13561b313c2c060fc6f00249c6dda8fb36336134,50000,10,2,1,0.044,0.021,0.065,6504,117,214,20,3145,20,,,0f0c3263847bcd4869da83f30915137510d85352182bab051a668a5734c90aba,2026-09-23 19:26:19 UTC
scenario_00,epiworldR,0.15.1.0,10000,100,15,8675324,a81eb8a7b4c49dbd245a57ae13561b313c2c060fc6f00249c6dda8fb36336134,50000,10,2,1,0.037,0.022,0.059,6227,134,234,7,3398,18,,,592814a295f315533dfe4e2bd52464e71f54557f8ec46a0672ed3ce2c4b7909a,2026-09-23 19:26:19 UTC
scenario_00,epiworldR,0.15.1.0,10000,100,16,8675325,a81eb8a7b4c49dbd245a57ae13561b313c2c060fc6f00249c6dda8fb36336134,50000,10,2,1,0.035,0.023,0.058,6253,138,207,12,3390,16,,,13a2a0e741f92fe216d449b354c60392f3c1302837e1257ca1befda5deeb3473,2026-09-23 19:26:19 UTC
scenario_00,epiworldR,0.15.1.0,10000,100,17,8675326,a81eb8a7b4c49dbd245a57ae13561b313c2c060fc6f00249c6dda8fb36336134,50000,10,2,1,0.036,0.022,0.058,5777,169,299,18,3737,19,,,27d07ffe1beae159c1d5b6f0c1cbe1d28a24f3d58a551e52b2d451ec90cffcdc,2026-09-23 19:26:20 UTC
scenario_00,epiworldR,0.15.1.0,10000,100,18,8675327,a81eb8a7b4c49dbd245a57ae13561b313c2c060fc6f00249c6dda8fb36336134,50000,10,2,1,0.036,0.024,0.06,5838,129,248,15,3770,20,,,a33550fec4cf86cc121b80e11bd64f41b559ed14a06edcff2c02bbad606e5232,2026-09-23 19:26:20 UTC
scenario_00,epiworldR,0.15.1.0,10000,100,19,8675328,a81eb8a7b4c49dbd245a57ae13561b313c2c060fc6f00249c6dda8fb36336134,50000,10,2,1,0.033,0.02,0.053,6830,125,203,14,2828,17,,,842b3a30ba5a8db5c04442ce42601e2cad5ce1b525c563696e367baba673b2b6,2026-09-23 19:26:20 UTC
scenario_00,epiworldR,0.15.1.0,10000,100,20,8675329,a81eb8a7b4c49dbd245a57ae13561b313c2c060fc6f00249c6dda8fb36336134,50000,10,2,1,0.038,0.02,0.058,6753,115,212,5,2915,18,,,1fd1022c730741ec0aedb574929aafb4c559cf1162ed1a7525b51d0407f3d1e0,2026-09-23 19:26:20 UTC
scenario_00,epiworldR,0.15.1.0,10000,100,21,8675330,a81eb8a7b4c49dbd245a57ae13561b313c2c060fc6f00249c6dda8fb36336134,50000,10,2,1,0.034,0.022,0.056,6110,185,264,15,3426,22,,,46495a286584195c4031143dfd62c834b419f698e89fc6c867cb5b8a9cc3b078,2026-09-23 19:26:20 UTC
scenario_00,epiworldR,0.15.1.0,10000,100,22,8675331,a81eb8a7b4c49dbd245a57ae13561b313c2c060fc6f00249c6dda8fb36336134,50000,10,2,1,0.034,0.022,0.056,5963,148,225,10,3654,15,,,4208da43c45b5cd3bf1b4c54e06af08a91b9fc2f760eb316db92745ac97241a4,2026-09-23 19:26:21 UTC
scenario_00,epiworldR,0.15.1.0,10000,100,23,8675332,a81eb8a7b4c49dbd245a57ae13561b313c2c060fc6f00249c6dda8fb36336134,50000,10,2,1,0.035,0.021,0.056,6494,134,244,14,3114,19,,,e2279b580475cf5fac34d10c159bed6502d29665b6ea6c71cd1edba522104546,2026-09-23 19:26:21 UTC
scenario_00,epiworldR,0.15.1.0,10000,100,24,8675333,a81eb8a7b4c49dbd245a57ae13561b313c2c060fc6f00249c6dda8fb36336134,50000,10,2,1,0.033,0.022,0.055,6018,122,203,6,3651,17,,,18c5f6ff5be159dda3aec322140d00ffa49695377ea6df2fec9e3a2e3321fefd,2026-09-23 19:26:21 UTC
scenario_00,epiworldR,0.15.1.0,10000,100,25,8675334,a81eb8a7b4c49dbd245a57ae13561b313c2c060fc6f00249c6dda8fb36336134,50000,10,2,1,0.034,0.023,0.057,5590,185,306,12,3907,22,,,c4ac2e7976696ed2ca3df2dc3a57d598eeb26f399213fbf45c533b2e44c763f6,2026-09-23 19:26:21 UTC
scenario_00,epiworldR,0.15.1.0,10000,100,26,8675335,a81eb8a7b4c49dbd245a57ae13561b313c2c060fc6f00249c6dda8fb36336134,50000,10,2,1,0.034,0.021,0.055,6534,122,244,12,3088,17,,,fab910cd96e967bc745c790e24fb0badbb7f1080bcf6ccb6a2dccce2f4d62208,2026-09-23 19:26:21 UTC
scenario_00,epiworldR,0.15.1.0,10000,100,27,8675336,a81eb8a7b4c49dbd245a57ae13561b313c2c060fc6f00249c6dda8fb36336134,50000,10,2,1,0.036,0.02,0.056,6429,124,256,11,3180,16,,,2fc45759746ed987e492bcf1e724c9d4ffd819efc629af020c22ff556704fb00,2026-09-23 19:26:21 UTC
scenario_00,epiworldR,0.15.1.0,10000,100,28,8675337,a81eb8a7b4c49dbd245a57ae13561b313c2c060fc6f00249c6dda8fb36336134,50000,10,2,1,0.035,0.021,0.056,6269,167,252,7,3305,17,,,ef70b9c9d49491c2e1fb5167401b9187d7aa1a3a95d6a055465ecfe8178d1deb,2026-09-23 19:26:22 UTC
scenario_00,epiworldR,0.15.1.0,10000,100,29,8675338,a81eb8a7b4c49dbd245a57ae13561b313c2c060fc6f00249c6dda8fb36336134,50000,10,2,1,0.035,0.022,0.057,6330,146,245,12,3267,18,,,762c6703651872d0b6fb0eeb8800f52fdd4a159ed1482c258576690bbbb745fa,2026-09-23 19:26:22 UTC
scenario_00,epiworldR,0.15.1.0,10000,100,30,8675339,a81eb8a7b4c49dbd245a57ae13561b313c2c060fc6f00249c6dda8fb36336134,50000,10,2,1,0.036,0.02,0.056,6414,123,228,9,3226,17,,,c778b90f74baf4623b8ace0ea73c7d4c3a637801a33088d6735427c24b8412cd,2026-09-23 19:26:22 UTC
scenario_00,epiworldR,0.15.1.0,10000,100,31,8675340,a81eb8a7b4c49dbd245a57ae13561b313c2c060fc6f00249c6dda8fb36336134,50000,10,2,1,0.034,0.024,0.058,5764,168,293,11,3764,21,,,89b5210e2382ed367f9eed866afbac64547eb3711f418fe1b3ef767eba93fffe,2026-09-23 19:26:22 UTC
scenario_00,epiworldR,0.15.1.0,10000,100,32,8675341,a81eb8a7b4c49dbd245a57ae13561b313c2c060fc6f00249c6dda8fb36336134,50000,10,2,1,0.033,0.024,0.057,5911,110,211,11,3757,22,,,5c5ee84d27a83009130fd62c9583867fc8ac6bbb019637703627b4a396a17024,2026-09-23 19:26:22 UTC
scenario_00,epiworldR,0.15.1.0,10000,100,33,8675342,a81eb8a7b4c49dbd245a57ae13561b313c2c060fc6f00249c6dda8fb36336134,50000,10,2,1,0.034,0.024,0.058,5702,158,299,15,3826,22,,,0c61f472c01bc413a07767460afec1827b0c8662156c2852367fbb2850dc9c0a,2026-09-23 19:26:22 UTC
scenario_00,epiworldR,0.15.1.0,10000,100,34,8675343,a81eb8a7b4c49dbd245a57ae13561b313c2c060fc6f00249c6dda8fb36336134,50000,10,2,1,0.045,0.022,0.067,6275,142,287,13,3283,16,,,85a128ce2367d3b0cabfebe3cf281075b8e145366824d3fa1b503626106532c2,2026-09-23 19:26:23 UTC
scenario_00,epiworldR,0.15.1.0,10000,100,35,8675344,a81eb8a7b4c49dbd245a57ae13561b313c2c060fc6f00249c6dda8fb36336134,50000,10,2,1,0.038,0.02,0.058,6582,125,243,5,3045,17,,,1e3eb448ab4360bb5bc2eb38538190cd0dd318568f1d4fb5d05b972acd882326,2026-09-23 19:26:23 UTC
scenario_00,epiworldR,0.15.1.0,10000,100,36,8675345,a81eb8a7b4c49dbd245a57ae13561b313c2c060fc6f00249c6dda8fb36336134,50000,10,2,1,0.034,0.021,0.055,6352,149,252,11,3236,16,,,1473ea1e32f2ee66cfec4617baac107f208f40673c3de06d49c23bfec3adc84d,2026-09-23 19:26:23 UTC
scenario_00,epiworldR,0.15.1.0,10000,100,37,8675346,a81eb8a7b4c49dbd245a57ae13561b313c2c060fc6f00249c6dda8fb36336134,50000,10,2,1,0.033,0.026,0.059,6227,138,235,10,3390,19,,,4b8be1af0a40471f8e790d5fa47be6b8176cdd9f9842524c7534bb0c8dab26b6,2026-09-23 19:26:23 UTC
scenario_00,epiworldR,0.15.1.0,10000,100,38,8675347,a81eb8a7b4c49dbd245a57ae13561b313c2c060fc6f00249c6dda8fb36336134,50000,10,2,1,0.041,0.024,0.065,5667,158,307,14,3854,22,,,87f31c2d85abd5036ef51272fc83e4a75ecf0164ae9cdaeb7abca4a377057bc4,2026-09-23 19:26:23 UTC
scenario_00,epiworldR,0.15.1.0,10000,100,39,8675348,a81eb8a7b4c49dbd245a57ae13561b313c2c060fc6f00249c6dda8fb36336134,50000,10,2,1,0.033,0.023,0.056,6164,126,266,7,3437,20,,,ccf7baea93d88c36eb5a00de6eb96a353f6d0902cfc35168c8e777f09a1e4e1a,2026-09-23 19:26:24 UTC
scenario_00,epiworldR,0.15.1.0,10000,100,40,8675349,a81eb8a7b4c49dbd245a57ae13561b313c2c060fc6f00249c6dda8fb36336134,50000,10,2,1,0.035,0.022,0.057,6138,152,269,13,3428,18,,,be85a8014c4ba5ad0c294723b34e6a3f1c7399175fcd41d29ceff050f20c5cdc,2026-09-23 19:26:24 UTC
scenario_00,epiworldR,0.15.1.0,10000,100,41,8675350,a81eb8a7b4c49dbd245a57ae13561b313c2c060fc6f00249c6dda8fb36336134,50000,10,2,1,0.038,0.022,0.06,6281,149,321,16,3233,19,,,ce56ff026e215170e486bd6154bb8e6d90dda8e3fdf2500d28e9e873bec4f521,2026-09-23 19:26:24 UTC
scenario_00,epiworldR,0.15.1.0,10000,100,42,8675351,a81eb8a7b4c49dbd245a57ae13561b313c2c060fc6f00249c6dda8fb36336134,50000,10,2,1,0.038,0.019,0.057,6962,107,204,12,2715,15,,,2ccac8a243a408ac9460bd63642820f1434bd40f94b2e6242eac08865ea5c404,2026-09-23 19:26:24 UTC
scenario_00,epiworldR,0.15.1.0,10000,100,43,8675352,a81eb8a7b4c49dbd245a57ae13561b313c2c060fc6f00249c6dda8fb36336134,50000,10,2,1,0.036,0.022,0.058,6216,139,261,12,3372,17,,,a4b86781ef29d5e363e37eb91c039e7d547ad62e4666784a8bf793ef77d29738,2026-09-23 19:26:24 UTC
scenario_00,epiworldR,0.15.1.0,10000,100,44,8675353,a81eb8a7b4c49dbd245a57ae13561b313c2c060fc6f00249c6dda8fb36336134,50000,10,2,1,0.036,0.022,0.058,6342,139,260,14,3245,18,,,ff5028229e90431f8229e4114343080f09b80cd1fadd3b52f4b2827d2af405b6,2026-09-23 19:26:25 UTC
scenario_00,epiworldR,0.15.1.0,10000,100,45,8675354,a81eb8a7b4c49dbd245a57ae13561b313c2c060fc6f00249c6dda8fb36336134,50000,10,2,1,0.035,0.025,0.06,5796,132,246,14,3812,27,,,3f8a3cb4bfc97ae148184ca1a30dbf4f12e73f026a5e6d47e470cc84c5c829bc,2026-09-23 19:26:25 UTC
scenario_00,epiworldR,0.15.1.0,10000,100,46,8675355,a81eb8a7b4c49dbd245a57ae13561b313c2c060fc6f00249c6dda8fb36336134,50000,10,2,1,0.036,0.022,0.058,6147,151,265,15,3422,22,,,935f733e0cc1d24823a95e5843cb5684c46d1f2eec2b6ade577b0f57c2b0184d,2026-09-23 19:26:25 UTC
scenario_00,epiworldR,0.15.1.0,10000,100,47,8675356,a81eb8a7b4c49dbd245a57ae13561b313c2c060fc6f00249c6dda8fb36336134,50000,10,2,1,0.036,0.022,0.058,6308,147,257,10,3278,22,,,aca72cd9f78d508132d89b55ec890cc2f46703caf6c9b26a0af569c2bb009977,2026-09-23 19:26:25 UTC
scenario_00,epiworldR,0.15.1.0,10000,100,48,8675357,a81eb8a7b4c49dbd245a57ae13561b313c2c060fc6f00249c6dda8fb36336134,50000,10,2,1,0.038,0.023,0.061,5963,153,269,11,3604,21,,,0bea768f4221b400e307c73956e3cbcc8722acee0c64299924ce0768edda5b85,2026-09-23 19:26:25 UTC
scenario_00,epiworldR,0.15.1.0,10000,100,49,8675358,a81eb8a7b4c49dbd245a57ae13561b313c2c060fc6f00249c6dda8fb36336134,50000,10,2,1,0.037,0.026,0.063,5711,172,319,17,3781,22,,,37d757e46dc30a8dce16bfa14a194184cc626d514208254825544ae50e9a3245,2026-09-23 19:26:25 UTC
scenario_00,epiworldR,0.15.1.0,10000,100,50,8675359,a81eb8a7b4c49dbd245a57ae13561b313c2c060fc6f00249c6dda8fb36336134,50000,10,2,1,0.036,0.023,0.059,6287,121,227,9,3356,18,,,349cb9c47c7dc0613ddad315cd0dd3763e687c142835531f5f17af52e63e48bf,2026-09-23 19:26:26 UTC
scenario_00,epiworldR,0.15.1.0,10000,100,51,8675360,a81eb8a7b4c49dbd245a57ae13561b313c2c060fc6f00249c6dda8fb36336134,50000,10,2,1,0.038,0.024,0.062,6264,138,248,9,3341,18,,,75bf43139c40a9bab07a492227008c973bad0e7d4d8f40d6b8e0d3c71d57ccde,2026-09-23 19:26:26 UTC
scenario_00,epiworldR,0.15.1.0,10000,100,52,8675361,a81eb8a7b4c49dbd245a57ae13561b313c2c060fc6f00249c6dda8fb36336134,50000,10,2,1,0.036,0.024,0.06,6040,136,276,8,3540,16,,,3000932789e32e2e908bf5f5ab301aca6f01dcfd90bb2fc93a05817e8bdc1db7,2026-09-23 19:26:26 UTC
scenario_00,epiworldR,0.15.1.0,10000,100,53,8675362,a81eb8a7b4c49dbd245a57ae13561b313c2c060fc6f00249c6dda8fb36336134,50000,10,2,1,0.039,0.021,0.06,6518,134,237,7,3104,12,,,9b94ea142f76366e651b84b0d6df5c7d91ef5bfd24629abe7d822fc8645debd8,2026-09-23 19:26:26 UTC
scenario_00,epiworldR,0.15.1.0,10000,100,54,8675363,a81eb8a7b4c49dbd245a57ae13561b313c2c060fc6f00249c6dda8fb36336134,50000,10,2,1,0.037,0.024,0.061,6331,121,263,15,3270,15,,,6fe4bfc9fca8fda089f185e516bdf08b6cadff7cb7805ed3723ba2e1f8f9aab2,2026-09-23 19:26:26 UTC
scenario_00,epiworldR,0.15.1.0,10000,100,55,8675364,a81eb8a7b4c49dbd245a57ae13561b313c2c060fc6f00249c6dda8fb36336134,50000,10,2,1,0.039,0.023,0.062,6689,148,230,12,2921,14,,,a000decbd9bf51d5a18c368fba0a31d04302e85fa1408eaa5ff6f41683470a15,2026-09-23 19:26:27 UTC
scenario_00,epiworldR,0.15.1.0,10000,100,56,8675365,a81eb8a7b4c49dbd245a57ae13561b313c2c060fc6f00249c6dda8fb36336134,50000,10,2,1,0.038,0.022,0.06,6601,97,206,9,3087,18,,,d612326f3dc5b0f51b3067e7e50ccec2c9d2ccd46cd9f40f2242ff43c615216b,2026-09-23 19:26:27 UTC
scenario_00,epiworldR,0.15.1.0,10000,100,57,8675366,a81eb8a7b4c49dbd245a57ae13561b313c2c060fc6f00249c6dda8fb36336134,50000,10,2,1,0.036,0.022,0.058,6369,143,218,11,3259,18,,,4622d184fd429b7c5bf8daa0f2637b8fc08f8e2b97ae4dfe8d6532afac0c6b5f,2026-09-23 19:26:27 UTC
scenario_00,epiworldR,0.15.1.0,10000,100,58,8675367,a81eb8a7b4c49dbd245a57ae13561b313c2c060fc6f00249c6dda8fb36336134,50000,10,2,1,0.035,0.023,0.058,6143,152,285,14,3406,17,,,f99c4b5b97dea0a9ed01ed5ab909a8d071f11b1a5e4f4bc5fc7def9d5511e5ed,2026-09-23 19:26:27 UTC
scenario_00,epiworldR,0.15.1.0,10000,100,59,8675368,a81eb8a7b4c49dbd245a57ae13561b313c2c060fc6f00249c6dda8fb36336134,50000,10,2,1,0.035,0.024,0.059,5817,168,281,17,3717,23,,,7b867cc37da643970aa7fe06c11e5ebc3b516f65048cf1db3ec54dbd6253481b,2026-09-23 19:26:27 UTC
scenario_00,epiworldR,0.15.1.0,10000,100,60,8675369,a81eb8a7b4c49dbd245a57ae13561b313c2c060fc6f00249c6dda8fb36336134,50000,10,2,1,0.035,0.026,0.061,5396,189,344,20,4051,25,,,3478fa7e494ed79eb992131ec5d817129492ba42a063efb4fea2a7a02c6401f9,2026-09-23 19:26:28 UTC
scenario_00,epiworldR,0.15.1.0,10000,100,61,8675370,a81eb8a7b4c49dbd245a57ae13561b313c2c060fc6f00249c6dda8fb36336134,50000,10,2,1,0.037,0.024,0.061,5847,165,270,10,3708,19,,,582c8e89c5a71e9fcfef7673f7c4acea041e71d92ee13890ea8a2052aeb7d9e1,2026-09-23 19:26:28 UTC
scenario_00,epiworldR,0.15.1.0,10000,100,62,8675371,a81eb8a7b4c49dbd245a57ae13561b313c2c060fc6f00249c6dda8fb36336134,50000,10,2,1,0.035,0.023,0.058,5967,175,312,13,3533,23,,,69b7bad4f570998c9a5116369a30c050dbf81eb722f0854a751d71856bb45442,2026-09-23 19:26:28 UTC
scenario_00,epiworldR,0.15.1.0,10000,100,63,8675372,a81eb8a7b4c49dbd245a57ae13561b313c2c060fc6f00249c6dda8fb36336134,50000,10,2,1,0.036,0.022,0.058,6372,121,235,8,3264,16,,,fd8033686a505ae45beb498b1da2824bd48f101c8231e7641dd0ffb3b8951e4d,2026-09-23 19:26:28 UTC
scenario_00,epiworldR,0.15.1.0,10000,100,64,8675373,a81eb8a7b4c49dbd245a57ae13561b313c2c060fc6f00249c6dda8fb36336134,50000,10,2,1,0.039,0.023,0.062,6065,142,280,13,3500,22,,,9d282fc40e6bab95354265a8c425d752717cbbfcfd4c52a380d6496d9d58ff0b,2026-09-23 19:26:28 UTC
scenario_00,epiworldR,0.15.1.0,10000,100,65,8675374,a81eb8a7b4c49dbd245a57ae13561b313c2c060fc6f00249c6dda8fb36336134,50000,10,2,1,0.034,0.024,0.058,5570,152,274,11,3993,23,,,fbfaca69155a7aa475e7c333b7b2d94591ee65392de5fb5ae3484792371dd446,2026-09-23 19:26:28 UTC
scenario_00,epiworldR,0.15.1.0,10000,100,66,8675375,a81eb8a7b4c49dbd245a57ae13561b313c2c060fc6f00249c6dda8fb36336134,50000,10,2,1,0.033,0.02,0.053,6802,111,220,16,2851,16,,,a3804ef17090c5f2e6dde06a99c77ff8f4b08249a961455fd2c4384456cf7c0a,2026-09-23 19:26:29 UTC
scenario_00,epiworldR,0.15.1.0,10000,100,67,8675376,a81eb8a7b4c49dbd245a57ae13561b313c2c060fc6f00249c6dda8fb36336134,50000,10,2,1,0.035,0.02,0.055,6291,134,266,17,3292,23,,,72c1622584a05cdf2718f3849c42719bbbd5cdec09ec979ab2fc216bc5609ae0,2026-09-23 19:26:29 UTC
scenario_00,epiworldR,0.15.1.0,10000,100,68,8675377,a81eb8a7b4c49dbd245a57ae13561b313c2c060fc6f00249c6dda8fb36336134,50000,10,2,1,0.034,0.022,0.056,6189,126,218,11,3456,20,,,a2d022f5370483bd95ed4a58dc176b7d3352b61d9cd5e873e8909b382d5ba9a4,2026-09-23 19:26:29 UTC
scenario_00,epiworldR,0.15.1.0,10000,100,69,8675378,a81eb8a7b4c49dbd245a57ae13561b313c2c060fc6f00249c6dda8fb36336134,50000,10,2,1,0.035,0.024,0.059,5914,156,231,6,3693,23,,,4d5583b03ee74f986b09ee704a77eb7a86d21631d4f1f04a97bd1b435bdfb141,2026-09-23 19:26:29 UTC
scenario_00,epiworldR,0.15.1.0,10000,100,70,8675379,a81eb8a7b4c49dbd245a57ae13561b313c2c060fc6f00249c6dda8fb36336134,50000,10,2,1,0.034,0.023,0.057,5978,184,280,14,3544,20,,,83697b0b5844a9a20367c57a28dfe60119cee3faa72304079f3102c0b96b7a54,2026-09-23 19:26:29 UTC
scenario_00,epiworldR,0.15.1.0,10000,100,71,8675380,a81eb8a7b4c49dbd245a57ae13561b313c2c060fc6f00249c6dda8fb36336134,50000,10,2,1,0.034,0.021,0.055,6486,132,222,13,3147,17,,,55834ed4eccecf1260dc4df7750608096fe1e91022d5a6c85397b490450d495c,2026-09-23 19:26:30 UTC
scenario_00,epiworldR,0.15.1.0,10000,100,72,8675381,a81eb8a7b4c49dbd245a57ae13561b313c2c060fc6f00249c6dda8fb36336134,50000,10,2,1,0.036,0.023,0.059,5895,159,265,9,3672,19,,,c96f442ffed3e77ee57321b02279f86243aafa7b5d77b0e2e1fdf097f76ef8f2,2026-09-23 19:26:30 UTC
scenario_00,epiworldR,0.15.1.0,10000,100,73,8675382,a81eb8a7b4c49dbd245a57ae13561b313c2c060fc6f00249c6dda8fb36336134,50000,10,2,1,0.037,0.023,0.06,5899,184,322,20,3575,20,,,9d0707a2c8ae5d7a056b7f51a249e1ff441f402b6a56c26db74b82d2a691659c,2026-09-23 19:26:30 UTC
scenario_00,epiworldR,0.15.1.0,10000,100,74,8675383,a81eb8a7b4c49dbd245a57ae13561b313c2c060fc6f00249c6dda8fb36336134,50000,10,2,1,0.035,0.02,0.055,6680,129,234,8,2949,14,,,cf46c58cf6d9f5c073766b155902d037d9bcdbd5b0bd918cc4f28fd53a883211,2026-09-23 19:26:30 UTC
scenario_00,epiworldR,0.15.1.0,10000,100,75,8675384,a81eb8a7b4c49dbd245a57ae13561b313c2c060fc6f00249c6dda8fb36336134,50000,10,2,1,0.034,0.023,0.057,6143,157,292,6,3402,18,,,3372c79e5f01ea025d85d6ff6756d76dbe8d72dfd8e3c79e5f0dbbf3a89bf050,2026-09-23 19:26:30 UTC
scenario_00,epiworldR,0.15.1.0,10000,100,76,8675385,a81eb8a7b4c49dbd245a57ae13561b313c2c060fc6f00249c6dda8fb36336134,50000,10,2,1,0.035,0.023,0.058,5814,157,289,9,3731,22,,,a414adb609d75f87176c058ea60eabe5cc81b554279068aa69ccec22949a355b,2026-09-23 19:26:30 UTC
scenario_00,epiworldR,0.15.1.0,10000,100,77,8675386,a81eb8a7b4c49dbd245a57ae13561b313c2c060fc6f00249c6dda8fb36336134,50000,10,2,1,0.034,0.019,0.053,6815,136,245,8,2796,15,,,1d02339fdb81be3cd32adce67c59cf07f5b51eb59117ce911aec8fdebe505d6d,2026-09-23 19:26:31 UTC
scenario_00,epiworldR,0.15.1.0,10000,100,78,8675387,a81eb8a7b4c49dbd245a57ae13561b313c2c060fc6f00249c6dda8fb36336134,50000,10,2,1,0.033,0.024,0.057,5927,174,299,18,3582,19,,,f94a1464558138ba328603bd9e03f5f6238e5232c86d61160154f6482b0f505b,2026-09-23 19:26:31 UTC
scenario_00,epiworldR,0.15.1.0,10000,100,79,8675388,a81eb8a7b4c49dbd245a57ae13561b313c2c060fc6f00249c6dda8fb36336134,50000,10,2,1,0.035,0.024,0.059,5454,204,336,17,3989,19,,,5ee762fa77db285f0acb864cefb68e8d90de53ad32869af331bafd8f40627f6c,2026-09-23 19:26:31 UTC
scenario_00,epiworldR,0.15.1.0,10000,100,80,8675389,a81eb8a7b4c49dbd245a57ae13561b313c2c060fc6f00249c6dda8fb36336134,50000,10,2,1,0.034,0.024,0.058,5656,135,308,15,3886,18,,,225b5f5755849e33a64434aad9dc5a9338be0e86e4673e36ed3d6687e9d3a568,2026-09-23 19:26:31 UTC
scenario_00,epiworldR,0.15.1.0,10000,100,81,8675390,a81eb8a7b4c49dbd245a57ae13561b313c2c060fc6f00249c6dda8fb36336134,50000,10,2,1,0.035,0.02,0.055,6606,161,265,10,2958,17,,,f3a036c619df8f1ad1c195ee0d5c5f57a422ae580403b1de88933a047ab2912b,2026-09-23 19:26:31 UTC
scenario_00,epiworldR,0.15.1.0,10000,100,82,8675391,a81eb8a7b4c49dbd245a57ae13561b313c2c060fc6f00249c6dda8fb36336134,50000,10,2,1,0.034,0.019,0.053,6756,161,243,10,2830,14,,,d4e4e780dd520e77f715e430f7d643c4547cea65bf5aa32bfbc153aeeccef552,2026-09-23 19:26:32 UTC
scenario_00,epiworldR,0.15.1.0,10000,100,83,8675392,a81eb8a7b4c49dbd245a57ae13561b313c2c060fc6f00249c6dda8fb36336134,50000,10,2,1,0.036,0.024,0.06,5857,176,284,11,3672,23,,,13ce32ee8bd6c3f476831cbf50a24b13856f541df93f5cdd36ed7655e466dc6f,2026-09-23 19:26:32 UTC
scenario_00,epiworldR,0.15.1.0,10000,100,84,8675393,a81eb8a7b4c49dbd245a57ae13561b313c2c060fc6f00249c6dda8fb36336134,50000,10,2,1,0.035,0.023,0.058,5714,162,297,11,3816,23,,,eea99e288fd79ffcf21a91fc98090f0f2e35027c7f36bec2c8f519e4813e70f2,2026-09-23 19:26:32 UTC
scenario_00,epiworldR,0.15.1.0,10000,100,85,8675394,a81eb8a7b4c49dbd245a57ae13561b313c2c060fc6f00249c6dda8fb36336134,50000,10,2,1,0.037,0.022,0.059,6130,130,202,11,3527,19,,,c437d55f9319d44cb47f523a03e886ccb503834c10e976fe500a4b83453a823a,2026-09-23 19:26:32 UTC
scenario_00,epiworldR,0.15.1.0,10000,100,86,8675395,a81eb8a7b4c49dbd245a57ae13561b313c2c060fc6f00249c6dda8fb36336134,50000,10,2,1,0.034,0.019,0.053,6934,119,227,7,2713,16,,,4cef4263a2aca90f0eb53c7b4b941c0e3d0a216aa86f7c82d5addb61e68d1689,2026-09-23 19:26:32 UTC
scenario_00,epiworldR,0.15.1.0,10000,100,87,8675396,a81eb8a7b4c49dbd245a57ae13561b313c2c060fc6f00249c6dda8fb36336134,50000,10,2,1,0.034,0.022,0.056,5938,178,308,14,3562,19,,,c2a7edeee7d9c56ec7e9534c12ea6b211df7476e3ac12d359b9c0b6768c3b43f,2026-09-23 19:26:32 UTC
scenario_00,epiworldR,0.15.1.0,10000,100,88,8675397,a81eb8a7b4c49dbd245a57ae13561b313c2c060fc6f00249c6dda8fb36336134,50000,10,2,1,0.035,0.023,0.058,5987,139,269,18,3587,29,,,db9d5e8f360284f9fd7540581147347b08b689b43dd23619c12801d06c266312,2026-09-23 19:26:33 UTC
scenario_00,epiworldR,0.15.1.0,10000,100,89,8675398,a81eb8a7b4c49dbd245a57ae13561b313c2c060fc6f00249c6dda8fb36336134,50000,10,2,1,0.035,0.022,0.057,6293,141,246,5,3315,18,,,8fe38cd7abe2481a23076a06ec3e364cfa170fc9d5aef4e43081a66cd8ff3e25,2026-09-23 19:26:33 UTC
scenario_00,epiworldR,0.15.1.0,10000,100,90,8675399,a81eb8a7b4c49dbd245a57ae13561b313c2c060fc6f00249c6dda8fb36336134,50000,10,2,1,0.035,0.022,0.057,6081,163,244,18,3494,19,,,f81c70f95b277614aa75d5e3cb784b7d618e1ef119c1aa4a5376e28d62c84222,2026-09-23 19:26:33 UTC
scenario_00,epiworldR,0.15.1.0,10000,100,91,8675400,a81eb8a7b4c49dbd245a57ae13561b313c2c060fc6f00249c6dda8fb36336134,50000,10,2,1,0.034,0.02,0.054,6426,180,294,7,3093,16,,,008a224b8ae50c22262d142ba0a34744132a2cb39c7ff3cadc85ac62f25c257e,2026-09-23 19:26:33 UTC
scenario_00,epiworldR,0.15.1.0,10000,100,92,8675401,a81eb8a7b4c49dbd245a57ae13561b313c2c060fc6f00249c6dda8fb36336134,50000,10,2,1,0.036,0.026,0.062,5907,140,267,12,3674,25,,,e5765e7a00141c7a8ee9901a5d838cca05f1a9871235294293e311f02e7c4fb4,2026-09-23 19:26:33 UTC
scenario_00,epiworldR,0.15.1.0,10000,100,93,8675402,a81eb8a7b4c49dbd245a57ae13561b313c2c060fc6f00249c6dda8fb36336134,50000,10,2,1,0.034,0.02,0.054,6494,122,217,11,3156,16,,,804add4f4a43c2d319974042e7b01218161207f5cfc7a942b681c0beb4a0aa2b,2026-09-23 19:26:34 UTC
scenario_00,epiworldR,0.15.1.0,10000,100,94,8675403,a81eb8a7b4c49dbd245a57ae13561b313c2c060fc6f00249c6dda8fb36336134,50000,10,2,1,0.035,0.02,0.055,6503,136,246,12,3103,15,,,943f459d422d9730c3bb20a024490c538aace070088c26c3077d8a6a6b7bdbb6,2026-09-23 19:26:34 UTC
scenario_00,epiworldR,0.15.1.0,10000,100,95,8675404,a81eb8a7b4c49dbd245a57ae13561b313c2c060fc6f00249c6dda8fb36336134,50000,10,2,1,0.033,0.021,0.054,6515,145,254,9,3077,16,,,23975196b7cebd72cae78b55be57e2bdbc3808fa4d6a96ddebb9ec0439e01d26,2026-09-23 19:26:34 UTC
scenario_00,epiworldR,0.15.1.0,10000,100,96,8675405,a81eb8a7b4c49dbd245a57ae13561b313c2c060fc6f00249c6dda8fb36336134,50000,10,2,1,0.035,0.021,0.056,6333,116,213,5,3333,19,,,fbdb6187b13264e1c33bfd0051d93c5839a7dc6d5955fb957875e7de5457f724,2026-09-23 19:26:34 UTC
scenario_00,epiworldR,0.15.1.0,10000,100,97,8675406,a81eb8a7b4c49dbd245a57ae13561b313c2c060fc6f00249c6dda8fb36336134,50000,10,2,1,0.032,0.021,0.053,6069,138,218,10,3565,19,,,ff9e15066031e96e99438637511a8c040fe224cfb25a0f5a8d23079007afb0f6,2026-09-23 19:26:34 UTC
scenario_00,epiworldR,0.15.1.0,10000,100,98,8675407,a81eb8a7b4c49dbd245a57ae13561b313c2c060fc6f00249c6dda8fb36336134,50000,10,2,1,0.034,0.022,0.056,6162,157,293,10,3378,16,,,8d32b58f9bdcf8fed6599cd1ab7f411402ebc13ca49d7552f4828c65d93930c6,2026-09-23 19:26:34 UTC
scenario_00,epiworldR,0.15.1.0,10000,100,99,8675408,a81eb8a7b4c49dbd245a57ae13561b313c2c060fc6f00249c6dda8fb36336134,50000,10,2,1,0.035,0.021,0.056,6309,124,195,12,3360,20,,,a285f234f3c7325f37d57e9bee1a37501804793cb0de8ad56c45d7f0d938da9f,2026-09-23 19:26:35 UTC
scenario_00,epiworldR,0.15.1.0,10000,100,100,8675409,a81eb8a7b4c49dbd245a57ae13561b313c2c060fc6f00249c6dda8fb36336134,50000,10,2,1,0.034,0.022,0.056,6293,129,229,9,3340,21,,,eeaa8f8a007994e13415c3caf700eaba5cef078ea755d73e0f42f4db59730f51,2026-09-23 19:26:35 UTC
scenario_00,epiworldR,0.15.1.0,100000,100,1,8775310,83b4e1da2783f17377cf65d5f9c270629dd633191f581ff139c5b60c5d080e99,500000,10,2,1,0.374,0.14,0.514,93810,392,667,33,5098,36,,,9771702810f8f8eb33599ae725307c0d7fafffe9efee98929a5e0af60e30a918,2026-09-23 19:06:15 UTC
scenario_00,epiworldR,0.15.1.0,100000,100,2,8775311,83b4e1da2783f17377cf65d5f9c270629dd633191f581ff139c5b60c5d080e99,500000,10,2,1,4.574,0.113,4.687,94483,385,574,18,4540,19,,,37cd3ef407c11c381aaddc1cb623db36079000a090f39ac7b76e8ab19e022651,2026-09-23 19:06:23 UTC
scenario_00,epiworldR,0.15.1.0,100000,100,3,8775312,83b4e1da2783f17377cf65d5f9c270629dd633191f581ff139c5b60c5d080e99,500000,10,2,1,0.448,0.11,0.558,92407,487,715,31,6360,37,,,461302b5ad5b40662f382abb38b46d4b3feaa3b9639ad2305a77ec0cfb2311cb,2026-09-23 19:06:24 UTC
scenario_00,epiworldR,0.15.1.0,100000,100,4,8775313,83b4e1da2783f17377cf65d5f9c270629dd633191f581ff139c5b60c5d080e99,500000,10,2,1,0.402,0.13,0.532,94670,367,563,25,4375,25,,,78df727cde7fda038ee226a1aba71d995a25050add16984df35109e6b7f0e7e2,2026-09-23 19:06:25 UTC
scenario_00,epiworldR,0.15.1.0,100000,100,5,8775314,83b4e1da2783f17377cf65d5f9c270629dd633191f581ff139c5b60c5d080e99,500000,10,2,1,0.576,0.117,0.693,93486,466,676,26,5346,32,,,b64570ecee62d51e2df15fee12c2821adf8f9a46054f6d5583bdca0e9cbd1dce,2026-09-23 19:06:26 UTC
scenario_00,epiworldR,0.15.1.0,100000,100,6,8775315,83b4e1da2783f17377cf65d5f9c270629dd633191f581ff139c5b60c5d080e99,500000,10,2,1,0.501,0.105,0.606,92634,544,773,39,6010,39,,,c48b2f2ff2b65b5c23b24c9346e445d42c0f8668f0759e54b8b3042136d0aa08,2026-09-23 19:06:27 UTC
scenario_00,epiworldR,0.15.1.0,100000,100,7,8775316,83b4e1da2783f17377cf65d5f9c270629dd633191f581ff139c5b60c5d080e99,500000,10,2,1,0.768,0.084,0.852,94723,326,515,23,4413,24,,,06e700606406b66ab7ded1573ded79cc26888bcc55c418748d309ed94b77b0fe,2026-09-23 19:06:28 UTC
scenario_00,epiworldR,0.15.1.0,100000,100,8,8775317,83b4e1da2783f17377cf65d5f9c270629dd633191f581ff139c5b60c5d080e99,500000,10,2,1,0.286,0.098,0.384,94085,379,583,23,4930,30,,,bcf0b47a5eab3cbd9acb43767513cf58c494160bc26e11e96e7789d1a6455e52,2026-09-23 19:06:28 UTC
scenario_00,epiworldR,0.15.1.0,100000,100,9,8775318,83b4e1da2783f17377cf65d5f9c270629dd633191f581ff139c5b60c5d080e99,500000,10,2,1,0.318,0.085,0.403,93561,406,660,24,5349,24,,,6588f668b24baa8b904b1db606fde36e9daf9403907492dfe4d8ef61aab50f91,2026-09-23 19:06:29 UTC
scenario_00,epiworldR,0.15.1.0,100000,100,10,8775319,83b4e1da2783f17377cf65d5f9c270629dd633191f581ff139c5b60c5d080e99,500000,10,2,1,0.301,0.099,0.4,94136,410,623,25,4806,28,,,0a7e945f104e27ba4a579f6737a8a4910754486ce3845861a0d8d3721ee33f20,2026-09-23 19:06:29 UTC
scenario_00,epiworldR,0.15.1.0,100000,100,11,8775320,83b4e1da2783f17377cf65d5f9c270629dd633191f581ff139c5b60c5d080e99,500000,10,2,1,0.306,0.073,0.379,94739,393,615,19,4234,26,,,a8ed4daa2d1ab2421bcc5105a47e8693822317cb359920a0770a600fe7be9aae,2026-09-23 19:06:30 UTC
scenario_00,epiworldR,0.15.1.0,100000,100,12,8775321,83b4e1da2783f17377cf65d5f9c270629dd633191f581ff139c5b60c5d080e99,500000,10,2,1,0.297,0.106,0.403,94137,392,600,37,4834,37,,,75f1c84f284545a15b1830ae9fb1ca69674c32d0f0435834f3e1263c39485547,2026-09-23 19:06:31 UTC
scenario_00,epiworldR,0.15.1.0,100000,100,13,8775322,83b4e1da2783f17377cf65d5f9c270629dd633191f581ff139c5b60c5d080e99,500000,10,2,1,0.321,0.129,0.45,92860,477,730,25,5908,36,,,55d1e4b8c243eafb78c26f135f093e842c3aaae6353676ef6094188bab99ecc0,2026-09-23 19:06:31 UTC
scenario_00,epiworldR,0.15.1.0,100000,100,14,8775323,83b4e1da2783f17377cf65d5f9c270629dd633191f581ff139c5b60c5d080e99,500000,10,2,1,0.411,0.103,0.514,94126,383,596,16,4879,27,,,cddd841c3d2d67dd3f58cc7fea1b7609f6915d18eec61b95aa373aa91775d74f,2026-09-23 19:06:32 UTC
scenario_00,epiworldR,0.15.1.0,100000,100,15,8775324,83b4e1da2783f17377cf65d5f9c270629dd633191f581ff139c5b60c5d080e99,500000,10,2,1,0.297,0.137,0.434,92649,508,814,30,5999,35,,,db0d46520a89ab238620af69018a11c136e52cbdf63a35345047f8deda47492b,2026-09-23 19:06:33 UTC
scenario_00,epiworldR,0.15.1.0,100000,100,16,8775325,83b4e1da2783f17377cf65d5f9c270629dd633191f581ff139c5b60c5d080e99,500000,10,2,1,0.318,0.159,0.477,92529,498,704,41,6228,41,,,c5ceed250f831792a15ecbad08806d60833e1b6cfc717fb072cb04fea8ec2c4e,2026-09-23 19:06:33 UTC
scenario_00,epiworldR,0.15.1.0,100000,100,17,8775326,83b4e1da2783f17377cf65d5f9c270629dd633191f581ff139c5b60c5d080e99,500000,10,2,1,0.269,0.05,0.319,95831,254,416,18,3481,18,,,ed5c13e7c178db5565e3f032e84e53547610b7b4ab75777a9a458be8c26c3261,2026-09-23 19:06:34 UTC
scenario_00,epiworldR,0.15.1.0,100000,100,18,8775327,83b4e1da2783f17377cf65d5f9c270629dd633191f581ff139c5b60c5d080e99,500000,10,2,1,0.268,0.089,0.357,93181,448,712,33,5626,36,,,c033edd8f247c0a84551f838e35210f0b863c51348a9be30cba374e7381aebbd,2026-09-23 19:06:34 UTC
scenario_00,epiworldR,0.15.1.0,100000,100,19,8775328,83b4e1da2783f17377cf65d5f9c270629dd633191f581ff139c5b60c5d080e99,500000,10,2,1,0.317,0.087,0.404,94177,407,600,22,4794,25,,,5358030c2e15a82fba9a4ec03f7e55966b297d9e22bd4232a8758b6faf0c0c22,2026-09-23 19:06:35 UTC
scenario_00,epiworldR,0.15.1.0,100000,100,20,8775329,83b4e1da2783f17377cf65d5f9c270629dd633191f581ff139c5b60c5d080e99,500000,10,2,1,0.261,0.071,0.332,94045,374,566,20,4995,27,,,33917d805fb13b27a5df714bd2afd8a7b7e8d0ba8b155d8d0155830812cec3d3,2026-09-23 19:06:35 UTC
scenario_00,epiworldR,0.15.1.0,100000,100,21,8775330,83b4e1da2783f17377cf65d5f9c270629dd633191f581ff139c5b60c5d080e99,500000,10,2,1,0.246,0.0669999999999999,0.313,94322,371,565,34,4708,40,,,6df3115877f0fab26e4b78a242c2273c4746b662496a292224e12a2a0ef28a7e,2026-09-23 19:06:36 UTC
scenario_00,epiworldR,0.15.1.0,100000,100,22,8775331,83b4e1da2783f17377cf65d5f9c270629dd633191f581ff139c5b60c5d080e99,500000,10,2,1,0.252,0.093,0.345,92554,470,818,28,6130,33,,,2aea6876b1a959bae19357b2dbd37cf4095e49faa64681c12cf031e4bf140bea,2026-09-23 19:06:36 UTC
scenario_00,epiworldR,0.15.1.0,100000,100,23,8775332,83b4e1da2783f17377cf65d5f9c270629dd633191f581ff139c5b60c5d080e99,500000,10,2,1,0.262,0.078,0.34,93975,369,587,20,5049,29,,,99d4ab496cfae53f64a5bb66f9ab70de9e25d5af9f130d9604ac5a14eb639dca,2026-09-23 19:06:37 UTC
scenario_00,epiworldR,0.15.1.0,100000,100,24,8775333,83b4e1da2783f17377cf65d5f9c270629dd633191f581ff139c5b60c5d080e99,500000,10,2,1,0.239,0.065,0.304,93673,395,656,21,5255,27,,,f0905eaa05f5995bf3282a217ab5f71170092e61a95275ed3f14c969937d8081,2026-09-23 19:06:37 UTC
scenario_00,epiworldR,0.15.1.0,100000,100,25,8775334,83b4e1da2783f17377cf65d5f9c270629dd633191f581ff139c5b60c5d080e99,500000,10,2,1,0.687,0.0569999999999999,0.744,94215,423,646,19,4697,21,,,28f1497f0c7563ae7340ee34899fc14cda775bc9b0c25e90ec54e19387fdcee1,2026-09-23 19:06:38 UTC
scenario_00,epiworldR,0.15.1.0,100000,100,26,8775335,83b4e1da2783f17377cf65d5f9c270629dd633191f581ff139c5b60c5d080e99,500000,10,2,1,0.234,0.071,0.305,92122,537,864,32,6445,42,,,460be90fdd1e706f476776f67d56b80ddb3a37fe25dfb336dfafa03b712d520f,2026-09-23 19:06:39 UTC
scenario_00,epiworldR,0.15.1.0,100000,100,27,8775336,83b4e1da2783f17377cf65d5f9c270629dd633191f581ff139c5b60c5d080e99,500000,10,2,1,0.365,0.073,0.438,93454,437,732,26,5351,31,,,6f23fe656d0a82eac11717548204f88535e8c5c9e7325229408b7f45f1b67979,2026-09-23 19:06:39 UTC
scenario_00,epiworldR,0.15.1.0,100000,100,28,8775337,83b4e1da2783f17377cf65d5f9c270629dd633191f581ff139c5b60c5d080e99,500000,10,2,1,0.251,0.072,0.323,93198,478,744,31,5549,31,,,4c01213d1265b627e397b6d31d4ddae85f26cebf863c8dcc523522ee6e36c087,2026-09-23 19:06:40 UTC
scenario_00,epiworldR,0.15.1.0,100000,100,29,8775338,83b4e1da2783f17377cf65d5f9c270629dd633191f581ff139c5b60c5d080e99,500000,10,2,1,0.242,0.063,0.305,94027,386,616,37,4934,37,,,ce3ff73e36cd0f876c7c73aac7fd08ea92896cdafe00ee2d25417d49fd23ff32,2026-09-23 19:06:40 UTC
scenario_00,epiworldR,0.15.1.0,100000,100,30,8775339,83b4e1da2783f17377cf65d5f9c270629dd633191f581ff139c5b60c5d080e99,500000,10,2,1,0.273,0.062,0.335,94209,409,635,21,4726,30,,,1102e3c7e1a071f564667a13430e768ff8b047d05ed289d750ed79cd069b61f2,2026-09-23 19:06:41 UTC
scenario_00,epiworldR,0.15.1.0,100000,100,31,8775340,83b4e1da2783f17377cf65d5f9c270629dd633191f581ff139c5b60c5d080e99,500000,10,2,1,0.26,0.051,0.311,94731,327,530,19,4393,25,,,ec8fc7650d7dec38be16cdee8f18f2e3cba35840090269c11f5af59305c1b499,2026-09-23 19:06:41 UTC
scenario_00,epiworldR,0.15.1.0,100000,100,32,8775341,83b4e1da2783f17377cf65d5f9c270629dd633191f581ff139c5b60c5d080e99,500000,10,2,1,0.246,0.067,0.313,94216,378,579,26,4801,31,,,fec5269699ef9acb4f8a674db63ca37615cec19752af6220133b26b66dd4555e,2026-09-23 19:06:42 UTC
scenario_00,epiworldR,0.15.1.0,100000,100,33,8775342,83b4e1da2783f17377cf65d5f9c270629dd633191f581ff139c5b60c5d080e99,500000,10,2,1,0.356,0.056,0.412,95095,313,485,18,4089,24,,,e1225727067b6fab2893cc7ab6cdb7b46330056e4cb53ffc9bab4b20b94765d4,2026-09-23 19:06:42 UTC
scenario_00,epiworldR,0.15.1.0,100000,100,34,8775343,83b4e1da2783f17377cf65d5f9c270629dd633191f581ff139c5b60c5d080e99,500000,10,2,1,0.237,0.06,0.297,93835,438,663,22,5042,32,,,c1115fd94bfcd5a9836dd650136a3e88669d7a101dc5c249bac3eb55aa4e081d,2026-09-23 19:06:43 UTC
scenario_00,epiworldR,0.15.1.0,100000,100,35,8775344,83b4e1da2783f17377cf65d5f9c270629dd633191f581ff139c5b60c5d080e99,500000,10,2,1,0.236,0.049,0.285,94802,371,563,26,4238,26,,,980be1b99e3ed07423ed1992b5c757e1aafd474ac56b787c68c7c863c9387945,2026-09-23 19:06:43 UTC
scenario_00,epiworldR,0.15.1.0,100000,100,36,8775345,83b4e1da2783f17377cf65d5f9c270629dd633191f581ff139c5b60c5d080e99,500000,10,2,1,0.348,0.06,0.408,94247,358,519,17,4859,32,,,93eeb5bef954b75965c2faa4f355daf5c76959bef8ff5c3e73a7bc78759a9b50,2026-09-23 19:06:44 UTC
scenario_00,epiworldR,0.15.1.0,100000,100,37,8775346,83b4e1da2783f17377cf65d5f9c270629dd633191f581ff139c5b60c5d080e99,500000,10,2,1,0.552,0.0639999999999999,0.616,94152,353,565,17,4913,30,,,ce3af3174ee8b8461c2d82d0fb1e878e5696db08f754d5f6280ab4ac9197ad8f,2026-09-23 19:06:44 UTC
scenario_00,epiworldR,0.15.1.0,100000,100,38,8775347,83b4e1da2783f17377cf65d5f9c270629dd633191f581ff139c5b60c5d080e99,500000,10,2,1,0.253,0.07,0.323,93173,470,733,28,5596,31,,,59bd61e4e3352565e9bfa7a369ac2894f0f73f52ab4c237888b9f598fcd65d59,2026-09-23 19:06:45 UTC
scenario_00,epiworldR,0.15.1.0,100000,100,39,8775348,83b4e1da2783f17377cf65d5f9c270629dd633191f581ff139c5b60c5d080e99,500000,10,2,1,0.253,0.045,0.298,95741,278,429,25,3527,25,,,259a635be565a5196b49284c2c8b27b137e45a5907cccf4d52c636123a6c49ac,2026-09-23 19:06:45 UTC
scenario_00,epiworldR,0.15.1.0,100000,100,40,8775349,83b4e1da2783f17377cf65d5f9c270629dd633191f581ff139c5b60c5d080e99,500000,10,2,1,0.461,0.0649999999999999,0.526,92976,429,696,39,5860,46,,,483526bce63241f1dbbbbb469af45ecaf8d45e3c1479fa04935b1c726f0ab88e,2026-09-23 19:06:46 UTC
scenario_00,epiworldR,0.15.1.0,100000,100,41,8775350,83b4e1da2783f17377cf65d5f9c270629dd633191f581ff139c5b60c5d080e99,500000,10,2,1,0.235,0.051,0.286,94920,353,527,25,4175,27,,,5f4626c5ae13d43662909cc3f6c750c14321411beb696cf4c55d6e9f3a5e0a40,2026-09-23 19:06:47 UTC
scenario_00,epiworldR,0.15.1.0,100000,100,42,8775351,83b4e1da2783f17377cf65d5f9c270629dd633191f581ff139c5b60c5d080e99,500000,10,2,1,0.221,0.052,0.273,94755,378,555,22,4290,23,,,d8241ca1e07e55448d0bdb5e7dc8063d33f2a04065aff3fd0d111e0736ce4056,2026-09-23 19:06:47 UTC
scenario_00,epiworldR,0.15.1.0,100000,100,43,8775352,83b4e1da2783f17377cf65d5f9c270629dd633191f581ff139c5b60c5d080e99,500000,10,2,1,0.215,0.054,0.269,94390,384,613,23,4590,30,,,96c0d7d15113dbe21767c19791c9ee13a897ab9288bfe477aa9c30c3993693e3,2026-09-23 19:06:47 UTC
scenario_00,epiworldR,0.15.1.0,100000,100,44,8775353,83b4e1da2783f17377cf65d5f9c270629dd633191f581ff139c5b60c5d080e99,500000,10,2,1,0.222,0.054,0.276,94491,332,544,26,4607,26,,,5ff3f995cf50042b27cfe6a4a279946c9e983fe1e84d4c77f526c490c8ff15bb,2026-09-23 19:06:48 UTC
scenario_00,epiworldR,0.15.1.0,100000,100,45,8775354,83b4e1da2783f17377cf65d5f9c270629dd633191f581ff139c5b60c5d080e99,500000,10,2,1,0.225,0.063,0.288,92927,470,751,39,5813,46,,,ed4a2201849c4ed568855dd45ba598e4481e571643217d1463fa42b7c8176443,2026-09-23 19:06:48 UTC
scenario_00,epiworldR,0.15.1.0,100000,100,46,8775355,83b4e1da2783f17377cf65d5f9c270629dd633191f581ff139c5b60c5d080e99,500000,10,2,1,0.216,0.055,0.271,93735,449,668,30,5118,36,,,9b2bf7840382ea793669a87f5fa22ab8303993da6fe729ef132c3fb3dd6cc165,2026-09-23 19:06:49 UTC
scenario_00,epiworldR,0.15.1.0,100000,100,47,8775356,83b4e1da2783f17377cf65d5f9c270629dd633191f581ff139c5b60c5d080e99,500000,10,2,1,0.365,0.055,0.42,93679,426,678,36,5181,36,,,6ee406448bf6001e7952c2a585150231dd61765a4665e0a7ac3702115584021a,2026-09-23 19:06:49 UTC
scenario_00,epiworldR,0.15.1.0,100000,100,48,8775357,83b4e1da2783f17377cf65d5f9c270629dd633191f581ff139c5b60c5d080e99,500000,10,2,1,0.227,0.052,0.279,94636,344,590,25,4405,25,,,c4d2de53014dd0290ec31434de40092a294763ff971f96ba2ae4a2c1fdabd18e,2026-09-23 19:06:50 UTC
scenario_00,epiworldR,0.15.1.0,100000,100,49,8775358,83b4e1da2783f17377cf65d5f9c270629dd633191f581ff139c5b60c5d080e99,500000,10,2,1,0.223,0.06,0.283,93124,516,750,28,5582,33,,,3625e6a2d159acb3030df48221e4f282dbc8c842434517f49b6e71b98eff7052,2026-09-23 19:06:50 UTC
scenario_00,epiworldR,0.15.1.0,100000,100,50,8775359,83b4e1da2783f17377cf65d5f9c270629dd633191f581ff139c5b60c5d080e99,500000,10,2,1,0.214,0.052,0.266,94371,371,582,26,4650,29,,,80f7616f7c8f97d45ddc22ce8c811ca1270c6e406a31a2779592c7e791641dee,2026-09-23 19:06:50 UTC
scenario_00,epiworldR,0.15.1.0,100000,100,51,8775360,83b4e1da2783f17377cf65d5f9c270629dd633191f581ff139c5b60c5d080e99,500000,10,2,1,0.22,0.052,0.272,94445,345,556,21,4633,23,,,493386c6f989e5afb1be3c6e43850e886a99d22550b0b024058c2a1b09d60562,2026-09-23 19:06:51 UTC
scenario_00,epiworldR,0.15.1.0,100000,100,52,8775361,83b4e1da2783f17377cf65d5f9c270629dd633191f581ff139c5b60c5d080e99,500000,10,2,1,0.227,0.058,0.285,93769,426,683,33,5089,34,,,f764757b0aab8fdeb10491dfb1a82ce9ca20a6f9b933d04ba857e3d57a8ef3da,2026-09-23 19:06:51 UTC
scenario_00,epiworldR,0.15.1.0,100000,100,53,8775362,83b4e1da2783f17377cf65d5f9c270629dd633191f581ff139c5b60c5d080e99,500000,10,2,1,0.229,0.06,0.289,93579,396,608,25,5392,27,,,ee9fad033e760e02abd102be77532e5c90fc0977be61966d933f9cb4fc557c14,2026-09-23 19:06:52 UTC
scenario_00,epiworldR,0.15.1.0,100000,100,54,8775363,83b4e1da2783f17377cf65d5f9c270629dd633191f581ff139c5b60c5d080e99,500000,10,2,1,0.254,0.072,0.326,92506,564,844,35,6051,40,,,9cfbcd53b61f6024140efd0d85e01636ba2c015e5826df3c9b3c08ee9358306e,2026-09-23 19:06:52 UTC
scenario_00,epiworldR,0.15.1.0,100000,100,55,8775364,83b4e1da2783f17377cf65d5f9c270629dd633191f581ff139c5b60c5d080e99,500000,10,2,1,0.237,0.064,0.301,94380,369,591,32,4628,32,,,992f374a654d430b05a2a8bacfd625b83da200a030b0890c33104fa0a6564e39,2026-09-23 19:06:53 UTC
scenario_00,epiworldR,0.15.1.0,100000,100,56,8775365,83b4e1da2783f17377cf65d5f9c270629dd633191f581ff139c5b60c5d080e99,500000,10,2,1,0.236,0.063,0.299,93203,492,742,21,5542,33,,,7727c74dbc5c6345382789723d9c1ca2e95b6cd7138e97230829f3bc3d8d32e7,2026-09-23 19:06:53 UTC
scenario_00,epiworldR,0.15.1.0,100000,100,57,8775366,83b4e1da2783f17377cf65d5f9c270629dd633191f581ff139c5b60c5d080e99,500000,10,2,1,0.222,0.056,0.278,94052,424,669,20,4835,28,,,bb4affe4cfebb943415bf7635c3eca4a96ef4619e2c48bbcf406ed9c9773d117,2026-09-23 19:06:54 UTC
scenario_00,epiworldR,0.15.1.0,100000,100,58,8775367,83b4e1da2783f17377cf65d5f9c270629dd633191f581ff139c5b60c5d080e99,500000,10,2,1,0.226,0.049,0.275,94889,317,512,22,4260,26,,,4a7dadc8b8efe84f9dbd50b08ea13e6848d8b12a8a6d4b110770abd1d80df234,2026-09-23 19:06:54 UTC
scenario_00,epiworldR,0.15.1.0,100000,100,59,8775368,83b4e1da2783f17377cf65d5f9c270629dd633191f581ff139c5b60c5d080e99,500000,10,2,1,0.227,0.063,0.29,92882,457,730,27,5904,34,,,fc3ccf8b749351f079ae6a6547bf8c40c88cb9d6c3d16652521b8ebcf89caeae,2026-09-23 19:06:54 UTC
scenario_00,epiworldR,0.15.1.0,100000,100,60,8775369,83b4e1da2783f17377cf65d5f9c270629dd633191f581ff139c5b60c5d080e99,500000,10,2,1,0.228,0.049,0.277,94972,349,537,17,4125,23,,,ebd057ecf8d8de1806acd72fa7c8fc798930e3fceb9ed0b4f324a32d4e872031,2026-09-23 19:06:55 UTC
scenario_00,epiworldR,0.15.1.0,100000,100,61,8775370,83b4e1da2783f17377cf65d5f9c270629dd633191f581ff139c5b60c5d080e99,500000,10,2,1,0.229,0.049,0.278,94801,317,521,17,4344,26,,,4e0bcc4501f087629177a8f0b86703c3f4abd9526435d25dda86e3bd1d20bd56,2026-09-23 19:06:55 UTC
scenario_00,epiworldR,0.15.1.0,100000,100,62,8775371,83b4e1da2783f17377cf65d5f9c270629dd633191f581ff139c5b60c5d080e99,500000,10,2,1,0.221,0.06,0.281,93685,469,666,32,5148,34,,,ea87130553b22036cf5fc3ec577b9dbc3ecb25692882dd7f2245d39c9b440b74,2026-09-23 19:06:56 UTC
scenario_00,epiworldR,0.15.1.0,100000,100,63,8775372,83b4e1da2783f17377cf65d5f9c270629dd633191f581ff139c5b60c5d080e99,500000,10,2,1,0.229,0.052,0.281,94138,411,666,28,4757,36,,,13a9639821b67f055155721016b461edb16ce2eba8b435b09a78cb9055eeef5b,2026-09-23 19:06:56 UTC
scenario_00,epiworldR,0.15.1.0,100000,100,64,8775373,83b4e1da2783f17377cf65d5f9c270629dd633191f581ff139c5b60c5d080e99,500000,10,2,1,0.224,0.045,0.269,95421,324,496,17,3742,22,,,9fd564a3ccb0b63a8ea8cc27386a355378f25bd63a619f9231525b0d5eb78a04,2026-09-23 19:06:56 UTC
scenario_00,epiworldR,0.15.1.0,100000,100,65,8775374,83b4e1da2783f17377cf65d5f9c270629dd633191f581ff139c5b60c5d080e99,500000,10,2,1,0.226,0.054,0.28,93754,450,687,14,5095,33,,,48377c0140666b2daa20da7f1865424ed0100b2a1d96461fad9b745febd0b9f2,2026-09-23 19:06:57 UTC
scenario_00,epiworldR,0.15.1.0,100000,100,66,8775375,83b4e1da2783f17377cf65d5f9c270629dd633191f581ff139c5b60c5d080e99,500000,10,2,1,0.228,0.05,0.278,94861,373,586,20,4160,33,,,21d22c553fbc1a7538039f557fe0f4b80a60bf1cb7bcc4b167ea1cab64391617,2026-09-23 19:06:57 UTC
scenario_00,epiworldR,0.15.1.0,100000,100,67,8775376,83b4e1da2783f17377cf65d5f9c270629dd633191f581ff139c5b60c5d080e99,500000,10,2,1,0.228,0.052,0.28,94543,354,549,16,4538,18,,,3b7bff0bc32e27cefb4e61fd85c2d08e9e93d4f19128ce4e3cb4e668486650ca,2026-09-23 19:06:58 UTC
scenario_00,epiworldR,0.15.1.0,100000,100,68,8775377,83b4e1da2783f17377cf65d5f9c270629dd633191f581ff139c5b60c5d080e99,500000,10,2,1,0.239,0.067,0.306,92739,527,765,19,5950,31,,,8c618349c6cf880dede967ab9992707ecb6e2b92b35edd2aeaae757de8406caf,2026-09-23 19:06:58 UTC
scenario_00,epiworldR,0.15.1.0,100000,100,69,8775378,83b4e1da2783f17377cf65d5f9c270629dd633191f581ff139c5b60c5d080e99,500000,10,2,1,0.223,0.056,0.279,93954,385,621,30,5010,34,,,3b38f636e206f31e625a26f27f3d67b3624614b3f88d1ef0cac44156417927b0,2026-09-23 19:06:59 UTC
scenario_00,epiworldR,0.15.1.0,100000,100,70,8775379,83b4e1da2783f17377cf65d5f9c270629dd633191f581ff139c5b60c5d080e99,500000,10,2,1,0.231,0.055,0.286,93817,411,630,19,5123,25,,,127b72a51b8dae092acfbb3e7797f1ddda49fa405a654d4f72bd1831ac944499,2026-09-23 19:06:59 UTC
scenario_00,epiworldR,0.15.1.0,100000,100,71,8775380,83b4e1da2783f17377cf65d5f9c270629dd633191f581ff139c5b60c5d080e99,500000,10,2,1,0.222,0.048,0.27,94881,345,528,23,4223,29,,,4e82d5b16a86826ce92fff6dcb507d73d8304b9defdee4967f141c4e6855f667,2026-09-23 19:06:59 UTC
scenario_00,epiworldR,0.15.1.0,100000,100,72,8775381,83b4e1da2783f17377cf65d5f9c270629dd633191f581ff139c5b60c5d080e99,500000,10,2,1,0.234,0.058,0.292,93319,425,678,34,5544,35,,,9c8e7437584d9a15c6b17d90c0bfb3900c6fa74516985e3ed21467b94d39d8d4,2026-09-23 19:07:00 UTC
scenario_00,epiworldR,0.15.1.0,100000,100,73,8775382,83b4e1da2783f17377cf65d5f9c270629dd633191f581ff139c5b60c5d080e99,500000,10,2,1,0.245,0.063,0.308,94084,429,653,24,4810,29,,,fe21352e17ded78e3288f903cd57ef7119f52dafaaa5c853d69f593117483aa3,2026-09-23 19:07:00 UTC
scenario_00,epiworldR,0.15.1.0,100000,100,74,8775383,83b4e1da2783f17377cf65d5f9c270629dd633191f581ff139c5b60c5d080e99,500000,10,2,1,0.241,0.051,0.292,95005,313,482,23,4177,25,,,572f6c94041899dc7edc73490aa17eaf1f43730d79af20c1f816d340288124ad,2026-09-23 19:07:01 UTC
scenario_00,epiworldR,0.15.1.0,100000,100,75,8775384,83b4e1da2783f17377cf65d5f9c270629dd633191f581ff139c5b60c5d080e99,500000,10,2,1,0.237,0.062,0.299,94064,392,605,22,4917,28,,,feb5361f6eb1d9ed3661d6d1008a36e68fec888e9f5117ca4e7de93e80c321ca,2026-09-23 19:07:01 UTC
scenario_00,epiworldR,0.15.1.0,100000,100,76,8775385,83b4e1da2783f17377cf65d5f9c270629dd633191f581ff139c5b60c5d080e99,500000,10,2,1,0.233,0.075,0.308,92321,555,844,33,6247,39,,,7ea951ff051096696bb0c2405ce693c0af8d7dbfbb276be0f93df6db083837dd,2026-09-23 19:07:02 UTC
scenario_00,epiworldR,0.15.1.0,100000,100,77,8775386,83b4e1da2783f17377cf65d5f9c270629dd633191f581ff139c5b60c5d080e99,500000,10,2,1,0.248,0.068,0.316,93469,451,695,32,5353,34,,,dce07aa638dedbcc7ab2aa1f36c09be860e310bc83564ebcb567b883df892a04,2026-09-23 19:07:02 UTC
scenario_00,epiworldR,0.15.1.0,100000,100,78,8775387,83b4e1da2783f17377cf65d5f9c270629dd633191f581ff139c5b60c5d080e99,500000,10,2,1,0.235,0.071,0.306,93574,395,594,35,5402,39,,,f2e1f40bebebbe7c87aa2135750046413d73220a5d3eb0e620e8c2d2db740730,2026-09-23 19:07:03 UTC
scenario_00,epiworldR,0.15.1.0,100000,100,79,8775388,83b4e1da2783f17377cf65d5f9c270629dd633191f581ff139c5b60c5d080e99,500000,10,2,1,0.235,0.065,0.3,94024,392,557,27,5000,32,,,702b30945fe560a04b23174663a763d6bd5392e34d889b7a8f519590966100e8,2026-09-23 19:07:03 UTC
scenario_00,epiworldR,0.15.1.0,100000,100,80,8775389,83b4e1da2783f17377cf65d5f9c270629dd633191f581ff139c5b60c5d080e99,500000,10,2,1,0.24,0.044,0.284,95807,212,349,11,3621,25,,,dc8b788c1c45a5ec177a63b4df06e2220d1fd5302373d3622e905307590c283d,2026-09-23 19:07:04 UTC
scenario_00,epiworldR,0.15.1.0,100000,100,81,8775390,83b4e1da2783f17377cf65d5f9c270629dd633191f581ff139c5b60c5d080e99,500000,10,2,1,0.224,0.06,0.284,93614,436,663,21,5266,32,,,b1b0a87a7264bdeeca771c4774ed617e128a536734661948c2acf3e6b4e0b91d,2026-09-23 19:07:04 UTC
scenario_00,epiworldR,0.15.1.0,100000,100,82,8775391,83b4e1da2783f17377cf65d5f9c270629dd633191f581ff139c5b60c5d080e99,500000,10,2,1,0.23,0.051,0.281,94727,385,602,27,4259,27,,,144ab3982ab5cb6d205ae70a97d4fac52ed0d6bf0bf894de0b376e56a6fbaf34,2026-09-23 19:07:04 UTC
scenario_00,epiworldR,0.15.1.0,100000,100,83,8775392,83b4e1da2783f17377cf65d5f9c270629dd633191f581ff139c5b60c5d080e99,500000,10,2,1,0.226,0.061,0.287,93512,417,624,38,5409,40,,,4e3f1611b3e0bea35da8678f6db58fb6c394ac2ced2fad3f853c46c46c7fb5ed,2026-09-23 19:07:05 UTC
scenario_00,epiworldR,0.15.1.0,100000,100,84,8775393,83b4e1da2783f17377cf65d5f9c270629dd633191f581ff139c5b60c5d080e99,500000,10,2,1,0.223,0.057,0.28,93964,386,611,20,5019,27,,,5b1f16600cba88004ea510d946924ba9175db6fe855d28aa67e7eee9250e6cf1,2026-09-23 19:07:05 UTC
scenario_00,epiworldR,0.15.1.0,100000,100,85,8775394,83b4e1da2783f17377cf65d5f9c270629dd633191f581ff139c5b60c5d080e99,500000,10,2,1,0.225,0.051,0.276,94656,367,572,17,4388,24,,,5da1b8c88890f2c53c965959d77157caa0d24f9edfbaa71f4a964220b7774ab0,2026-09-23 19:07:06 UTC
scenario_00,epiworldR,0.15.1.0,100000,100,86,8775395,83b4e1da2783f17377cf65d5f9c270629dd633191f581ff139c5b60c5d080e99,500000,10,2,1,0.227,0.043,0.27,95628,289,441,18,3624,20,,,f712f4c66399dfc7ef310434c5c5244cd7f96a272dc9b62253ac06577f2256e3,2026-09-23 19:07:06 UTC
scenario_00,epiworldR,0.15.1.0,100000,100,87,8775396,83b4e1da2783f17377cf65d5f9c270629dd633191f581ff139c5b60c5d080e99,500000,10,2,1,0.227,0.056,0.283,94118,393,576,32,4881,32,,,2f569ea14858bce4c2f0bcdc5798ffa2f4e16fb02595d2ea9ccb304961b58e1d,2026-09-23 19:07:06 UTC
scenario_00,epiworldR,0.15.1.0,100000,100,88,8775397,83b4e1da2783f17377cf65d5f9c270629dd633191f581ff139c5b60c5d080e99,500000,10,2,1,0.224,0.052,0.276,94764,329,579,25,4303,30,,,7c8f9e203f0382b152b36e2d978c3660f5a13a639107bcdb17b855ce7def7a72,2026-09-23 19:07:07 UTC
scenario_00,epiworldR,0.15.1.0,100000,100,89,8775398,83b4e1da2783f17377cf65d5f9c270629dd633191f581ff139c5b60c5d080e99,500000,10,2,1,0.227,0.056,0.283,94181,429,626,19,4745,30,,,69af8442cf6d8f566bed76c4fab1fce936501c38c86b464d99b23365b8ac02ef,2026-09-23 19:07:07 UTC
scenario_00,epiworldR,0.15.1.0,100000,100,90,8775399,83b4e1da2783f17377cf65d5f9c270629dd633191f581ff139c5b60c5d080e99,500000,10,2,1,0.221,0.068,0.289,92603,476,787,29,6105,29,,,a7596f70aafbff9945359e35e7d77865352d580cacd84d81f29c4a8073a80051,2026-09-23 19:07:08 UTC
scenario_00,epiworldR,0.15.1.0,100000,100,91,8775400,83b4e1da2783f17377cf65d5f9c270629dd633191f581ff139c5b60c5d080e99,500000,10,2,1,0.225,0.062,0.287,93495,413,654,23,5415,33,,,cba68caf394fb156f38ea4df3afd91a5b05ce60c4e5c6bfd40df6e3d10aebfd8,2026-09-23 19:07:08 UTC
scenario_00,epiworldR,0.15.1.0,100000,100,92,8775401,83b4e1da2783f17377cf65d5f9c270629dd633191f581ff139c5b60c5d080e99,500000,10,2,1,0.238,0.058,0.296,94782,338,540,22,4318,23,,,5c9635b42872f90adcf76a22f120a966aa3a753a37d9953fcb2d28989fd16f98,2026-09-23 19:07:09 UTC
scenario_00,epiworldR,0.15.1.0,100000,100,93,8775402,83b4e1da2783f17377cf65d5f9c270629dd633191f581ff139c5b60c5d080e99,500000,10,2,1,0.226,0.067,0.293,94044,444,620,24,4868,30,,,1b47488b9ee54b432402b4835c5aa77f003e9190a1cdf08fe5b685252e34fddb,2026-09-23 19:07:09 UTC
scenario_00,epiworldR,0.15.1.0,100000,100,94,8775403,83b4e1da2783f17377cf65d5f9c270629dd633191f581ff139c5b60c5d080e99,500000,10,2,1,0.23,0.067,0.297,93827,456,631,27,5059,34,,,04fe98cc634e186074960bfe1e71c6c85d8ca6d96342585be635e882f4222e19,2026-09-23 19:07:10 UTC
scenario_00,epiworldR,0.15.1.0,100000,100,95,8775404,83b4e1da2783f17377cf65d5f9c270629dd633191f581ff139c5b60c5d080e99,500000,10,2,1,1.2,0.097,1.297,92641,497,785,25,6052,30,,,0181842d884e02aaad35535ed5b5a1b1de979c8e3a235a842ac02cb5a4541e76,2026-09-23 19:07:11 UTC
scenario_00,epiworldR,0.15.1.0,100000,100,96,8775405,83b4e1da2783f17377cf65d5f9c270629dd633191f581ff139c5b60c5d080e99,500000,10,2,1,1.955,0.0659999999999998,2.021,93841,417,611,39,5092,39,,,1783423d964c56376873a18e5c8513c36c8a55113ec6582c4392600d9964813f,2026-09-23 19:07:16 UTC
scenario_00,epiworldR,0.15.1.0,100000,100,97,8775406,83b4e1da2783f17377cf65d5f9c270629dd633191f581ff139c5b60c5d080e99,500000,10,2,1,0.77,0.0760000000000001,0.846,93906,392,627,25,5050,27,,,61b608d8a2c55520baa2dd7d3c566c322d252427fad067a5e158f33ae25d40ea,2026-09-23 19:07:17 UTC
scenario_00,epiworldR,0.15.1.0,100000,100,98,8775407,83b4e1da2783f17377cf65d5f9c270629dd633191f581ff139c5b60c5d080e99,500000,10,2,1,0.267,0.051,0.318,95354,272,425,21,3928,21,,,69c783dbc84e4c019ecefe51e4b78cbccadfba66cdd7abb788948378f8f93432,2026-09-23 19:07:18 UTC
scenario_00,epiworldR,0.15.1.0,100000,100,99,8775408,83b4e1da2783f17377cf65d5f9c270629dd633191f581ff139c5b60c5d080e99,500000,10,2,1,0.286,0.056,0.342,94884,361,544,23,4188,26,,,e8e8826a4faef795a6dac38be54ceb326fae40133c24a3b8c6d0136e5608662f,2026-09-23 19:07:18 UTC
scenario_00,epiworldR,0.15.1.0,100000,100,100,8775409,83b4e1da2783f17377cf65d5f9c270629dd633191f581ff139c5b60c5d080e99,500000,10,2,1,0.24,0.055,0.295,94012,432,667,28,4861,28,,,6594fe487e31c7bfbab3410904a8b67281ef1230f89f0e53ae29f018929b847c,2026-09-23 19:07:19 UTC
scenario_00,epydemic,1.14.1,1000,10,1,8675310,7635ee4af91779574edf0c51b32dfc52852948c78f93ddb8b67c2c94252c023d,5000,10.0,2.0,1.0,0.01242767702206038,0.021219532995019108,0.03364721001707949,962,13,13,0,12,0,,,2da30d78050126d46f0a78653dff6ebf9c4cd9f3ecdaa94ba409a1b3488fd854,2026-09-23T18:41:50.438622+00:00
scenario_00,epydemic,1.14.1,10000,100,1,8675310,a81eb8a7b4c49dbd245a57ae13561b313c2c060fc6f00249c6dda8fb36336134,50000,10.0,2.0,1.0,0.0360393010196276,0.5346868099877611,0.5707261110073887,5934,144,254,19,3649,33,,,5eba1df96686ea7099fb2f94069e369899d77b78f8261867cf2d715e1744c7c1,2026-09-23T19:29:06.892925+00:00
scenario_00,epydemic,1.14.1,10000,100,2,8675311,a81eb8a7b4c49dbd245a57ae13561b313c2c060fc6f00249c6dda8fb36336134,50000,10.0,2.0,1.0,0.03420529997674748,0.4624355810228735,0.496640880999621,6695,131,240,15,2919,23,,,18537089d93cb4657a380c4c61a7704d21c95410c3943f1375da9242042622c4,2026-09-23T19:29:07.831111+00:00
scenario_00,epydemic,1.14.1,10000,100,3,8675312,a81eb8a7b4c49dbd245a57ae13561b313c2c060fc6f00249c6dda8fb36336134,50000,10.0,2.0,1.0,0.034327633009525016,0.545318699994823,0.579646333004348,6162,153,287,11,3387,25,,,52f3f0e4750925aac1bcb8c3d2cb865369754530cadaec5b280535546cb90238,2026-09-23T19:29:08.863987+00:00
scenario_00,epydemic,1.14.1,10000,100,4,8675313,a81eb8a7b4c49dbd245a57ae13561b313c2c060fc6f00249c6dda8fb36336134,50000,10.0,2.0,1.0,0.035700843000086024,0.5513313330011442,0.5870321760012303,6047,134,253,17,3549,25,,,53fec81a39e4c67c351cb2c1f8f02a8d1b243695373388ad9f1c44f22129a3e9,2026-09-23T19:29:09.902688+00:00
scenario_00,epydemic,1.14.1,10000,100,5,8675314,a81eb8a7b4c49dbd245a57ae13561b313c2c060fc6f00249c6dda8fb36336134,50000,10.0,2.0,1.0,0.03750621998915449,0.49854621599661186,0.5360524359857664,6500,133,256,9,3102,24,,,20e0f39caa7fc6aa1dbb58f47140a6d228dddab232e07d806bd5490459b7edd3,2026-09-23T19:29:10.892216+00:00
scenario_00,epydemic,1.14.1,10000,100,6,8675315,a81eb8a7b4c49dbd245a57ae13561b313c2c060fc6f00249c6dda8fb36336134,50000,10.0,2.0,1.0,0.035338383982889354,0.5747359920060262,0.6100743759889156,5853,140,224,11,3772,24,,,ec7c80b9370c6d751379adf3f53382e11faa67df50b50c502a631549ff486c5d,2026-09-23T19:29:11.973725+00:00
scenario_00,epydemic,1.14.1,10000,100,7,8675316,a81eb8a7b4c49dbd245a57ae13561b313c2c060fc6f00249c6dda8fb36336134,50000,10.0,2.0,1.0,0.036203052004566416,0.5642179349961225,0.6004209870006889,6016,135,254,19,3576,22,,,e2eed9bfaa80d1fb61b59d9abbbe4a1cf8abe0ec88448cbcdf324688596f601b,2026-09-23T19:29:13.009498+00:00
scenario_00,epydemic,1.14.1,10000,100,8,8675317,a81eb8a7b4c49dbd245a57ae13561b313c2c060fc6f00249c6dda8fb36336134,50000,10.0,2.0,1.0,0.03492496695253067,0.5267714650253765,0.5616964319779072,6163,129,221,16,3471,23,,,6f71d357243de2897dc03a9436bb7eb784ed00117dd27748e2fd934301aaaeca,2026-09-23T19:29:14.038258+00:00
scenario_00,epydemic,1.14.1,10000,100,9,8675318,a81eb8a7b4c49dbd245a57ae13561b313c2c060fc6f00249c6dda8fb36336134,50000,10.0,2.0,1.0,0.037191554001765326,0.5388519819825888,0.5760435359843541,6094,151,241,11,3503,22,,,e8a12a26f14018c96d2d202aaa05c30ed438a093ba5dfffb5ed7ccd0206745a6,2026-09-23T19:29:15.074475+00:00
scenario_00,epydemic,1.14.1,10000,100,10,8675319,a81eb8a7b4c49dbd245a57ae13561b313c2c060fc6f00249c6dda8fb36336134,50000,10.0,2.0,1.0,0.03333779802778736,0.5618516399990767,0.5951894380268641,5869,134,242,15,3740,26,,,66b91884390b0804ea921af9917da4b0452588cd1638a04477aa49ab1185aa10,2026-09-23T19:29:16.129193+00:00
scenario_00,epydemic,1.14.1,10000,100,11,8675320,a81eb8a7b4c49dbd245a57ae13561b313c2c060fc6f00249c6dda8fb36336134,50000,10.0,2.0,1.0,0.034901924984296784,0.5221502500062343,0.5570521749905311,6121,130,208,9,3532,25,,,cd17a343a07a9709c75a7e839307ddf5ecbe9b5a5078f4c7bf42d6f61c67d09e,2026-09-23T19:29:17.118850+00:00
scenario_00,epydemic,1.14.1,10000,100,12,8675321,a81eb8a7b4c49dbd245a57ae13561b313c2c060fc6f00249c6dda8fb36336134,50000,10.0,2.0,1.0,0.0343042160384357,0.46459775097901,0.4989019670174457,6470,124,216,12,3178,23,,,c03b31c183c7795bcfa4ac8db7b1e01d7e37c1e2fa58aa532d38134fe439542a,2026-09-23T19:29:18.056472+00:00
scenario_00,epydemic,1.14.1,10000,100,13,8675322,a81eb8a7b4c49dbd245a57ae13561b313c2c060fc6f00249c6dda8fb36336134,50000,10.0,2.0,1.0,0.039896016009151936,0.4934361260093283,0.5333321420184802,6309,116,218,16,3341,29,,,f75c340f9dbc730ef44f617c7e48bccb07cba3126b5e27beb52c92e62483cc6d,2026-09-23T19:29:19.032456+00:00
scenario_00,epydemic,1.14.1,10000,100,14,8675323,a81eb8a7b4c49dbd245a57ae13561b313c2c060fc6f00249c6dda8fb36336134,50000,10.0,2.0,1.0,0.03426613297779113,0.5155452820181381,0.5498114149959292,6146,164,232,14,3444,20,,,09ae86cc189fcccbe66f44a2e000a4ee736eb33a31a5674ce1d08297bf22015a,2026-09-23T19:29:20.003089+00:00
scenario_00,epydemic,1.14.1,10000,100,15,8675324,a81eb8a7b4c49dbd245a57ae13561b313c2c060fc6f00249c6dda8fb36336134,50000,10.0,2.0,1.0,0.03476721703191288,0.5591751359752379,0.5939423530071508,5743,124,238,13,3882,28,,,59fa8950cbd4ead25dbc83f85034388ea89eeb26e61fc9a8c49abbfb9675b388,2026-09-23T19:29:21.050971+00:00
scenario_00,epydemic,1.14.1,10000,100,16,8675325,a81eb8a7b4c49dbd245a57ae13561b313c2c060fc6f00249c6dda8fb36336134,50000,10.0,2.0,1.0,0.034975175018189475,0.5106052759801969,0.5455804509983864,6070,126,245,18,3541,28,,,8b510b12932eb977915627262093c374cb79792d896e35f0698e1b212c8a9196,2026-09-23T19:29:22.042649+00:00
scenario_00,epydemic,1.14.1,10000,100,17,8675326,a81eb8a7b4c49dbd245a57ae13561b313c2c060fc6f00249c6dda8fb36336134,50000,10.0,2.0,1.0,0.03429067399702035,0.5032989319879562,0.5375896059849765,6176,123,208,9,3484,28,,,38ca4de1e2d6ed99ed31cbe61bfa8eee8ec2900f4e030a0ba5271ae5b777802e,2026-09-23T19:29:23.032173+00:00
scenario_00,epydemic,1.14.1,10000,100,18,8675327,a81eb8a7b4c49dbd245a57ae13561b313c2c060fc6f00249c6dda8fb36336134,50000,10.0,2.0,1.0,0.03654130201903172,0.5079891049826983,0.54453040700173,6366,123,238,19,3254,25,,,31e4d8c1d78cc27b3a1b820b8f449ff06fd9e0405ef3d65bd7a8d8f22ff9c74c,2026-09-23T19:29:24.133518+00:00
scenario_00,epydemic,1.14.1,10000,100,19,8675328,a81eb8a7b4c49dbd245a57ae13561b313c2c060fc6f00249c6dda8fb36336134,50000,10.0,2.0,1.0,0.03381146499305032,0.5879988870001398,0.6218103519931901,5365,146,221,19,4249,27,,,ed36876db2f765b95945d73c4b7e98e4ab57996694a312f385a3a9b8a04403ee,2026-09-23T19:29:25.173743+00:00
scenario_00,epydemic,1.14.1,10000,100,20,8675329,a81eb8a7b4c49dbd245a57ae13561b313c2c060fc6f00249c6dda8fb36336134,50000,10.0,2.0,1.0,0.0356839680171106,0.5897399309906177,0.6254238990077283,5333,157,334,14,4162,27,,,084dddfcd68737a6eda51102db8d0acde5677034dbbcdf629f2ab88f41c3ec70,2026-09-23T19:29:26.213129+00:00
scenario_00,epydemic,1.14.1,10000,100,21,8675330,a81eb8a7b4c49dbd245a57ae13561b313c2c060fc6f00249c6dda8fb36336134,50000,10.0,2.0,1.0,0.037316011992515996,0.49889584199991077,0.5362118539924268,6429,123,219,8,3221,21,,,95baaf2a358c8657b9a2b23e3800e84994f9fa78692b2e5bd4743ca75816ade3,2026-09-23T19:29:27.241402+00:00
scenario_00,epydemic,1.14.1,10000,100,22,8675331,a81eb8a7b4c49dbd245a57ae13561b313c2c060fc6f00249c6dda8fb36336134,50000,10.0,2.0,1.0,0.03739845100790262,0.5342401259986218,0.5716385770065244,6038,117,175,11,3659,31,,,be72af020509ca1199de299e9f2a8f101736a5a5f77350df0734fcc4d8617bbb,2026-09-23T19:29:28.383190+00:00
scenario_00,epydemic,1.14.1,10000,100,23,8675332,a81eb8a7b4c49dbd245a57ae13561b313c2c060fc6f00249c6dda8fb36336134,50000,10.0,2.0,1.0,0.03568353201262653,0.5057739019975998,0.5414574340102263,6385,103,181,9,3322,25,,,4e846751a59223ac2b63b52e09562d902272335bd1745b6bd7f766b1210729ff,2026-09-23T19:29:29.370626+00:00
scenario_00,epydemic,1.14.1,10000,100,24,8675333,a81eb8a7b4c49dbd245a57ae13561b313c2c060fc6f00249c6dda8fb36336134,50000,10.0,2.0,1.0,0.033782149985199794,0.5369204849994276,0.5707026349846274,5846,156,246,12,3740,26,,,d02c31d676e73f1f6f261c4c3a51f762d5d418648738445a22da1442381581fc,2026-09-23T19:29:30.366725+00:00
scenario_00,epydemic,1.14.1,10000,100,25,8675334,a81eb8a7b4c49dbd245a57ae13561b313c2c060fc6f00249c6dda8fb36336134,50000,10.0,2.0,1.0,0.038474561006296426,0.4721270049922168,0.5106015659985133,6630,165,251,15,2939,23,,,9a05dc493ca1177177b4cb1df777115d4dc9659b830eba0a544c0074e60b4dfe,2026-09-23T19:29:31.332442+00:00
scenario_00,epydemic,1.14.1,10000,100,26,8675335,a81eb8a7b4c49dbd245a57ae13561b313c2c060fc6f00249c6dda8fb36336134,50000,10.0,2.0,1.0,0.032864711014553905,0.48375142499571666,0.5166161360102706,6300,107,235,16,3342,24,,,de1c8098e975dc497a2ee31db94b1080345d16609e1d9df06bb540a0db6faa9f,2026-09-23T19:29:32.277337+00:00
scenario_00,epydemic,1.14.1,10000,100,27,8675336,a81eb8a7b4c49dbd245a57ae13561b313c2c060fc6f00249c6dda8fb36336134,50000,10.0,2.0,1.0,0.03337264101719484,0.49663129399414174,0.5300039350113366,6284,121,241,14,3340,24,,,25cfd015b8a460c6fdc9b0b9b0a932e503f6cc7e39dcfdf672089be7577aebd9,2026-09-23T19:29:33.226090+00:00
scenario_00,epydemic,1.14.1,10000,100,28,8675337,a81eb8a7b4c49dbd245a57ae13561b313c2c060fc6f00249c6dda8fb36336134,50000,10.0,2.0,1.0,0.03282083399244584,0.5216237629938405,0.5544445969862863,6095,108,219,14,3564,26,,,53e7f8a96bd758cdbc0e283510770f4dd43b84d047fe049b72692f758cfc00ef,2026-09-23T19:29:34.195981+00:00
scenario_00,epydemic,1.14.1,10000,100,29,8675338,a81eb8a7b4c49dbd245a57ae13561b313c2c060fc6f00249c6dda8fb36336134,50000,10.0,2.0,1.0,0.034446666977601126,0.5482286479964387,0.5826753149740398,5762,157,248,23,3810,30,,,e9d323b905e6235821b16f8618f02340e702f78942f9fefef8b862e111b97404,2026-09-23T19:29:35.241011+00:00
scenario_00,epydemic,1.14.1,10000,100,30,8675339,a81eb8a7b4c49dbd245a57ae13561b313c2c060fc6f00249c6dda8fb36336134,50000,10.0,2.0,1.0,0.03533731499919668,0.5322309499897528,0.5675682649889495,6001,129,258,9,3603,25,,,30a4bc6bfb0914e565c30848ee914ff5795d74b13f853fbea1725cea3b0c899f,2026-09-23T19:29:36.224525+00:00
scenario_00,epydemic,1.14.1,10000,100,31,8675340,a81eb8a7b4c49dbd245a57ae13561b313c2c060fc6f00249c6dda8fb36336134,50000,10.0,2.0,1.0,0.034254744998179376,0.49862138699973,0.5328761319979094,6189,142,214,11,3444,21,,,c50ddad1cc13fe9b3bc16ef7795aef925ced1bd198d14abb53798a57a53006eb,2026-09-23T19:29:37.188193+00:00
scenario_00,epydemic,1.14.1,10000,100,32,8675341,a81eb8a7b4c49dbd245a57ae13561b313c2c060fc6f00249c6dda8fb36336134,50000,10.0,2.0,1.0,0.03463746400666423,0.5868072960001882,0.6214447600068524,5855,145,245,15,3740,25,,,8589ea5fc037bafa25afffc0e3362cad4748cd45d64b0d54d04f26ba89186d9d,2026-09-23T19:29:38.241510+00:00
scenario_00,epydemic,1.14.1,10000,100,33,8675342,a81eb8a7b4c49dbd245a57ae13561b313c2c060fc6f00249c6dda8fb36336134,50000,10.0,2.0,1.0,0.041448721021879464,0.646164804988075,0.6876135260099545,5317,127,237,15,4304,33,,,7b8bbe48fce9dadbac558bb127eee9db26b5d473994610f6c3dc07fd750fef88,2026-09-23T19:29:39.428965+00:00
scenario_00,epydemic,1.14.1,10000,100,34,8675343,a81eb8a7b4c49dbd245a57ae13561b313c2c060fc6f00249c6dda8fb36336134,50000,10.0,2.0,1.0,0.034154492983361706,0.5059009469987359,0.5400554399820976,6221,136,230,14,3399,22,,,846604aea25191dd7f9ecec8d5c5540205e26fceca4959a322446fbbd141a083,2026-09-23T19:29:40.425679+00:00
scenario_00,epydemic,1.14.1,10000,100,35,8675344,a81eb8a7b4c49dbd245a57ae13561b313c2c060fc6f00249c6dda8fb36336134,50000,10.0,2.0,1.0,0.03372398199280724,0.47148457198636606,0.5052085539791733,6426,115,217,9,3233,24,,,cdc211474b1d0039ec3b0325d00507234b0c191ef49e752d347c33c38b7cf9a5,2026-09-23T19:29:41.369404+00:00
scenario_00,epydemic,1.14.1,10000,100,36,8675345,a81eb8a7b4c49dbd245a57ae13561b313c2c060fc6f00249c6dda8fb36336134,50000,10.0,2.0,1.0,0.034468959987862036,0.5905161389964633,0.6249850989843253,5403,123,258,18,4198,32,,,40b7df2970de1b18656393440191a5d50626a2e2de852731bc8aaccb538c9961,2026-09-23T19:29:42.431732+00:00
scenario_00,epydemic,1.14.1,10000,100,37,8675346,a81eb8a7b4c49dbd245a57ae13561b313c2c060fc6f00249c6dda8fb36336134,50000,10.0,2.0,1.0,0.03622150400769897,0.5318406479782425,0.5680621519859415,5912,116,238,7,3727,20,,,710cbd47f2453c346224702cda881c76ec5f379d8454ae14d49064f0b455ef26,2026-09-23T19:29:43.423639+00:00
scenario_00,epydemic,1.14.1,10000,100,38,8675347,a81eb8a7b4c49dbd245a57ae13561b313c2c060fc6f00249c6dda8fb36336134,50000,10.0,2.0,1.0,0.03411745099583641,0.5974244819954038,0.6315419329912402,5316,155,293,20,4216,29,,,84b8eed2cb20410cc787f48a269705e0a7f1b0e9d592f90c094dd496a4c3f340,2026-09-23T19:29:44.471965+00:00
scenario_00,epydemic,1.14.1,10000,100,39,8675348,a81eb8a7b4c49dbd245a57ae13561b313c2c060fc6f00249c6dda8fb36336134,50000,10.0,2.0,1.0,0.042186990001937374,0.5872197640128434,0.6294067540147807,5567,155,291,9,3978,23,,,fe58b9708c58eddb51681b3dd4fdfc5ef017db7370c86c2a7723730fc373e75c,2026-09-23T19:29:45.531556+00:00
scenario_00,epydemic,1.14.1,10000,100,40,8675349,a81eb8a7b4c49dbd245a57ae13561b313c2c060fc6f00249c6dda8fb36336134,50000,10.0,2.0,1.0,0.033261636999668553,0.4602324939914979,0.49349413099116646,6616,93,177,9,3105,26,,,3c75ed77b325ad7041b93ece81ebdb4e78215a8584fbb58ff427b70a276ac122,2026-09-23T19:29:46.449936+00:00
scenario_00,epydemic,1.14.1,10000,100,41,8675350,a81eb8a7b4c49dbd245a57ae13561b313c2c060fc6f00249c6dda8fb36336134,50000,10.0,2.0,1.0,0.0337764429859817,0.5919263840187341,0.6257028270047158,5443,134,272,13,4138,23,,,059d3a4f4d8db692a5cd66b16ea39cd142452d918f8e887363951f291e1355e9,2026-09-23T19:29:47.489490+00:00
scenario_00,epydemic,1.14.1,10000,100,42,8675351,a81eb8a7b4c49dbd245a57ae13561b313c2c060fc6f00249c6dda8fb36336134,50000,10.0,2.0,1.0,0.034383666003122926,0.5062785810150672,0.5406622470181901,6161,120,200,16,3503,24,,,193d150649b746c75095b920beac1636aaadaf6b1d7fc5ea55741f34baecf4c9,2026-09-23T19:29:48.460567+00:00
scenario_00,epydemic,1.14.1,10000,100,43,8675352,a81eb8a7b4c49dbd245a57ae13561b313c2c060fc6f00249c6dda8fb36336134,50000,10.0,2.0,1.0,0.037574747984763235,0.5085129289946053,0.5460876769793686,6388,115,229,5,3263,26,,,a108f526339850984929540dd4855014832c3947ad8ebf7998925231b0974725,2026-09-23T19:29:49.459399+00:00
scenario_00,epydemic,1.14.1,10000,100,44,8675353,a81eb8a7b4c49dbd245a57ae13561b313c2c060fc6f00249c6dda8fb36336134,50000,10.0,2.0,1.0,0.03345218300819397,0.5688607560005039,0.6023129390086979,5708,162,262,16,3852,35,,,ae45bac0c63ce5573b96be2c7a9b32130061c0994604b174f1d5328d11a92f75,2026-09-23T19:29:50.477307+00:00
scenario_00,epydemic,1.14.1,10000,100,45,8675354,a81eb8a7b4c49dbd245a57ae13561b313c2c060fc6f00249c6dda8fb36336134,50000,10.0,2.0,1.0,0.03424820399959572,0.5368854849948548,0.5711336889944505,5954,124,224,11,3687,28,,,45ce91048879cb3243495707aa7ad316555d30655dfb9cfc5aec1826f4ce2acf,2026-09-23T19:29:51.468690+00:00
scenario_00,epydemic,1.14.1,10000,100,46,8675355,a81eb8a7b4c49dbd245a57ae13561b313c2c060fc6f00249c6dda8fb36336134,50000,10.0,2.0,1.0,0.03496755499509163,0.5626869330008049,0.5976544879958965,5588,165,286,16,3945,22,,,6dd7b6170f65cc1cb2bb8e3bff1d3b6714b7b820ac09ae4a9a2a34fcac5fd7c7,2026-09-23T19:29:52.489942+00:00
scenario_00,epydemic,1.14.1,10000,100,47,8675356,a81eb8a7b4c49dbd245a57ae13561b313c2c060fc6f00249c6dda8fb36336134,50000,10.0,2.0,1.0,0.04612967200228013,0.548881707014516,0.5950113790167961,5709,192,328,19,3752,25,,,43c21d0ff5cd1e9e31380c298f0ca44063dae42c10bc8b9031258fc22cf9dfc4,2026-09-23T19:29:53.507749+00:00
scenario_00,epydemic,1.14.1,10000,100,48,8675357,a81eb8a7b4c49dbd245a57ae13561b313c2c060fc6f00249c6dda8fb36336134,50000,10.0,2.0,1.0,0.03596545499749482,0.5734306639933493,0.6093961189908441,5926,94,195,13,3772,27,,,cd77f3bb163a9dc0fa3676ad7ac21d2f96fd3f98691c046bb72e4dc4158c8931,2026-09-23T19:29:54.544286+00:00
scenario_00,epydemic,1.14.1,10000,100,49,8675358,a81eb8a7b4c49dbd245a57ae13561b313c2c060fc6f00249c6dda8fb36336134,50000,10.0,2.0,1.0,0.0396744680183474,0.5996436209825333,0.6393180890008807,5939,146,237,8,3670,26,,,508c83fdd50ce9c15bdef0baae2a487024dccd52dde3ea59f3f477cfa793af41,2026-09-23T19:29:55.725322+00:00
scenario_00,epydemic,1.14.1,10000,100,50,8675359,a81eb8a7b4c49dbd245a57ae13561b313c2c060fc6f00249c6dda8fb36336134,50000,10.0,2.0,1.0,0.04841889697127044,0.5539239600184374,0.6023428569897078,5999,132,237,6,3626,33,,,335a9304d1bcd1fe6697d6e16d93cd0a0ec150e1f3529ed4bf7dad6c79381404,2026-09-23T19:29:56.786881+00:00
scenario_00,epydemic,1.14.1,10000,100,51,8675360,a81eb8a7b4c49dbd245a57ae13561b313c2c060fc6f00249c6dda8fb36336134,50000,10.0,2.0,1.0,0.03709377598715946,0.5258284530136734,0.5629222290008329,6031,126,241,10,3592,32,,,3b9f9fe9a12c7b9cb67c27d2d80809e45bd186e5051f92678481e6dd84c33f92,2026-09-23T19:29:57.834940+00:00
scenario_00,epydemic,1.14.1,10000,100,52,8675361,a81eb8a7b4c49dbd245a57ae13561b313c2c060fc6f00249c6dda8fb36336134,50000,10.0,2.0,1.0,0.033648605982307345,0.49172350301523693,0.5253721089975443,6391,160,253,7,3189,19,,,7025431fb8bac043ae088ba70aa21f320476aac928e7307377800662821d0c59,2026-09-23T19:29:58.782061+00:00
scenario_00,epydemic,1.14.1,10000,100,53,8675362,a81eb8a7b4c49dbd245a57ae13561b313c2c060fc6f00249c6dda8fb36336134,50000,10.0,2.0,1.0,0.03622533704037778,0.5393268799816724,0.5755522170220502,5945,166,290,12,3587,24,,,f3e4f2dc71a7b6ec88cd72d078f168c3a3a78a5a45efe15596faf8b9c4f7b633,2026-09-23T19:29:59.825599+00:00
scenario_00,epydemic,1.14.1,10000,100,54,8675363,a81eb8a7b4c49dbd245a57ae13561b313c2c060fc6f00249c6dda8fb36336134,50000,10.0,2.0,1.0,0.036196128028677776,0.494457197986776,0.5306533260154538,6362,141,232,13,3252,25,,,0f30a9a84d18c82d7e16f1cc8682a3991b4b00e6a684dfd450ce2d46a97d5030,2026-09-23T19:30:00.827904+00:00
scenario_00,epydemic,1.14.1,10000,100,55,8675364,a81eb8a7b4c49dbd245a57ae13561b313c2c060fc6f00249c6dda8fb36336134,50000,10.0,2.0,1.0,0.03842318500392139,0.49714676599251106,0.5355699509964325,6450,132,260,18,3140,22,,,87af641b112c4db276752ad6d8539f6058fa75325ccf23f7b58db26992c4e471,2026-09-23T19:30:01.936507+00:00
scenario_00,epydemic,1.14.1,10000,100,56,8675365,a81eb8a7b4c49dbd245a57ae13561b313c2c060fc6f00249c6dda8fb36336134,50000,10.0,2.0,1.0,0.03812072001164779,0.5095168709813152,0.5476375909929629,6133,118,207,13,3529,22,,,c6f53a236cd4e6b78edebb7070a2f114daf3ad6d0e6ed87fdea2f65f8f540d4d,2026-09-23T19:30:02.928002+00:00
scenario_00,epydemic,1.14.1,10000,100,57,8675366,a81eb8a7b4c49dbd245a57ae13561b313c2c060fc6f00249c6dda8fb36336134,50000,10.0,2.0,1.0,0.034008238988462836,0.5308502900006715,0.5648585289891344,5976,139,216,14,3655,25,,,b7b13d78820f2b0f1134e4544efa791a89956a9a0b805eda46ce49e8f34130f6,2026-09-23T19:30:03.914386+00:00
scenario_00,epydemic,1.14.1,10000,100,58,8675367,a81eb8a7b4c49dbd245a57ae13561b313c2c060fc6f00249c6dda8fb36336134,50000,10.0,2.0,1.0,0.03374694098602049,0.5625945970241446,0.5963415380101651,5572,159,293,21,3955,33,,,267588856a1204d2201eea062d0e0629dc3278d24a918f79d17cc0ca00729682,2026-09-23T19:30:04.920347+00:00
scenario_00,epydemic,1.14.1,10000,100,59,8675368,a81eb8a7b4c49dbd245a57ae13561b313c2c060fc6f00249c6dda8fb36336134,50000,10.0,2.0,1.0,0.0355332370090764,0.5216593889927026,0.557192626001779,6017,164,281,6,3532,22,,,7709ac9ca21623e3740ebccb54201b178100235887eec71f83afec1bd84deb79,2026-09-23T19:30:05.893817+00:00
scenario_00,epydemic,1.14.1,10000,100,60,8675369,a81eb8a7b4c49dbd245a57ae13561b313c2c060fc6f00249c6dda8fb36336134,50000,10.0,2.0,1.0,0.03919133101589978,0.43564261798746884,0.4748339490033686,6863,124,181,11,2821,18,,,073d01ce32c36a5d0dbeb76cdceda4e9e88d617f6bc6ee6116b046219b80018b,2026-09-23T19:30:06.854510+00:00
scenario_00,epydemic,1.14.1,10000,100,61,8675370,a81eb8a7b4c49dbd245a57ae13561b313c2c060fc6f00249c6dda8fb36336134,50000,10.0,2.0,1.0,0.03191922800033353,0.5277567110024393,0.5596759390027728,5974,161,276,17,3572,19,,,8b2bf413536d4b55ed1a26969a7a14dbb0c6687e86962fcc146ec2831c65fa43,2026-09-23T19:30:07.830606+00:00
scenario_00,epydemic,1.14.1,10000,100,62,8675371,a81eb8a7b4c49dbd245a57ae13561b313c2c060fc6f00249c6dda8fb36336134,50000,10.0,2.0,1.0,0.0353392320103012,0.5641530109860469,0.5994922429963481,5655,153,250,17,3925,29,,,5dd5551d4aacce6b0a393cdd7a8331f1cb98cdf7494b231154acb6f3a1e1a065,2026-09-23T19:30:08.859026+00:00
scenario_00,epydemic,1.14.1,10000,100,63,8675372,a81eb8a7b4c49dbd245a57ae13561b313c2c060fc6f00249c6dda8fb36336134,50000,10.0,2.0,1.0,0.03429812198737636,0.5246923830127344,0.5589905050001107,5956,147,242,7,3648,24,,,b6651bbddf7d9cf99690d7f886e6b35e763a5235cdf6c905b3b9e0efd332ceab,2026-09-23T19:30:09.852637+00:00
scenario_00,epydemic,1.14.1,10000,100,64,8675373,a81eb8a7b4c49dbd245a57ae13561b313c2c060fc6f00249c6dda8fb36336134,50000,10.0,2.0,1.0,0.03452833599294536,0.5570779560075607,0.5916062920005061,5701,116,244,14,3925,24,,,67e81313172cc9fdce33514602baed1435d97c13a38c964418af3502e4923b02,2026-09-23T19:30:10.877943+00:00
scenario_00,epydemic,1.14.1,10000,100,65,8675374,a81eb8a7b4c49dbd245a57ae13561b313c2c060fc6f00249c6dda8fb36336134,50000,10.0,2.0,1.0,0.0339305299858097,0.5191850760020316,0.5531156059878413,6252,115,223,10,3400,22,,,af3fb36a2241119193b51688369fc18e914edcd86006d59a5fd68862dbbb3983,2026-09-23T19:30:11.872268+00:00
scenario_00,epydemic,1.14.1,10000,100,66,8675375,a81eb8a7b4c49dbd245a57ae13561b313c2c060fc6f00249c6dda8fb36336134,50000,10.0,2.0,1.0,0.033854568988317624,0.5143579120049253,0.5482124809932429,6058,136,286,16,3504,23,,,9d3344e31f2f1c9de74ec3785553c084205547fe85da54a73ef6271149d578cf,2026-09-23T19:30:12.845570+00:00
scenario_00,epydemic,1.14.1,10000,100,67,8675376,a81eb8a7b4c49dbd245a57ae13561b313c2c060fc6f00249c6dda8fb36336134,50000,10.0,2.0,1.0,0.033350014011375606,0.5394168409984559,0.5727668550098315,5845,132,257,17,3749,27,,,39bb903be39070dd9618e2e5fb229591fd179165bc39f82f1497945bfebd897f,2026-09-23T19:30:13.841947+00:00
scenario_00,epydemic,1.14.1,10000,100,68,8675377,a81eb8a7b4c49dbd245a57ae13561b313c2c060fc6f00249c6dda8fb36336134,50000,10.0,2.0,1.0,0.03571507503511384,0.5361393819912337,0.5718544570263475,5803,150,276,7,3764,26,,,481924d860293ff84eed743b08e4b9f90251757fbb7d080a9051a8738213b5c6,2026-09-23T19:30:14.847987+00:00
scenario_00,epydemic,1.14.1,10000,100,69,8675378,a81eb8a7b4c49dbd245a57ae13561b313c2c060fc6f00249c6dda8fb36336134,50000,10.0,2.0,1.0,0.03403149000951089,0.4941729819984175,0.5282044720079284,6297,113,244,13,3333,23,,,7515f9e626b29c287eaa4be69aced00218984d829a67e553c2e5a3e2fe25dc98,2026-09-23T19:30:15.801516+00:00
scenario_00,epydemic,1.14.1,10000,100,70,8675379,a81eb8a7b4c49dbd245a57ae13561b313c2c060fc6f00249c6dda8fb36336134,50000,10.0,2.0,1.0,0.035663490009028465,0.5428285939851776,0.578492083994206,5888,155,249,18,3690,26,,,1a45f36ef4d7b0e71744da5085f0fde15d0045472c33e18e7208d84f1fbf77b6,2026-09-23T19:30:16.832790+00:00
scenario_00,epydemic,1.14.1,10000,100,71,8675380,a81eb8a7b4c49dbd245a57ae13561b313c2c060fc6f00249c6dda8fb36336134,50000,10.0,2.0,1.0,0.0338053590094205,0.515059346013004,0.5488647050224245,6128,130,247,12,3483,25,,,459b25bd1dc7ea1dfb7f8e6266cb8f4aa9e27b11f158d8df959e98e9f59120fd,2026-09-23T19:30:17.826383+00:00
scenario_00,epydemic,1.14.1,10000,100,72,8675381,a81eb8a7b4c49dbd245a57ae13561b313c2c060fc6f00249c6dda8fb36336134,50000,10.0,2.0,1.0,0.034454250999260694,0.4752147500112187,0.5096690010104794,6459,118,228,13,3182,21,,,cc9710c3ae0528114cd33dd8fc551ecf609b3fb72d949b91d28ae6f04dec8ba5,2026-09-23T19:30:18.749833+00:00
scenario_00,epydemic,1.14.1,10000,100,73,8675382,a81eb8a7b4c49dbd245a57ae13561b313c2c060fc6f00249c6dda8fb36336134,50000,10.0,2.0,1.0,0.033472600975073874,0.5202162690111436,0.5536888699862175,6018,110,203,13,3656,22,,,ee4935b89ae1c96a74e703e3b43024d15c704fbf4dcdb551d8f86eb07c3417d4,2026-09-23T19:30:19.721550+00:00
scenario_00,epydemic,1.14.1,10000,100,74,8675383,a81eb8a7b4c49dbd245a57ae13561b313c2c060fc6f00249c6dda8fb36336134,50000,10.0,2.0,1.0,0.033208636014023796,0.4963197030010633,0.5295283390150871,6228,152,251,13,3356,24,,,d3bff2cce8aa208e407095ce827863c2ceb29d510ab1368c54df2d2185570d4f,2026-09-23T19:30:20.667223+00:00
scenario_00,epydemic,1.14.1,10000,100,75,8675384,a81eb8a7b4c49dbd245a57ae13561b313c2c060fc6f00249c6dda8fb36336134,50000,10.0,2.0,1.0,0.03679235200979747,0.5175387009803671,0.5543310529901646,6160,135,232,7,3466,25,,,ab2d85e39dee73ffb26790c2fded57c8c6c216195bbf2728150b74397a784dbf,2026-09-23T19:30:21.665073+00:00
scenario_00,epydemic,1.14.1,10000,100,76,8675385,a81eb8a7b4c49dbd245a57ae13561b313c2c060fc6f00249c6dda8fb36336134,50000,10.0,2.0,1.0,0.03686185399419628,0.59989287800272,0.6367547319969162,5470,126,248,14,4142,33,,,2aeb99a94806c2d3bcff66fe2aedcd475ea4316fbd04cc795174a626078afeec,2026-09-23T19:30:22.738403+00:00
scenario_00,epydemic,1.14.1,10000,100,77,8675386,a81eb8a7b4c49dbd245a57ae13561b313c2c060fc6f00249c6dda8fb36336134,50000,10.0,2.0,1.0,0.033529477019328624,0.49808474798919633,0.531614225008525,6219,125,223,19,3414,27,,,6a9bea692934fc964774d9362feb02a379b39309c8120b9525ca52f3a857756e,2026-09-23T19:30:23.691980+00:00
scenario_00,epydemic,1.14.1,10000,100,78,8675387,a81eb8a7b4c49dbd245a57ae13561b313c2c060fc6f00249c6dda8fb36336134,50000,10.0,2.0,1.0,0.032894253003178164,0.5240970340091735,0.5569912870123517,6207,159,253,20,3361,23,,,09825c41a5e25ef1e36d01d1568c4327dbecb1564c4b887660ac6c94e8d2386a,2026-09-23T19:30:24.670734+00:00
scenario_00,epydemic,1.14.1,10000,100,79,8675388,a81eb8a7b4c49dbd245a57ae13561b313c2c060fc6f00249c6dda8fb36336134,50000,10.0,2.0,1.0,0.03503768201335333,0.5252068539848551,0.5602445359982084,6218,133,246,16,3387,29,,,ac4332761dcc076127d0d7bdf15c36d5a0e99220207b108984afc764baa2db42,2026-09-23T19:30:25.684760+00:00
scenario_00,epydemic,1.14.1,10000,100,80,8675389,a81eb8a7b4c49dbd245a57ae13561b313c2c060fc6f00249c6dda8fb36336134,50000,10.0,2.0,1.0,0.03517747699515894,0.5931850000051782,0.6283624770003371,5813,131,228,10,3818,21,,,0576e502242c1e80b93d2ff8e7913af35e0c0b8919253ca71b308f8b71962367,2026-09-23T19:30:26.767060+00:00
scenario_00,epydemic,1.14.1,10000,100,81,8675390,a81eb8a7b4c49dbd245a57ae13561b313c2c060fc6f00249c6dda8fb36336134,50000,10.0,2.0,1.0,0.036173503001919016,0.5511204710055608,0.5872939740074798,6238,169,276,13,3304,21,,,b4f29ffe809580c4dbc11c337a5aca96554c6bab066fec04bc4c7dbf65533e1b,2026-09-23T19:30:27.810077+00:00
scenario_00,epydemic,1.14.1,10000,100,82,8675391,a81eb8a7b4c49dbd245a57ae13561b313c2c060fc6f00249c6dda8fb36336134,50000,10.0,2.0,1.0,0.0387772360118106,0.5515636490017641,0.5903408850135747,5848,150,268,10,3724,21,,,74af861e57161a6cc30b917a9cf305e8a571a45c768950bad8e6011526f24bb8,2026-09-23T19:30:28.886184+00:00
scenario_00,epydemic,1.14.1,10000,100,83,8675392,a81eb8a7b4c49dbd245a57ae13561b313c2c060fc6f00249c6dda8fb36336134,50000,10.0,2.0,1.0,0.034441292023984715,0.5016330049838871,0.5360742970078718,6182,113,199,13,3493,24,,,21c2d1280c23034b85a2e3f48278f432aaa3da87e64d7469eb48a377bb1cdb2f,2026-09-23T19:30:29.843086+00:00
scenario_00,epydemic,1.14.1,10000,100,84,8675393,a81eb8a7b4c49dbd245a57ae13561b313c2c060fc6f00249c6dda8fb36336134,50000,10.0,2.0,1.0,0.03313817598973401,0.5516718190046959,0.5848099949944299,5693,166,268,16,3857,30,,,8499c63da47eda6b07ce2abbedb4ad563a9b57ef8607c79aafcc3448c2f31e8a,2026-09-23T19:30:30.851685+00:00
scenario_00,epydemic,1.14.1,10000,100,85,8675394,a81eb8a7b4c49dbd245a57ae13561b313c2c060fc6f00249c6dda8fb36336134,50000,10.0,2.0,1.0,0.033454100019298494,0.4992099849914666,0.5326640850107651,6253,144,249,17,3337,18,,,56d42442548bc14dd0b0d2ddf25d67d0e5a8c751d57f75c4145fa9705a7824c5,2026-09-23T19:30:31.802677+00:00
scenario_00,epydemic,1.14.1,10000,100,86,8675395,a81eb8a7b4c49dbd245a57ae13561b313c2c060fc6f00249c6dda8fb36336134,50000,10.0,2.0,1.0,0.03309904900379479,0.5209282459982205,0.5540272950020153,6018,145,283,18,3536,22,,,7b767543c18b8df127c5543d2d4f16664c9dd200f84b933b58060e6e92b296fc,2026-09-23T19:30:32.779886+00:00
scenario_00,epydemic,1.14.1,10000,100,87,8675396,a81eb8a7b4c49dbd245a57ae13561b313c2c060fc6f00249c6dda8fb36336134,50000,10.0,2.0,1.0,0.03393298797891475,0.5126982030051295,0.5466311909840442,6068,139,217,13,3563,28,,,840398d93b864ace291c5f89d51a0fe88ed356a7bde795162adc81af87831d42,2026-09-23T19:30:33.764816+00:00
scenario_00,epydemic,1.14.1,10000,100,88,8675397,a81eb8a7b4c49dbd245a57ae13561b313c2c060fc6f00249c6dda8fb36336134,50000,10.0,2.0,1.0,0.033681856002658606,0.5812946970108896,0.6149765530135483,5456,142,275,18,4109,32,,,db13b106808acefdf51525266b65391a897734dd8c94db7d1f733168e9a278d4,2026-09-23T19:30:34.796516+00:00
scenario_00,epydemic,1.14.1,10000,100,89,8675398,a81eb8a7b4c49dbd245a57ae13561b313c2c060fc6f00249c6dda8fb36336134,50000,10.0,2.0,1.0,0.032850959978532046,0.5399757300037891,0.5728266899823211,5857,135,254,13,3741,29,,,32f84c3055c36cbbe7eaa0eeed82f7115af51a679b5298b041e626c405afb426,2026-09-23T19:30:35.782535+00:00
scenario_00,epydemic,1.14.1,10000,100,90,8675399,a81eb8a7b4c49dbd245a57ae13561b313c2c060fc6f00249c6dda8fb36336134,50000,10.0,2.0,1.0,0.03468854902894236,0.5427006319805514,0.5773891810094938,5839,170,279,18,3694,25,,,3f0f7376cae6f91792a2ae6829195a8ea081fcf4146feada5bb3114b51829987,2026-09-23T19:30:36.825564+00:00
scenario_00,epydemic,1.14.1,10000,100,91,8675400,a81eb8a7b4c49dbd245a57ae13561b313c2c060fc6f00249c6dda8fb36336134,50000,10.0,2.0,1.0,0.034408582985633984,0.4842234789975919,0.5186320619832259,6334,128,208,14,3316,22,,,2cb4e43646231d1561cf66a67d7fc5578f56502d16257efd44e8a687071c3eac,2026-09-23T19:30:37.770273+00:00
scenario_00,epydemic,1.14.1,10000,100,92,8675401,a81eb8a7b4c49dbd245a57ae13561b313c2c060fc6f00249c6dda8fb36336134,50000,10.0,2.0,1.0,0.037480828003026545,0.5986395129875746,0.6361203409906011,6696,163,260,11,2870,24,,,b04362d9ab2b47fd375b15a734f011e7c28d382fc48c7f808015d07315601176,2026-09-23T19:30:38.937368+00:00
scenario_00,epydemic,1.14.1,10000,100,93,8675402,a81eb8a7b4c49dbd245a57ae13561b313c2c060fc6f00249c6dda8fb36336134,50000,10.0,2.0,1.0,0.03541298399795778,0.4951157140021678,0.5305286980001256,6341,127,192,7,3333,22,,,beae95d49c78d34391684adea8870abb96a3c299af05d13295c9db4ab3487cec,2026-09-23T19:30:39.964434+00:00
scenario_00,epydemic,1.14.1,10000,100,94,8675403,a81eb8a7b4c49dbd245a57ae13561b313c2c060fc6f00249c6dda8fb36336134,50000,10.0,2.0,1.0,0.053010680014267564,0.4739954689866863,0.5270061490009539,6709,115,204,11,2961,18,,,de9a01d70f59ddb3cb96d0d11064a246cce2eacd63babd11686dee393b457e88,2026-09-23T19:30:41.073697+00:00
scenario_00,epydemic,1.14.1,10000,100,95,8675404,a81eb8a7b4c49dbd245a57ae13561b313c2c060fc6f00249c6dda8fb36336134,50000,10.0,2.0,1.0,0.03355247899889946,0.4736515429976862,0.5072040219965857,6536,132,213,9,3110,17,,,b9fb85545de64e2fc84531e882a9f92da0989b63f407569c8db9b0c653684404,2026-09-23T19:30:42.011453+00:00
scenario_00,epydemic,1.14.1,10000,100,96,8675405,a81eb8a7b4c49dbd245a57ae13561b313c2c060fc6f00249c6dda8fb36336134,50000,10.0,2.0,1.0,0.03832039097324014,0.5782444110081997,0.6165648019814398,5599,158,286,16,3941,24,,,c1ba5434e13a88623c8e78b4f95f41793bf87dffee87a5bb1071916632a19a8c,2026-09-23T19:30:43.097672+00:00
scenario_00,epydemic,1.14.1,10000,100,97,8675406,a81eb8a7b4c49dbd245a57ae13561b313c2c060fc6f00249c6dda8fb36336134,50000,10.0,2.0,1.0,0.03765074801049195,0.5017097989912145,0.5393605470017064,6236,137,226,12,3389,26,,,2a2c0227695a893092458e2ab6527be528c92328967222f161d9a81baf57f9d5,2026-09-23T19:30:44.090274+00:00
scenario_00,epydemic,1.14.1,10000,100,98,8675407,a81eb8a7b4c49dbd245a57ae13561b313c2c060fc6f00249c6dda8fb36336134,50000,10.0,2.0,1.0,0.03326526301680133,0.5143190349917859,0.5475842980085872,6029,149,260,8,3554,19,,,bc79fbd00e5348e72584a1b70d2c13c90ae69a107e2afd9e0168d0d10148e1e0,2026-09-23T19:30:45.057901+00:00
scenario_00,epydemic,1.14.1,10000,100,99,8675408,a81eb8a7b4c49dbd245a57ae13561b313c2c060fc6f00249c6dda8fb36336134,50000,10.0,2.0,1.0,0.034646130981855094,0.5289094070030842,0.5635555379849393,5888,141,237,19,3715,26,,,98a11decf8c3eb4eb100eb6b7f306195502043a6dbeff3c424b15b1278a42c95,2026-09-23T19:30:46.039241+00:00
scenario_00,epydemic,1.14.1,10000,100,100,8675409,a81eb8a7b4c49dbd245a57ae13561b313c2c060fc6f00249c6dda8fb36336134,50000,10.0,2.0,1.0,0.03444083296926692,0.5287524450104684,0.5631932779797353,6018,140,245,7,3590,25,,,666c4787057a97f8297679d7cf9051739631baf1617498c28ff4dc33e1aeb003,2026-09-23T19:30:47.012832+00:00
scenario_00,epydemic,1.14.1,100000,100,1,8775310,83b4e1da2783f17377cf65d5f9c270629dd633191f581ff139c5b60c5d080e99,500000,10.0,2.0,1.0,0.49614890999509953,2.0442286739998963,2.540377583994996,92480,491,772,38,6219,46,,,0ef41875896971688d6d792ff7d0c4146c024efe0acf01461f96203c66fa2ea1,2026-09-23T19:11:51.097540+00:00
scenario_00,epydemic,1.14.1,100000,100,2,8775311,83b4e1da2783f17377cf65d5f9c270629dd633191f581ff139c5b60c5d080e99,500000,10.0,2.0,1.0,0.48758096402161755,1.9705232869891915,2.458104251010809,93273,487,724,27,5489,37,,,d0ccaf6b3b6802e0224f1b47b187a83ce4e5ced7578e23c59d8163ce67d3a0a5,2026-09-23T19:11:54.136366+00:00
scenario_00,epydemic,1.14.1,100000,100,3,8775312,83b4e1da2783f17377cf65d5f9c270629dd633191f581ff139c5b60c5d080e99,500000,10.0,2.0,1.0,0.5046281459799502,1.833950412023114,2.3385785580030642,94193,336,541,39,4891,46,,,47b8a836a3b5dceec0ac55ea4aeec19e04eb578033cb2696604ef60837665b00,2026-09-23T19:11:57.059099+00:00
scenario_00,epydemic,1.14.1,100000,100,4,8775313,83b4e1da2783f17377cf65d5f9c270629dd633191f581ff139c5b60c5d080e99,500000,10.0,2.0,1.0,0.4999122369918041,1.8472425159998238,2.347154752991628,94138,375,550,27,4910,40,,,38de6c77e258705d18f6c3e0f4f44f33392d3a215858a3c5062c4203b12aa240,2026-09-23T19:11:59.995279+00:00
scenario_00,epydemic,1.14.1,100000,100,5,8775314,83b4e1da2783f17377cf65d5f9c270629dd633191f581ff139c5b60c5d080e99,500000,10.0,2.0,1.0,0.4894107120053377,2.0222094990022015,2.511620211007539,93066,455,754,37,5688,46,,,cbd14a54944819451906f06bafd66f4426eee19f3529ab101e0a4842e5d0fd2b,2026-09-23T19:12:03.104027+00:00
scenario_00,epydemic,1.14.1,100000,100,6,8775315,83b4e1da2783f17377cf65d5f9c270629dd633191f581ff139c5b60c5d080e99,500000,10.0,2.0,1.0,0.5350316830154043,1.9242671910033096,2.459298874018714,94158,388,557,26,4871,33,,,8652e998c7dd1f16fa7149d52e8d679387d8c2ae21a57b85fc133aaa326f0c5f,2026-09-23T19:12:06.201712+00:00
scenario_00,epydemic,1.14.1,100000,100,7,8775316,83b4e1da2783f17377cf65d5f9c270629dd633191f581ff139c5b60c5d080e99,500000,10.0,2.0,1.0,0.49666153397993185,1.8778156360203866,2.3744771700003184,94224,414,638,25,4699,41,,,9ab3da04b4f841e9022da001e30ba6239c72290705933ca38e1b0aac82faee35,2026-09-23T19:12:09.168141+00:00
scenario_00,epydemic,1.14.1,100000,100,8,8775317,83b4e1da2783f17377cf65d5f9c270629dd633191f581ff139c5b60c5d080e99,500000,10.0,2.0,1.0,0.5317523130215704,1.7773065399960615,2.309058853017632,94638,368,554,22,4418,40,,,9ee251f1273f28e4a7d721605015a422163cc90279dc51a00a8acecb9f0be001,2026-09-23T19:12:12.187607+00:00
scenario_00,epydemic,1.14.1,100000,100,9,8775318,83b4e1da2783f17377cf65d5f9c270629dd633191f581ff139c5b60c5d080e99,500000,10.0,2.0,1.0,0.4946851200365927,1.8435671469778754,2.338252267014468,94241,337,566,27,4829,33,,,e85c5ad969d027c5b2cd2393001483f19f1308922903162f257afdcbf3dad0d9,2026-09-23T19:12:15.106671+00:00
scenario_00,epydemic,1.14.1,100000,100,10,8775319,83b4e1da2783f17377cf65d5f9c270629dd633191f581ff139c5b60c5d080e99,500000,10.0,2.0,1.0,0.48657109096529894,1.8273119000077713,2.3138829909730703,94601,339,546,25,4489,35,,,2ff956bd1983228ca3d304c76ce0bb90cbe51fba2082008cd6edaa61816b71e0,2026-09-23T19:12:18.039517+00:00
scenario_00,epydemic,1.14.1,100000,100,11,8775320,83b4e1da2783f17377cf65d5f9c270629dd633191f581ff139c5b60c5d080e99,500000,10.0,2.0,1.0,0.5595060129999183,2.0645256740099285,2.624031687009847,93257,459,684,33,5567,45,,,6109f76566b8eb94a89baadacbe92811fe5124835e3ad73e841790600b0f853a,2026-09-23T19:12:21.379023+00:00
scenario_00,epydemic,1.14.1,100000,100,12,8775321,83b4e1da2783f17377cf65d5f9c270629dd633191f581ff139c5b60c5d080e99,500000,10.0,2.0,1.0,0.47350080602336675,1.9247364309849218,2.3982372370082885,92760,455,737,37,6011,45,,,2d9eb11d936093dad47ffee8cdd984d899a3706d8d952143fb8c15ab9bd3cbe1,2026-09-23T19:12:24.344096+00:00
scenario_00,epydemic,1.14.1,100000,100,13,8775322,83b4e1da2783f17377cf65d5f9c270629dd633191f581ff139c5b60c5d080e99,500000,10.0,2.0,1.0,0.4711193430121057,1.773894215002656,2.2450135580147617,94213,352,598,20,4817,29,,,26b4ca5c38a64e67d5df5d16a414c30d6f7da08529d452142022d122af7dc9e3,2026-09-23T19:12:27.153869+00:00
scenario_00,epydemic,1.14.1,100000,100,14,8775323,83b4e1da2783f17377cf65d5f9c270629dd633191f581ff139c5b60c5d080e99,500000,10.0,2.0,1.0,0.4604782869864721,1.9166134200058877,2.37709170699236,92820,478,688,27,5987,48,,,0718ae026328c338599b2c027bb984d4901051d78c5fff9c32724ed71ccb93c2,2026-09-23T19:12:30.076525+00:00
scenario_00,epydemic,1.14.1,100000,100,15,8775324,83b4e1da2783f17377cf65d5f9c270629dd633191f581ff139c5b60c5d080e99,500000,10.0,2.0,1.0,0.49860913198790513,1.9173195050098002,2.4159286369977053,92923,464,703,35,5875,41,,,d115301e2a7ea37ee6ea3f5a6399f1e32669d57f674f754ec2b1b005f3ad3649,2026-09-23T19:12:33.042801+00:00
scenario_00,epydemic,1.14.1,100000,100,16,8775325,83b4e1da2783f17377cf65d5f9c270629dd633191f581ff139c5b60c5d080e99,500000,10.0,2.0,1.0,0.48144485798547976,1.8139763149956707,2.2954211729811504,93563,399,691,27,5320,34,,,a1122cf2c6ffd6a0e2971be7701b3ee16ccd89abdd6d545adfd3f0ef6a7f3882,2026-09-23T19:12:35.904791+00:00
scenario_00,epydemic,1.14.1,100000,100,17,8775326,83b4e1da2783f17377cf65d5f9c270629dd633191f581ff139c5b60c5d080e99,500000,10.0,2.0,1.0,0.5236024190089665,2.0403820979990996,2.563984517008066,92808,465,739,38,5950,43,,,3ade172a47a240b8f11f8bc4f4da8f6496b5e20ee47bd1a75cc1472e6125a918,2026-09-23T19:12:39.134538+00:00
scenario_00,epydemic,1.14.1,100000,100,18,8775327,83b4e1da2783f17377cf65d5f9c270629dd633191f581ff139c5b60c5d080e99,500000,10.0,2.0,1.0,0.5277050490258262,1.9494251759897452,2.4771302250155713,93727,430,631,36,5176,42,,,b225febab46d01685880ae86f17b95f5f76c8a2579a2c5c5fedcabad3328ffac,2026-09-23T19:12:42.280812+00:00
scenario_00,epydemic,1.14.1,100000,100,19,8775328,83b4e1da2783f17377cf65d5f9c270629dd633191f581ff139c5b60c5d080e99,500000,10.0,2.0,1.0,0.48913253500359133,1.7645139519881923,2.2536464869917836,94858,294,450,24,4374,34,,,20eecfde801ae8ac07c5ea720653f8fbccf259d12e79fa34809661b2036e210f,2026-09-23T19:12:45.120619+00:00
scenario_00,epydemic,1.14.1,100000,100,20,8775329,83b4e1da2783f17377cf65d5f9c270629dd633191f581ff139c5b60c5d080e99,500000,10.0,2.0,1.0,0.5389244820107706,1.8164781100058462,2.355402592016617,93929,404,613,26,5028,30,,,5e1644438feb0424b42463b93144f723d011724126a265f4118a7210ee16dc6e,2026-09-23T19:12:48.065956+00:00
scenario_00,epydemic,1.14.1,100000,100,21,8775330,83b4e1da2783f17377cf65d5f9c270629dd633191f581ff139c5b60c5d080e99,500000,10.0,2.0,1.0,0.4837465290038381,1.6364327250048518,2.12017925400869,95258,302,435,21,3984,23,,,6d5ffa3893b6cab377c7ddb34a06013e734ed868797e8f81dce82f6836f5ff73,2026-09-23T19:12:50.731864+00:00
scenario_00,epydemic,1.14.1,100000,100,22,8775331,83b4e1da2783f17377cf65d5f9c270629dd633191f581ff139c5b60c5d080e99,500000,10.0,2.0,1.0,0.4783393959805835,1.8693163100106176,2.347655705991201,94327,345,532,29,4767,38,,,a229a311f792cfb448f9f44cd2cf9f4b2c1dddcd3708f8e7262f5cc7ab8ba110,2026-09-23T19:12:53.685451+00:00
scenario_00,epydemic,1.14.1,100000,100,23,8775332,83b4e1da2783f17377cf65d5f9c270629dd633191f581ff139c5b60c5d080e99,500000,10.0,2.0,1.0,0.5131581540044863,1.8510894089995418,2.364247563004028,93846,390,638,28,5098,43,,,09a8bcbef2cae52d11ffe742c986596f2a7deabce9b5212f93b2e1bbecb0f1d8,2026-09-23T19:12:56.637966+00:00
scenario_00,epydemic,1.14.1,100000,100,24,8775333,83b4e1da2783f17377cf65d5f9c270629dd633191f581ff139c5b60c5d080e99,500000,10.0,2.0,1.0,0.5074381029990036,2.014677978004329,2.5221160810033325,92724,512,792,36,5936,46,,,34e66e09ca3e791ee5b0f2f6dc426094b238ed2eefa29161fac41dcfcc9a7f54,2026-09-23T19:12:59.750078+00:00
scenario_00,epydemic,1.14.1,100000,100,25,8775334,83b4e1da2783f17377cf65d5f9c270629dd633191f581ff139c5b60c5d080e99,500000,10.0,2.0,1.0,0.48826695102616213,1.82457903798786,2.312845989014022,93620,451,699,25,5205,45,,,1091292278bc7ee71cee9d5c41a2c284541e7cb89a96cb779715f6aff024d4c6,2026-09-23T19:13:02.651474+00:00
scenario_00,epydemic,1.14.1,100000,100,26,8775335,83b4e1da2783f17377cf65d5f9c270629dd633191f581ff139c5b60c5d080e99,500000,10.0,2.0,1.0,0.47142909400281496,1.8460351520043332,2.317464246007148,93508,412,675,30,5375,34,,,5fe039809fb43227c8ff1eb20e5c1f7144db6a42dd1598c82833677fffb67b4c,2026-09-23T19:13:05.543107+00:00
scenario_00,epydemic,1.14.1,100000,100,27,8775336,83b4e1da2783f17377cf65d5f9c270629dd633191f581ff139c5b60c5d080e99,500000,10.0,2.0,1.0,0.47040209302213043,1.9402182039921172,2.4106202970142476,93365,455,667,25,5488,35,,,d1d23945bde2f8c7ce712cca28e2b06b862b421694babb35ffc7d5fd46ee114c,2026-09-23T19:13:08.514722+00:00
scenario_00,epydemic,1.14.1,100000,100,28,8775337,83b4e1da2783f17377cf65d5f9c270629dd633191f581ff139c5b60c5d080e99,500000,10.0,2.0,1.0,0.4739390980103053,1.7718520869966596,2.245791185006965,94266,368,559,31,4776,34,,,faf1bf3502c32bf053b5b729eba396ef075705648361aee3406e709b26cc84f7,2026-09-23T19:13:11.310491+00:00
scenario_00,epydemic,1.14.1,100000,100,29,8775338,83b4e1da2783f17377cf65d5f9c270629dd633191f581ff139c5b60c5d080e99,500000,10.0,2.0,1.0,0.48970087099587545,1.8249336630105972,2.3146345340064727,94367,306,529,20,4778,35,,,7382900b58983ead4c1d164b84c421a2ec9fb64092ab19a51a4fa851a926ab69,2026-09-23T19:13:14.227236+00:00
scenario_00,epydemic,1.14.1,100000,100,30,8775339,83b4e1da2783f17377cf65d5f9c270629dd633191f581ff139c5b60c5d080e99,500000,10.0,2.0,1.0,0.4997852169908583,1.87945740899886,2.3792426259897184,94197,371,534,30,4868,37,,,c3ed37f19055dc7ef221c40cb6326bde3390a529a6410f819273345a349cfe94,2026-09-23T19:13:17.245021+00:00
scenario_00,epydemic,1.14.1,100000,100,31,8775340,83b4e1da2783f17377cf65d5f9c270629dd633191f581ff139c5b60c5d080e99,500000,10.0,2.0,1.0,0.5044093490287196,1.8002092109818477,2.3046185600105673,94619,358,567,24,4432,32,,,20c97f7e435b526aaf7076f4f8c691638a13bb877294168792599296861d1c26,2026-09-23T19:13:20.137955+00:00
scenario_00,epydemic,1.14.1,100000,100,32,8775341,83b4e1da2783f17377cf65d5f9c270629dd633191f581ff139c5b60c5d080e99,500000,10.0,2.0,1.0,0.49933559200144373,1.8225166180054657,2.3218522100069094,94035,349,553,23,5040,35,,,5e71176ba0f4dc779b119706bdf79e6165128a0a2da38b1415f66cfe4da10a8b,2026-09-23T19:13:23.070080+00:00
scenario_00,epydemic,1.14.1,100000,100,33,8775342,83b4e1da2783f17377cf65d5f9c270629dd633191f581ff139c5b60c5d080e99,500000,10.0,2.0,1.0,0.5207510809996165,1.7960381640004925,2.316789245000109,93991,404,618,35,4952,41,,,e19a4519a97f20d95dd1d7eda266b704d898a0192e23035174c74735833c4e33,2026-09-23T19:13:25.984561+00:00
scenario_00,epydemic,1.14.1,100000,100,34,8775343,83b4e1da2783f17377cf65d5f9c270629dd633191f581ff139c5b60c5d080e99,500000,10.0,2.0,1.0,0.4679757549893111,1.8320697570161428,2.300045512005454,93469,458,703,31,5339,44,,,8246714dc1fc9a1c3ccbd3a64ce2ecbebc05338609e9d041efd52bb61652a9cd,2026-09-23T19:13:28.852121+00:00
scenario_00,epydemic,1.14.1,100000,100,35,8775344,83b4e1da2783f17377cf65d5f9c270629dd633191f581ff139c5b60c5d080e99,500000,10.0,2.0,1.0,0.49592033700901084,2.088503083999967,2.584423421008978,92578,479,794,40,6109,48,,,2c060331dfab576487f17f46ece354764bd88d0972674cb157aa2d799478d694,2026-09-23T19:13:32.075350+00:00
scenario_00,epydemic,1.14.1,100000,100,36,8775345,83b4e1da2783f17377cf65d5f9c270629dd633191f581ff139c5b60c5d080e99,500000,10.0,2.0,1.0,0.5388851909956429,2.0997942250105552,2.638679416006198,92978,478,704,41,5799,47,,,c83cf7adec11d4a50f8073805af0528ea36f84490bc52995786af38407c694eb,2026-09-23T19:13:35.344289+00:00
scenario_00,epydemic,1.14.1,100000,100,37,8775346,83b4e1da2783f17377cf65d5f9c270629dd633191f581ff139c5b60c5d080e99,500000,10.0,2.0,1.0,0.5075813959992956,1.798379667015979,2.3059610630152747,95037,273,454,22,4214,34,,,eb8c771317dbe8201cf87905d40feae980ed83176bb301ea44312f9c23b1de14,2026-09-23T19:13:38.361308+00:00
scenario_00,epydemic,1.14.1,100000,100,38,8775347,83b4e1da2783f17377cf65d5f9c270629dd633191f581ff139c5b60c5d080e99,500000,10.0,2.0,1.0,0.4994405919860583,2.02734966299613,2.5267902549821883,93315,405,650,25,5605,41,,,072733c4305ccda094436b36f73921428eab02ed3acba6d69de8063e875b9561,2026-09-23T19:13:41.518182+00:00
scenario_00,epydemic,1.14.1,100000,100,39,8775348,83b4e1da2783f17377cf65d5f9c270629dd633191f581ff139c5b60c5d080e99,500000,10.0,2.0,1.0,0.5076806459983345,1.9814879719924647,2.4891686179907992,93295,476,686,37,5506,45,,,0aad9513338d71ad69457102cdeb855cb6a686c63ea0131a320ecd1ff176e297,2026-09-23T19:13:44.618736+00:00
scenario_00,epydemic,1.14.1,100000,100,40,8775349,83b4e1da2783f17377cf65d5f9c270629dd633191f581ff139c5b60c5d080e99,500000,10.0,2.0,1.0,0.5049435590044595,1.9280146030068863,2.432958162011346,93865,414,659,38,5024,43,,,e43d97528f26dd9dad69d19a49634ff8e5812cceed0c5303d5edb89a68a7e4ff,2026-09-23T19:13:47.690563+00:00
scenario_00,epydemic,1.14.1,100000,100,41,8775350,83b4e1da2783f17377cf65d5f9c270629dd633191f581ff139c5b60c5d080e99,500000,10.0,2.0,1.0,0.4665870050084777,1.7953907870105468,2.2619777920190245,93949,392,594,21,5044,34,,,659f0a706a73a7e467b274a0c402fa5f85c0ecca7ed75b71c1d96485581aa298,2026-09-23T19:13:50.502169+00:00
scenario_00,epydemic,1.14.1,100000,100,42,8775351,83b4e1da2783f17377cf65d5f9c270629dd633191f581ff139c5b60c5d080e99,500000,10.0,2.0,1.0,0.4650536259578075,1.8337014260177966,2.298755051975604,93673,337,586,33,5371,53,,,9299d96c767daa1ce9111df77d5295f159e20c7e3b610e5f1c321eea15b46d04,2026-09-23T19:13:53.387465+00:00
scenario_00,epydemic,1.14.1,100000,100,43,8775352,83b4e1da2783f17377cf65d5f9c270629dd633191f581ff139c5b60c5d080e99,500000,10.0,2.0,1.0,0.4643089999735821,1.9539222660241649,2.418231265997747,92374,558,820,36,6212,56,,,9f461b37a86f00116f0510706868d8b8177c93204fe7fd54e897818f2a1684c0,2026-09-23T19:13:56.363865+00:00
scenario_00,epydemic,1.14.1,100000,100,44,8775353,83b4e1da2783f17377cf65d5f9c270629dd633191f581ff139c5b60c5d080e99,500000,10.0,2.0,1.0,0.46303049800917506,1.9521665549837053,2.4151970529928803,93307,426,663,37,5567,46,,,268781b2d0ac7909817e2f6985afa0861c59b6496d30fbf02df5d89d541fc151,2026-09-23T19:13:59.334758+00:00
scenario_00,epydemic,1.14.1,100000,100,45,8775354,83b4e1da2783f17377cf65d5f9c270629dd633191f581ff139c5b60c5d080e99,500000,10.0,2.0,1.0,0.49911296702339314,1.9219768439943437,2.421089811017737,94162,341,544,29,4924,36,,,ddfdb827191c65277d34c2ccf985223f6c900ea94aaa464d00103ddcb58a40e8,2026-09-23T19:14:02.473258+00:00
scenario_00,epydemic,1.14.1,100000,100,46,8775355,83b4e1da2783f17377cf65d5f9c270629dd633191f581ff139c5b60c5d080e99,500000,10.0,2.0,1.0,0.4787216460099444,1.9428310410003178,2.421552687010262,93342,415,674,44,5525,46,,,6adcdc5c731085c775f38dc5590232d15c8bc238f7f8c8485ef25331fab88eef,2026-09-23T19:14:05.456226+00:00
scenario_00,epydemic,1.14.1,100000,100,47,8775356,83b4e1da2783f17377cf65d5f9c270629dd633191f581ff139c5b60c5d080e99,500000,10.0,2.0,1.0,0.5198800789949019,1.952207055001054,2.472087133995956,93296,445,775,45,5439,48,,,48b8f277f9c26a524bac3abafaf390d9af88ebec6c36604cb9688173483be2f5,2026-09-23T19:14:08.518268+00:00
scenario_00,epydemic,1.14.1,100000,100,48,8775357,83b4e1da2783f17377cf65d5f9c270629dd633191f581ff139c5b60c5d080e99,500000,10.0,2.0,1.0,0.5093981489771977,1.8634872180118691,2.372885366989067,94350,289,469,13,4879,28,,,9c54731ffca2cda262aed158ebcbe02d0ef9cba623b2f1890d612e11d0e87906,2026-09-23T19:14:11.494685+00:00
scenario_00,epydemic,1.14.1,100000,100,49,8775358,83b4e1da2783f17377cf65d5f9c270629dd633191f581ff139c5b60c5d080e99,500000,10.0,2.0,1.0,0.46819075601524673,1.786729399987962,2.254920156003209,94064,337,539,37,5023,42,,,5085942545be0083f7bde4df62705a0317b4b3ed6679933af78e108e87c8c4b7,2026-09-23T19:14:14.361126+00:00
scenario_00,epydemic,1.14.1,100000,100,50,8775359,83b4e1da2783f17377cf65d5f9c270629dd633191f581ff139c5b60c5d080e99,500000,10.0,2.0,1.0,0.48085689899744466,2.171383827982936,2.6522407269803807,91855,573,893,42,6637,60,,,06719429e56a60c2c36dc9d2cc1a22a404a3f4255d376e0c443ada7ca2b4847b,2026-09-23T19:14:17.557202+00:00
scenario_00,epydemic,1.14.1,100000,100,51,8775360,83b4e1da2783f17377cf65d5f9c270629dd633191f581ff139c5b60c5d080e99,500000,10.0,2.0,1.0,0.5060624349862337,1.8585770450008567,2.3646394799870905,93870,392,597,33,5108,45,,,eafd3d1d98a1618b7a2dc7c535548b11bd7b1a54069397687798663edfed0a29,2026-09-23T19:14:20.529937+00:00
scenario_00,epydemic,1.14.1,100000,100,52,8775361,83b4e1da2783f17377cf65d5f9c270629dd633191f581ff139c5b60c5d080e99,500000,10.0,2.0,1.0,0.4896879529696889,2.05292932401062,2.542617276980309,92850,478,714,28,5930,38,,,8a15e1729fa67e526c16111714d3161bdbe00ab7991ef14ba3bdabac3430f019,2026-09-23T19:14:23.655679+00:00
scenario_00,epydemic,1.14.1,100000,100,53,8775362,83b4e1da2783f17377cf65d5f9c270629dd633191f581ff139c5b60c5d080e99,500000,10.0,2.0,1.0,0.4762055179744493,1.9403015790157951,2.4165070969902445,92656,526,792,50,5976,55,,,499865df977f15a2ebfc27caece9f35cec2d7de01be565e6959f481a9f44fead,2026-09-23T19:14:26.656817+00:00
scenario_00,epydemic,1.14.1,100000,100,54,8775363,83b4e1da2783f17377cf65d5f9c270629dd633191f581ff139c5b60c5d080e99,500000,10.0,2.0,1.0,0.48714061701321043,1.9226525949779898,2.4097932119912002,92995,504,694,38,5769,46,,,d4b47b67cd803c6e46b6496053237d5db322905b750703299302e9b241b6954c,2026-09-23T19:14:29.629269+00:00
scenario_00,epydemic,1.14.1,100000,100,55,8775364,83b4e1da2783f17377cf65d5f9c270629dd633191f581ff139c5b60c5d080e99,500000,10.0,2.0,1.0,0.46568912800285034,1.8362061379884835,2.301895265991334,93560,425,689,33,5293,44,,,0cb48d43b49ecbc4e7f9c045748c4c742daf358c494c823ac891b59fa40e6f59,2026-09-23T19:14:32.489514+00:00
scenario_00,epydemic,1.14.1,100000,100,56,8775365,83b4e1da2783f17377cf65d5f9c270629dd633191f581ff139c5b60c5d080e99,500000,10.0,2.0,1.0,0.4687692580046132,1.9095924510038458,2.378361709008459,92774,516,770,43,5897,48,,,b3a9c156031152049efd3da25146c0d9ab387f58dbacd53a09c9f9cedf3713fb,2026-09-23T19:14:35.457987+00:00
scenario_00,epydemic,1.14.1,100000,100,57,8775366,83b4e1da2783f17377cf65d5f9c270629dd633191f581ff139c5b60c5d080e99,500000,10.0,2.0,1.0,0.4694606319826562,1.747368719021324,2.2168293510039803,94247,342,536,24,4851,33,,,364e411b9e0511897423ef5c7ed51a5fbf5e45e89d7f40f9f2083dae36843d92,2026-09-23T19:14:38.230139+00:00
scenario_00,epydemic,1.14.1,100000,100,58,8775367,83b4e1da2783f17377cf65d5f9c270629dd633191f581ff139c5b60c5d080e99,500000,10.0,2.0,1.0,0.47966552298748866,1.834941469016485,2.3146069920039736,93611,422,629,28,5310,33,,,cc3d21602c0db88dea81d1dad91f15704c7b0a04185290cafac5ab6dcf149942,2026-09-23T19:14:41.090746+00:00
scenario_00,epydemic,1.14.1,100000,100,59,8775368,83b4e1da2783f17377cf65d5f9c270629dd633191f581ff139c5b60c5d080e99,500000,10.0,2.0,1.0,0.47723031099303626,1.9669831169885583,2.4442134279815946,92539,514,809,37,6101,40,,,0bb1185bd94cdfa715dd44fb4440404012556f79f06734d389b996b3fd6bdc56,2026-09-23T19:14:44.092071+00:00
scenario_00,epydemic,1.14.1,100000,100,60,8775369,83b4e1da2783f17377cf65d5f9c270629dd633191f581ff139c5b60c5d080e99,500000,10.0,2.0,1.0,0.4773526019707788,2.2842931150225922,2.761645716993371,90665,608,962,46,7719,51,,,5c6fbb86d074966b202c474b97b6ea0920c6d3df6faa80cb24eb78c056e92b93,2026-09-23T19:14:47.412967+00:00
scenario_00,epydemic,1.14.1,100000,100,61,8775370,83b4e1da2783f17377cf65d5f9c270629dd633191f581ff139c5b60c5d080e99,500000,10.0,2.0,1.0,0.4707225930178538,1.9252513909887057,2.3959739840065595,93049,448,726,33,5744,46,,,69d2fecd9a4f3efb80ae5006ba765729b11a255dea422153ed9a867150f705fe,2026-09-23T19:14:50.366125+00:00
scenario_00,epydemic,1.14.1,100000,100,62,8775371,83b4e1da2783f17377cf65d5f9c270629dd633191f581ff139c5b60c5d080e99,500000,10.0,2.0,1.0,0.4737364299944602,1.7786250970093533,2.2523615270038135,94034,356,579,26,5005,36,,,ef7025d032c00fc9085a7b3c0882c7235600a751f455fe51cbd1ae4453623467,2026-09-23T19:14:53.194502+00:00
scenario_00,epydemic,1.14.1,100000,100,63,8775372,83b4e1da2783f17377cf65d5f9c270629dd633191f581ff139c5b60c5d080e99,500000,10.0,2.0,1.0,0.4763741009810474,1.725386062025791,2.2017601630068384,94396,357,553,24,4670,33,,,7db4874eb79ee5b1359a3e462dfe7f4c55d35e2297bd2945d15a537029fc5d51,2026-09-23T19:14:55.954848+00:00
scenario_00,epydemic,1.14.1,100000,100,64,8775373,83b4e1da2783f17377cf65d5f9c270629dd633191f581ff139c5b60c5d080e99,500000,10.0,2.0,1.0,0.46302274797926657,1.8161882760177832,2.27921102399705,93784,394,577,27,5218,37,,,8c677ca6fb05a02827b4b402f4cff943c8ae73bd54c03974565492e334fdf430,2026-09-23T19:14:58.782431+00:00
scenario_00,epydemic,1.14.1,100000,100,65,8775374,83b4e1da2783f17377cf65d5f9c270629dd633191f581ff139c5b60c5d080e99,500000,10.0,2.0,1.0,0.4700779260019772,1.8642075940151699,2.334285520017147,93558,396,585,19,5442,43,,,78c53d081b5b791a234f10a683ad216934d9fa51bee4f98e442b86e8dfdeb791,2026-09-23T19:15:01.695301+00:00
scenario_00,epydemic,1.14.1,100000,100,66,8775375,83b4e1da2783f17377cf65d5f9c270629dd633191f581ff139c5b60c5d080e99,500000,10.0,2.0,1.0,0.46664962798240595,1.9141924169962294,2.3808420449786354,92986,456,710,39,5809,45,,,84a46783acf2cc1d83985a4d3ed60e8b547d4d3f55a98fcb58198fe8bfab71fe,2026-09-23T19:15:04.668743+00:00
scenario_00,epydemic,1.14.1,100000,100,67,8775376,83b4e1da2783f17377cf65d5f9c270629dd633191f581ff139c5b60c5d080e99,500000,10.0,2.0,1.0,0.4721325959835667,1.6504752870241646,2.1226078830077313,94862,340,544,24,4230,33,,,c8b6a2b1939d4a62e44173a1578253d8c6cdebd3a19155fbb8c5d180486f1449,2026-09-23T19:15:07.330062+00:00
scenario_00,epydemic,1.14.1,100000,100,68,8775377,83b4e1da2783f17377cf65d5f9c270629dd633191f581ff139c5b60c5d080e99,500000,10.0,2.0,1.0,0.46519795898348093,1.8106033930089325,2.2758013519924134,93737,425,656,24,5158,36,,,57d5c47478a16fff84ce5c8f52a380d4757a1f472453db3985b3cbb3efa6196b,2026-09-23T19:15:10.171599+00:00
scenario_00,epydemic,1.14.1,100000,100,69,8775378,83b4e1da2783f17377cf65d5f9c270629dd633191f581ff139c5b60c5d080e99,500000,10.0,2.0,1.0,0.47508005701820366,1.861718717002077,2.3367987740202807,93526,426,713,28,5307,37,,,f8cb58276544380e1f580f7654b28e5a06a167aead6b2501e99f3169e1e05869,2026-09-23T19:15:13.059936+00:00
scenario_00,epydemic,1.14.1,100000,100,70,8775379,83b4e1da2783f17377cf65d5f9c270629dd633191f581ff139c5b60c5d080e99,500000,10.0,2.0,1.0,0.4613219969905913,2.1499197550001554,2.6112417519907467,90983,591,884,44,7498,55,,,0acc3bd53debf5b808e33b0966dd2195b2804f3185956c62ffb82336ee94cc3a,2026-09-23T19:15:16.222176+00:00
scenario_00,epydemic,1.14.1,100000,100,71,8775380,83b4e1da2783f17377cf65d5f9c270629dd633191f581ff139c5b60c5d080e99,500000,10.0,2.0,1.0,0.4774004360078834,1.8981024770182557,2.375502913026139,92880,451,736,41,5892,42,,,f7342fc9925440e9747ed2f03d71f4e28d0a98d0f66df71bcaac617c1c4063b3,2026-09-23T19:15:19.152975+00:00
scenario_00,epydemic,1.14.1,100000,100,72,8775381,83b4e1da2783f17377cf65d5f9c270629dd633191f581ff139c5b60c5d080e99,500000,10.0,2.0,1.0,0.4951160459895618,1.6871780480141751,2.182294094003737,94872,276,494,20,4338,27,,,b7235db9930fab783dc38be8d75f1974046bceea63ef279dbdfd1cda5baa4c8a,2026-09-23T19:15:21.901356+00:00
scenario_00,epydemic,1.14.1,100000,100,73,8775382,83b4e1da2783f17377cf65d5f9c270629dd633191f581ff139c5b60c5d080e99,500000,10.0,2.0,1.0,0.48327298698131926,1.81761131901294,2.300884305994259,93713,396,609,26,5256,30,,,60d8941cb4ff7671377d18ba1191e94abdb907f1f5d9293a63b68a2e7b6698fb,2026-09-23T19:15:24.769921+00:00
scenario_00,epydemic,1.14.1,100000,100,74,8775383,83b4e1da2783f17377cf65d5f9c270629dd633191f581ff139c5b60c5d080e99,500000,10.0,2.0,1.0,0.5310534710006323,2.0031777109834366,2.534231181984069,92450,509,764,40,6237,44,,,b13b2abc9ae5c7cab6d156ccd4629fce3e102b5bfd8c1e6657d965420af09dd5,2026-09-23T19:15:27.923795+00:00
scenario_00,epydemic,1.14.1,100000,100,75,8775384,83b4e1da2783f17377cf65d5f9c270629dd633191f581ff139c5b60c5d080e99,500000,10.0,2.0,1.0,0.46765408795909025,2.1277219320181757,2.595376019977266,91038,585,917,49,7411,59,,,630d3a85e9235d2e4f866a335283981cd2be7f0d67f14c01403a7a157afc1217,2026-09-23T19:15:31.084907+00:00
scenario_00,epydemic,1.14.1,100000,100,76,8775385,83b4e1da2783f17377cf65d5f9c270629dd633191f581ff139c5b60c5d080e99,500000,10.0,2.0,1.0,0.47225146999699064,1.7305410279950593,2.20279249799205,94330,373,568,29,4700,36,,,52eda4e15edbe6dbe89b9cb37fd3e9cbe3b0c6d8c94b86714085e9d1af0d1139,2026-09-23T19:15:33.864617+00:00
scenario_00,epydemic,1.14.1,100000,100,77,8775386,83b4e1da2783f17377cf65d5f9c270629dd633191f581ff139c5b60c5d080e99,500000,10.0,2.0,1.0,0.46605716898920946,1.9841964759980328,2.4502536449872423,92788,448,701,36,6027,40,,,98b05832a05dbe01e9da8854ff13747a9a15bfc15c223e064b4c3d2bbcfa3a9a,2026-09-23T19:15:36.881364+00:00
scenario_00,epydemic,1.14.1,100000,100,78,8775387,83b4e1da2783f17377cf65d5f9c270629dd633191f581ff139c5b60c5d080e99,500000,10.0,2.0,1.0,0.5158226580242626,2.0281479969853535,2.543970655009616,92982,486,750,38,5744,51,,,6cb50ce7cea5fdc167f7b46bc8a5f4590da36f383f8a9fb878c73fec28e5a884,2026-09-23T19:15:40.015144+00:00
scenario_00,epydemic,1.14.1,100000,100,79,8775388,83b4e1da2783f17377cf65d5f9c270629dd633191f581ff139c5b60c5d080e99,500000,10.0,2.0,1.0,0.4817904419905972,1.987212313018972,2.4690027550095692,92529,480,737,25,6229,46,,,dedcaaa8e284dee4fe55c117760d529695ac644da45e13931381237b00e603b4,2026-09-23T19:15:43.086675+00:00
scenario_00,epydemic,1.14.1,100000,100,80,8775389,83b4e1da2783f17377cf65d5f9c270629dd633191f581ff139c5b60c5d080e99,500000,10.0,2.0,1.0,0.4621289969945792,1.8611596320115495,2.3232886290061288,93083,462,724,24,5707,43,,,0ff84607306e3daaf6cbe3c0358e1e6e9779a33120b112aaa76428a95ff7590e,2026-09-23T19:15:45.967701+00:00
scenario_00,epydemic,1.14.1,100000,100,81,8775390,83b4e1da2783f17377cf65d5f9c270629dd633191f581ff139c5b60c5d080e99,500000,10.0,2.0,1.0,0.5010164279956371,1.9656950320058968,2.466711460001534,92456,512,845,44,6143,49,,,be1ec539e0049cfbc4d984c43cfa10c4b3e36cb81e15dd63db1992625afb208b,2026-09-23T19:15:48.989474+00:00
scenario_00,epydemic,1.14.1,100000,100,82,8775391,83b4e1da2783f17377cf65d5f9c270629dd633191f581ff139c5b60c5d080e99,500000,10.0,2.0,1.0,0.47285801303223707,1.7635581579816062,2.2364161710138433,94034,424,644,34,4864,39,,,8f0f092fd5d206e573e323e6d215b0b097b60e6b9a9c7242ed21ca09c8bfd261,2026-09-23T19:15:51.786297+00:00
scenario_00,epydemic,1.14.1,100000,100,83,8775392,83b4e1da2783f17377cf65d5f9c270629dd633191f581ff139c5b60c5d080e99,500000,10.0,2.0,1.0,0.8281969820091035,1.666499393992126,2.4946963760012295,94857,298,492,29,4324,31,,,62f42e08fc2f6e077fc728b3a9fa33a3f4c5905761a19673cd5649b29257c95e,2026-09-23T19:15:54.867653+00:00
scenario_00,epydemic,1.14.1,100000,100,84,8775393,83b4e1da2783f17377cf65d5f9c270629dd633191f581ff139c5b60c5d080e99,500000,10.0,2.0,1.0,0.470966093998868,1.8597292129998095,2.3306953069986776,93382,445,666,21,5486,37,,,971d537ae6e40dfc9a8c6fd3f301ad0e8bc7505bf96701baff67e1ea68adf084,2026-09-23T19:15:57.752396+00:00
scenario_00,epydemic,1.14.1,100000,100,85,8775394,83b4e1da2783f17377cf65d5f9c270629dd633191f581ff139c5b60c5d080e99,500000,10.0,2.0,1.0,0.47783872901345603,1.9201403000042774,2.3979790290177334,92804,514,802,37,5843,47,,,94325bd618f98793535f5fc612a4424836a55e95d136b7611b8de59d7bbdee8c,2026-09-23T19:16:00.696547+00:00
scenario_00,epydemic,1.14.1,100000,100,86,8775395,83b4e1da2783f17377cf65d5f9c270629dd633191f581ff139c5b60c5d080e99,500000,10.0,2.0,1.0,0.46739458697265945,1.870593521016417,2.3379881079890765,93158,538,797,42,5465,45,,,3da8badd70ac3e05f7b887c68f3b02ce0e55da38706a39b49b6e6d64e6a3a7c0,2026-09-23T19:16:03.612746+00:00
scenario_00,epydemic,1.14.1,100000,100,87,8775396,83b4e1da2783f17377cf65d5f9c270629dd633191f581ff139c5b60c5d080e99,500000,10.0,2.0,1.0,0.4691344650054816,1.6564881300146226,2.125622595020104,94891,304,447,19,4339,25,,,e7a819c17cb434fff34bda24c0ab1c55aa490bea9dd9367dd74e7a071f3508f3,2026-09-23T19:16:06.309733+00:00
scenario_00,epydemic,1.14.1,100000,100,88,8775397,83b4e1da2783f17377cf65d5f9c270629dd633191f581ff139c5b60c5d080e99,500000,10.0,2.0,1.0,0.4941360020020511,1.984181225008797,2.478317227010848,93168,415,665,32,5720,41,,,165219c869aaceb7e4bbab0195d9d6ec0c7d6bef984ce657044fa6e932070084,2026-09-23T19:16:09.358389+00:00
scenario_00,epydemic,1.14.1,100000,100,89,8775398,83b4e1da2783f17377cf65d5f9c270629dd633191f581ff139c5b60c5d080e99,500000,10.0,2.0,1.0,0.493988250993425,1.9308988570119254,2.4248871080053505,92420,535,847,37,6161,53,,,5ce0c9f2f523c3bdb81b4e2b5d5097a1bcb4cda9d72245590fbce00e5b0c0fd6,2026-09-23T19:16:12.370649+00:00
scenario_00,epydemic,1.14.1,100000,100,90,8775399,83b4e1da2783f17377cf65d5f9c270629dd633191f581ff139c5b60c5d080e99,500000,10.0,2.0,1.0,0.461252871027682,1.9688644949928857,2.4301173660205677,92360,512,784,33,6311,55,,,7616bd4408579bbf68f2d5712de754261a80da7c1a42ceb8025777575c11e16c,2026-09-23T19:16:15.348677+00:00
scenario_00,epydemic,1.14.1,100000,100,91,8775400,83b4e1da2783f17377cf65d5f9c270629dd633191f581ff139c5b60c5d080e99,500000,10.0,2.0,1.0,0.47008109200396575,1.702488695998909,2.1725697880028747,94471,373,543,25,4588,35,,,7f8737c6861061689a1a820b2e3368a60b36bdbaefcf5c051766f81ca5d21a3e,2026-09-23T19:16:18.069404+00:00
scenario_00,epydemic,1.14.1,100000,100,92,8775401,83b4e1da2783f17377cf65d5f9c270629dd633191f581ff139c5b60c5d080e99,500000,10.0,2.0,1.0,0.4726207210042048,1.940179328987142,2.412800049991347,92579,476,784,29,6132,46,,,24a7f646aaa6995ba28f5bcfecd24ea7db950173245d6adec05088374132103d,2026-09-23T19:16:21.059742+00:00
scenario_00,epydemic,1.14.1,100000,100,93,8775402,83b4e1da2783f17377cf65d5f9c270629dd633191f581ff139c5b60c5d080e99,500000,10.0,2.0,1.0,0.46632050297921523,1.8701931450050324,2.3365136479842477,93857,381,597,25,5140,32,,,876e2504568a95b087d359dccd551afdeeced3d099235a805201f0564d8e1d44,2026-09-23T19:16:23.941070+00:00
scenario_00,epydemic,1.14.1,100000,100,94,8775403,83b4e1da2783f17377cf65d5f9c270629dd633191f581ff139c5b60c5d080e99,500000,10.0,2.0,1.0,0.4985416739655193,1.830048671021359,2.3285903449868783,94325,344,552,27,4752,32,,,86cad01e07827cabd5cb947a8a29b3f53ccd52551dcf68155b9cac76b908c109,2026-09-23T19:16:26.851359+00:00
scenario_00,epydemic,1.14.1,100000,100,95,8775404,83b4e1da2783f17377cf65d5f9c270629dd633191f581ff139c5b60c5d080e99,500000,10.0,2.0,1.0,0.5025795969704632,1.9616791100124829,2.464258706982946,92656,541,799,35,5969,41,,,5402a5809b848f16bbe4dde98020526a1f4e4c6317a52e40c281b5dd75d663c8,2026-09-23T19:16:29.951126+00:00
scenario_00,epydemic,1.14.1,100000,100,96,8775405,83b4e1da2783f17377cf65d5f9c270629dd633191f581ff139c5b60c5d080e99,500000,10.0,2.0,1.0,0.476360892993398,1.65920892500435,2.135569817997748,94928,298,521,26,4227,32,,,5f38c4ecfbb0a9b239feb176b6d4877377f897bf9dbf4ebefbc11bd21ba6b8db,2026-09-23T19:16:32.649641+00:00
scenario_00,epydemic,1.14.1,100000,100,97,8775406,83b4e1da2783f17377cf65d5f9c270629dd633191f581ff139c5b60c5d080e99,500000,10.0,2.0,1.0,0.48831845200038515,1.7433836289856117,2.231702080985997,94743,337,535,29,4356,31,,,226810b9b0c6020a1797f1d0327011c626fe16e6c36f10e134189eabff10c597,2026-09-23T19:16:35.427833+00:00
scenario_00,epydemic,1.14.1,100000,100,98,8775407,83b4e1da2783f17377cf65d5f9c270629dd633191f581ff139c5b60c5d080e99,500000,10.0,2.0,1.0,0.46925175801152363,1.7568014819989912,2.226053240010515,94132,322,632,35,4879,44,,,641cb12729409ecd2dea83b250c31989bd3788210bb6e91aac8fec93e0d6ad5f,2026-09-23T19:16:38.207251+00:00
scenario_00,epydemic,1.14.1,100000,100,99,8775408,83b4e1da2783f17377cf65d5f9c270629dd633191f581ff139c5b60c5d080e99,500000,10.0,2.0,1.0,0.471001592988614,1.7790340979991015,2.2500356909877155,94231,347,546,32,4844,40,,,465660672cacd2f4ac6c81f4f0eb4c8b7eff1163e158acf6751b2b8eba9ec245,2026-09-23T19:16:41.001652+00:00
scenario_00,epydemic,1.14.1,100000,100,100,8775409,83b4e1da2783f17377cf65d5f9c270629dd633191f581ff139c5b60c5d080e99,500000,10.0,2.0,1.0,0.46945129899540916,1.7496213889971841,2.2190726879925933,94155,364,563,27,4891,36,,,24ed645c6fa0c1645c9223fa993478e646a55316cd1fe4141f2b7e5be1d83553,2026-09-23T19:16:43.769914+00:00
scenario_00,ixa,3.1.0,1000,10,1,8675310,7635ee4af91779574edf0c51b32dfc52852948c78f93ddb8b67c2c94252c023d,5000,10.0,2.0,1.0,0.002466827,0.000229666,0.002696493,963,10,9,0,18,0,,,89935f4246a61ab5af938e665f5e6fc4ac9c5f71a63a815d0626928719d6df8e,2026-09-23T18:41:50.616938Z
scenario_00,ixa,3.1.0,10000,100,1,8675310,a81eb8a7b4c49dbd245a57ae13561b313c2c060fc6f00249c6dda8fb36336134,50000,10.0,2.0,0.983,0.007691110999999999,0.004540241,0.012231352,6383,139,236,12,3230,17,,,eba2ad30f8326dfca462ab96c31d7476a83267db9a51aa9be6b2c31586f40cf8,2026-09-23T19:30:47.135036Z
scenario_00,ixa,3.1.0,10000,100,2,8675311,a81eb8a7b4c49dbd245a57ae13561b313c2c060fc6f00249c6dda8fb36336134,50000,10.0,2.0,0.983,0.006162406,0.003792055,0.009954461,6542,119,206,10,3123,20,,,a435020a49add2973304bbc32251349fbc560b1c565a66d155cbbd600cf0e557,2026-09-23T19:30:47.162378Z
scenario_00,ixa,3.1.0,10000,100,3,8675312,a81eb8a7b4c49dbd245a57ae13561b313c2c060fc6f00249c6dda8fb36336134,50000,10.0,2.0,0.983,0.008803432,0.004816498,0.01361993,5751,167,279,14,3789,21,,,0e807b187295c61459ef45942fd8f6a89c936b77cb81fb97cf987becce5d7a7a,2026-09-23T19:30:47.191295Z
scenario_00,ixa,3.1.0,10000,100,4,8675313,a81eb8a7b4c49dbd245a57ae13561b313c2c060fc6f00249c6dda8fb36336134,50000,10.0,2.0,0.983,0.006372996,0.004457863,0.010830859,6039,140,249,16,3556,25,,,34e3d003fbac1794b90d486125427b604903da535eadff6b82014bfa963be355,2026-09-23T19:30:47.217298Z
scenario_00,ixa,3.1.0,10000,100,5,8675314,a81eb8a7b4c49dbd245a57ae13561b313c2c060fc6f00249c6dda8fb36336134,50000,10.0,2.0,0.983,0.006585875999999999,0.004579075,0.011164951,6214,111,218,14,3443,21,,,971c7e7b799edda84bde208abb683118c4d73e8e19fa1814bd975573de5077aa,2026-09-23T19:30:47.241708Z
scenario_00,ixa,3.1.0,10000,100,6,8675315,a81eb8a7b4c49dbd245a57ae13561b313c2c060fc6f00249c6dda8fb36336134,50000,10.0,2.0,0.983,0.009101856,0.006026903,0.015128759,5814,134,262,10,3780,17,,,a81a267df4e2a3ae154db30ece838726d6abecb54d4f83f5c7ee91925f2758e5,2026-09-23T19:30:47.271352Z
scenario_00,ixa,3.1.0,10000,100,7,8675316,a81eb8a7b4c49dbd245a57ae13561b313c2c060fc6f00249c6dda8fb36336134,50000,10.0,2.0,0.983,0.007184474000000001,0.00472837,0.011912844,6223,155,250,8,3364,17,,,4f93a34a7ac67f54a2c1c021496b688080ac597e3484046133f5399eefe90916,2026-09-23T19:30:47.303304Z
scenario_00,ixa,3.1.0,10000,100,8,8675317,a81eb8a7b4c49dbd245a57ae13561b313c2c060fc6f00249c6dda8fb36336134,50000,10.0,2.0,0.983,0.006781589,0.004084854,0.010866443,6328,128,228,15,3301,19,,,19c1e584c43d2e66c0e83b7d3ad94391ba7d46537b1988598845af7aab12422a,2026-09-23T19:30:47.328450Z
scenario_00,ixa,3.1.0,10000,100,9,8675318,a81eb8a7b4c49dbd245a57ae13561b313c2c060fc6f00249c6dda8fb36336134,50000,10.0,2.0,0.983,0.006258951,0.005397554,0.011656505,5439,146,262,18,4135,25,,,ee0a7bf15aba3991d206f37fcde8ec39425f1e65f3c41e3c226065f15d32639c,2026-09-23T19:30:47.355345Z
scenario_00,ixa,3.1.0,10000,100,10,8675319,a81eb8a7b4c49dbd245a57ae13561b313c2c060fc6f00249c6dda8fb36336134,50000,10.0,2.0,0.983,0.006162949,0.00466666,0.010829609,5851,119,221,11,3798,21,,,8a58cffe8a1623c7c52a6771e964d235d32f6a68385ad428bca5013a2b7305e7,2026-09-23T19:30:47.379570Z
scenario_00,ixa,3.1.0,10000,100,11,8675320,a81eb8a7b4c49dbd245a57ae13561b313c2c060fc6f00249c6dda8fb36336134,50000,10.0,2.0,0.983,0.006058905000000001,0.004189648,0.010248553,6413,130,249,10,3198,18,,,bd21145b82c0de968c12496cbb8c663c7b56831c67dacb64817791fc0eacdc83,2026-09-23T19:30:47.413350Z
scenario_00,ixa,3.1.0,10000,100,12,8675321,a81eb8a7b4c49dbd245a57ae13561b313c2c060fc6f00249c6dda8fb36336134,50000,10.0,2.0,0.983,0.006504707000000001,0.004306152,0.010810859,6500,135,218,8,3139,19,,,52064fa54bd38218fdeac7057976de55d9e7515da238f91ba0616895b648526f,2026-09-23T19:30:47.435096Z
scenario_00,ixa,3.1.0,10000,100,13,8675322,a81eb8a7b4c49dbd245a57ae13561b313c2c060fc6f00249c6dda8fb36336134,50000,10.0,2.0,0.983,0.006139114,0.005390554,0.011529668,5238,164,323,12,4263,19,,,4b135fca6edede7f9e204e0333d6bfe97e864065d44754b195a2ac9aa80f768f,2026-09-23T19:30:47.458703Z
scenario_00,ixa,3.1.0,10000,100,14,8675323,a81eb8a7b4c49dbd245a57ae13561b313c2c060fc6f00249c6dda8fb36336134,50000,10.0,2.0,0.983,0.006072696,0.003979268,0.010051964,6647,107,161,6,3079,16,,,3ff5ec2c4b7856b739014714679958dba661970014d44afc0c4511d52d30c2b7,2026-09-23T19:30:47.480914Z
scenario_00,ixa,3.1.0,10000,100,15,8675324,a81eb8a7b4c49dbd245a57ae13561b313c2c060fc6f00249c6dda8fb36336134,50000,10.0,2.0,0.983,0.006323494000000001,0.004937459,0.011260953,5879,141,273,11,3696,24,,,61130f8fbe2ea92c1875c9d9c7d28d3a667e7cf314d9746c36e3f8a82c981bdb,2026-09-23T19:30:47.506053Z
scenario_00,ixa,3.1.0,10000,100,16,8675325,a81eb8a7b4c49dbd245a57ae13561b313c2c060fc6f00249c6dda8fb36336134,50000,10.0,2.0,0.983,0.006106864,0.003739928,0.009846792,7027,94,148,8,2723,18,,,d50b578087627e379f431ddf87ab4a0c40bebe4354ecdf4125797320dd080ca8,2026-09-23T19:30:47.529387Z
scenario_00,ixa,3.1.0,10000,100,17,8675326,a81eb8a7b4c49dbd245a57ae13561b313c2c060fc6f00249c6dda8fb36336134,50000,10.0,2.0,0.983,0.006037403,0.004114688,0.010152091,6286,127,237,20,3330,20,,,40e6829233b518f8cd7a3eb3dac0c9dff169bcef5df7c25c07bc3639d64e9a99,2026-09-23T19:30:47.553009Z
scenario_00,ixa,3.1.0,10000,100,18,8675327,a81eb8a7b4c49dbd245a57ae13561b313c2c060fc6f00249c6dda8fb36336134,50000,10.0,2.0,0.983,0.0063277870000000005,0.003971184,0.010298971,6478,100,181,8,3233,15,,,338e16375303a88cf7d864210b4b9e774daa06acef7c51add4d7a04b110c709f,2026-09-23T19:30:47.576262Z
scenario_00,ixa,3.1.0,10000,100,19,8675328,a81eb8a7b4c49dbd245a57ae13561b313c2c060fc6f00249c6dda8fb36336134,50000,10.0,2.0,0.983,0.006657753,0.004341485,0.010999238,6068,153,262,16,3501,18,,,40bdc6289a466bd1c32f830926a128b2a13287015078a234bfb6f4c10b353551,2026-09-23T19:30:47.609141Z
scenario_00,ixa,3.1.0,10000,100,20,8675329,a81eb8a7b4c49dbd245a57ae13561b313c2c060fc6f00249c6dda8fb36336134,50000,10.0,2.0,0.983,0.005877275,0.004189981,0.010067256,6239,118,219,9,3415,17,,,a51cc310d19293e54736c29eee6efd9da9125be05cd76c724eb20d9a0237a72c,2026-09-23T19:30:47.629104Z
scenario_00,ixa,3.1.0,10000,100,21,8675330,a81eb8a7b4c49dbd245a57ae13561b313c2c060fc6f00249c6dda8fb36336134,50000,10.0,2.0,0.983,0.006116322,0.00379068,0.009907002,6573,136,217,9,3065,16,,,671cec166a79efb0886d80a8bac5de90dc2f7b82d1103f7209b0f4232ea17a36,2026-09-23T19:30:47.649764Z
scenario_00,ixa,3.1.0,10000,100,22,8675331,a81eb8a7b4c49dbd245a57ae13561b313c2c060fc6f00249c6dda8fb36336134,50000,10.0,2.0,0.983,0.0062747850000000015,0.003695427,0.009970212,6720,135,243,13,2889,19,,,2c1a882cf6217bd32687570c74d310c312d5050b13bda5da66421a58bbe32f7b,2026-09-23T19:30:47.672275Z
scenario_00,ixa,3.1.0,10000,100,23,8675332,a81eb8a7b4c49dbd245a57ae13561b313c2c060fc6f00249c6dda8fb36336134,50000,10.0,2.0,0.983,0.005806731,0.004524365,0.010331096,5858,154,299,18,3671,18,,,5cddf5c6552a7983d0392ba02a72efd8e6d9fb8ac69fff9b74893b6dec393d51,2026-09-23T19:30:47.693660Z
scenario_00,ixa,3.1.0,10000,100,24,8675333,a81eb8a7b4c49dbd245a57ae13561b313c2c060fc6f00249c6dda8fb36336134,50000,10.0,2.0,0.983,0.005937985,0.004857373,0.010795358,5865,161,238,11,3725,18,,,897847f12ab1f673a95759f1b96ef9f5502ffac2c3844dca3a36410b320dc778,2026-09-23T19:30:47.714812Z
scenario_00,ixa,3.1.0,10000,100,25,8675334,a81eb8a7b4c49dbd245a57ae13561b313c2c060fc6f00249c6dda8fb36336134,50000,10.0,2.0,0.983,0.0062124500000000004,0.005252008,0.011464458,5479,153,247,21,4100,25,,,2595fbcb7cade30aed5c46c1dcb9fea9430d699587bf8e955353037769ab4b69,2026-09-23T19:30:47.740074Z
scenario_00,ixa,3.1.0,10000,100,26,8675335,a81eb8a7b4c49dbd245a57ae13561b313c2c060fc6f00249c6dda8fb36336134,50000,10.0,2.0,0.983,0.005971485,0.003658718,0.009630203,6695,120,224,11,2950,19,,,1926a1944124aaf49de588472cea9e126028f0305e227b83307f9caa0d1f0b60,2026-09-23T19:30:47.761082Z
scenario_00,ixa,3.1.0,10000,100,27,8675336,a81eb8a7b4c49dbd245a57ae13561b313c2c060fc6f00249c6dda8fb36336134,50000,10.0,2.0,0.983,0.005957402,0.004252441,0.010209843,6199,122,227,5,3447,15,,,2f3f94b4640968a55f361a09e048e8ebcda5988c85b4f5bf88cbffa8c11dc72a,2026-09-23T19:30:47.788970Z
scenario_00,ixa,3.1.0,10000,100,28,8675337,a81eb8a7b4c49dbd245a57ae13561b313c2c060fc6f00249c6dda8fb36336134,50000,10.0,2.0,0.983,0.006244450999999999,0.004407903,0.010652354,6193,113,198,10,3486,18,,,59cb27aa99f0160f6d665995cd81da79c7f1ab2dd4f9734ad812a49f632d0d32,2026-09-23T19:30:47.811019Z
scenario_00,ixa,3.1.0,10000,100,29,8675338,a81eb8a7b4c49dbd245a57ae13561b313c2c060fc6f00249c6dda8fb36336134,50000,10.0,2.0,0.983,0.006487999,0.004523281,0.01101128,6328,133,203,13,3323,17,,,a60d0bda22b0bb2e5e20d275f99008ad32212e2f7510ca4f36d64d727940fda4,2026-09-23T19:30:47.833508Z
scenario_00,ixa,3.1.0,10000,100,30,8675339,a81eb8a7b4c49dbd245a57ae13561b313c2c060fc6f00249c6dda8fb36336134,50000,10.0,2.0,0.983,0.0060106940000000005,0.003996852,0.010007546,6399,95,210,11,3285,16,,,ae6bd865cdfe710d99967bf24097c0d788ccfe6a2b99b9e00082905feb99e3c5,2026-09-23T19:30:47.855230Z
scenario_00,ixa,3.1.0,10000,100,31,8675340,a81eb8a7b4c49dbd245a57ae13561b313c2c060fc6f00249c6dda8fb36336134,50000,10.0,2.0,0.983,0.0067089210000000005,0.004883582,0.011592503,6036,141,286,15,3522,21,,,cc254b089da79149b526ee3fb1409a01ce11c890ff918d05c0d7d43be9c2a6b0,2026-09-23T19:30:47.881413Z
scenario_00,ixa,3.1.0,10000,100,32,8675341,a81eb8a7b4c49dbd245a57ae13561b313c2c060fc6f00249c6dda8fb36336134,50000,10.0,2.0,0.983,0.006419162999999999,0.004273817,0.01069298,6270,154,284,16,3276,18,,,2bbe488ff31317dc64df6531af18e03be92bfd205397579e154c9c9ff2e0c568,2026-09-23T19:30:47.903820Z
scenario_00,ixa,3.1.0,10000,100,33,8675342,a81eb8a7b4c49dbd245a57ae13561b313c2c060fc6f00249c6dda8fb36336134,50000,10.0,2.0,0.983,0.006508124,0.005282967,0.011791091,5878,167,283,15,3657,20,,,2ce3b042007f19769f7544add273b5accc2f9d2d14e0cf1f49593bd2348e0425,2026-09-23T19:30:47.928622Z
scenario_00,ixa,3.1.0,10000,100,34,8675343,a81eb8a7b4c49dbd245a57ae13561b313c2c060fc6f00249c6dda8fb36336134,50000,10.0,2.0,0.983,0.005926067,0.005173423,0.01109949,5396,156,274,18,4156,25,,,cd0a28e91269b6b442779a4fe06a2f75ce6d74bc822f5f10c7b03b7392b6f814,2026-09-23T19:30:47.954615Z
scenario_00,ixa,3.1.0,10000,100,35,8675344,a81eb8a7b4c49dbd245a57ae13561b313c2c060fc6f00249c6dda8fb36336134,50000,10.0,2.0,0.983,0.005944234,0.004189607,0.010133841,6298,153,254,10,3285,18,,,9ea3c2de4d2ef6251af302825bfc3ccdaf9ad758618c4065a56f954114969f75,2026-09-23T19:30:47.983279Z
scenario_00,ixa,3.1.0,10000,100,36,8675345,a81eb8a7b4c49dbd245a57ae13561b313c2c060fc6f00249c6dda8fb36336134,50000,10.0,2.0,0.983,0.006783965,0.004634784,0.011418749,6168,128,236,9,3459,17,,,e7878f9ce7847815d3d8caa2cfc9197b5cfa44e8bb9a88bc21706a2c8c58763a,2026-09-23T19:30:48.006238Z
scenario_00,ixa,3.1.0,10000,100,37,8675346,a81eb8a7b4c49dbd245a57ae13561b313c2c060fc6f00249c6dda8fb36336134,50000,10.0,2.0,0.983,0.006051653999999999,0.005133922,0.011185576,5320,166,345,19,4150,21,,,a40626f97f645a175958bf315c90e0189e6dc848c3e4105c1229b8705fe0432e,2026-09-23T19:30:48.029935Z
scenario_00,ixa,3.1.0,10000,100,38,8675347,a81eb8a7b4c49dbd245a57ae13561b313c2c060fc6f00249c6dda8fb36336134,50000,10.0,2.0,0.983,0.005900609,0.005420679,0.011321288,5267,156,266,6,4305,20,,,51daa69ed1ab5a7f26584a4349274177706ae8c9da73c0ac14829709aa871027,2026-09-23T19:30:48.055445Z
scenario_00,ixa,3.1.0,10000,100,39,8675348,a81eb8a7b4c49dbd245a57ae13561b313c2c060fc6f00249c6dda8fb36336134,50000,10.0,2.0,0.983,0.00607328,0.003899099,0.009972379,6600,120,204,8,3068,18,,,075e1b047662030f1b0fc86c9b62d7d0ad7ac91254cd1d2c2bbf9a59a6e778cf,2026-09-23T19:30:48.078064Z
scenario_00,ixa,3.1.0,10000,100,40,8675349,a81eb8a7b4c49dbd245a57ae13561b313c2c060fc6f00249c6dda8fb36336134,50000,10.0,2.0,0.983,0.006487957000000001,0.004641243,0.0111292,5963,130,258,10,3639,17,,,bc82cb1f1002ee632c3ce6c6469d102f5579ce732bed4cccfdfb1f01bbe33a39,2026-09-23T19:30:48.102343Z
scenario_00,ixa,3.1.0,10000,100,41,8675350,a81eb8a7b4c49dbd245a57ae13561b313c2c060fc6f00249c6dda8fb36336134,50000,10.0,2.0,0.983,0.006076653999999999,0.0039316,0.010008254,7142,99,153,10,2596,12,,,972e7dc6b031b75a647b1f0d094981d948894761c24c4598074b5e1970e74a8e,2026-09-23T19:30:48.124627Z
scenario_00,ixa,3.1.0,10000,100,42,8675351,a81eb8a7b4c49dbd245a57ae13561b313c2c060fc6f00249c6dda8fb36336134,50000,10.0,2.0,0.983,0.005995153,0.004380778,0.010375931,6155,116,245,4,3480,17,,,aea90a2412348fdd3a865d9c4195b052122e432c880fa64bbc11dbddb19dfd25,2026-09-23T19:30:48.143166Z
scenario_00,ixa,3.1.0,10000,100,43,8675352,a81eb8a7b4c49dbd245a57ae13561b313c2c060fc6f00249c6dda8fb36336134,50000,10.0,2.0,0.983,0.006807631999999999,0.005954318,0.01276195,5715,137,248,9,3891,20,,,f872d02da446dca0c36669defd390f80c84fdb8b69adec32de2958ba78d161f5,2026-09-23T19:30:48.166420Z
scenario_00,ixa,3.1.0,10000,100,44,8675353,a81eb8a7b4c49dbd245a57ae13561b313c2c060fc6f00249c6dda8fb36336134,50000,10.0,2.0,0.983,0.006534833,0.004988919,0.011523752,6218,127,239,6,3410,24,,,057829f851e82c44e9812f2d0b0a7ba76f4f1ee77d32e9f91f3dc79c06d6eb75,2026-09-23T19:30:48.188187Z
scenario_00,ixa,3.1.0,10000,100,45,8675354,a81eb8a7b4c49dbd245a57ae13561b313c2c060fc6f00249c6dda8fb36336134,50000,10.0,2.0,0.983,0.007827283,0.004106146,0.011933429,6743,90,170,3,2994,19,,,675140d8b5a55716b375355d5f236448b727003e7742c91a27f2e6cce4a0a417,2026-09-23T19:30:48.207277Z
scenario_00,ixa,3.1.0,10000,100,46,8675355,a81eb8a7b4c49dbd245a57ae13561b313c2c060fc6f00249c6dda8fb36336134,50000,10.0,2.0,0.983,0.006172573999999999,0.004856873,0.011029447,6229,154,250,11,3356,19,,,2df12025e2ee7e8feee6694700576a8dcc406e379ff245ed1ecbe145ebdc9897,2026-09-23T19:30:48.225553Z
scenario_00,ixa,3.1.0,10000,100,47,8675356,a81eb8a7b4c49dbd245a57ae13561b313c2c060fc6f00249c6dda8fb36336134,50000,10.0,2.0,0.983,0.006330703,0.004146855,0.010477558,6729,111,190,16,2954,16,,,f5fdf3c5d0a71b9fbcad851f091976813690e2f12f23df7a1c892b85b56bb4d6,2026-09-23T19:30:48.243649Z
scenario_00,ixa,3.1.0,10000,100,48,8675357,a81eb8a7b4c49dbd245a57ae13561b313c2c060fc6f00249c6dda8fb36336134,50000,10.0,2.0,0.983,0.006092571,0.005890942,0.011983513,5711,130,257,11,3891,17,,,c1d9d29260916f566cb568b384801f20fd384f0d8aff64546dcbab58aa7bd7a8,2026-09-23T19:30:48.262086Z
scenario_00,ixa,3.1.0,10000,100,49,8675358,a81eb8a7b4c49dbd245a57ae13561b313c2c060fc6f00249c6dda8fb36336134,50000,10.0,2.0,0.983,0.006218866,0.004916792,0.011135658,6055,119,236,8,3582,23,,,87f6ef5ebc47eee245ca78e5ef69080febccb13765fdb815a346de04237ec608,2026-09-23T19:30:48.280594Z
scenario_00,ixa,3.1.0,10000,100,50,8675359,a81eb8a7b4c49dbd245a57ae13561b313c2c060fc6f00249c6dda8fb36336134,50000,10.0,2.0,0.983,0.006344827000000001,0.00397256,0.010317387,6496,143,265,10,3086,20,,,5054f795dfd114ca48cce73665f298d933555d448367d7e97f2b24951d0066d1,2026-09-23T19:30:48.297899Z
scenario_00,ixa,3.1.0,10000,100,51,8675360,a81eb8a7b4c49dbd245a57ae13561b313c2c060fc6f00249c6dda8fb36336134,50000,10.0,2.0,0.983,0.005926150000000001,0.003930475,0.009856625,6458,109,210,10,3213,22,,,ed7dcb8b16304226aaac96310571d5496f32fcff1c8b812416b0d3fddfa245dd,2026-09-23T19:30:48.314250Z
scenario_00,ixa,3.1.0,10000,100,52,8675361,a81eb8a7b4c49dbd245a57ae13561b313c2c060fc6f00249c6dda8fb36336134,50000,10.0,2.0,0.983,0.006675543999999999,0.004352403,0.011027947,6387,128,212,9,3264,15,,,54cbaf2b8b60eae616e4fecc81a2690235e036870785085995cf9971b7a2eab9,2026-09-23T19:30:48.331603Z
scenario_00,ixa,3.1.0,10000,100,53,8675362,a81eb8a7b4c49dbd245a57ae13561b313c2c060fc6f00249c6dda8fb36336134,50000,10.0,2.0,0.983,0.0058664830000000005,0.004568324,0.010434807,6259,118,221,10,3392,17,,,e773903f068cdc8847865a2d525537ba8b96cf8415b01a4242812eb093ce82c9,2026-09-23T19:30:48.348683Z
scenario_00,ixa,3.1.0,10000,100,54,8675363,a81eb8a7b4c49dbd245a57ae13561b313c2c060fc6f00249c6dda8fb36336134,50000,10.0,2.0,0.983,0.006587708,0.004101813,0.010689521,6390,174,235,15,3186,17,,,0fccdaf73f0d967fad4d8b6d7793d3c9d7699117a30fce7ccd3c9efee492cde5,2026-09-23T19:30:48.366070Z
scenario_00,ixa,3.1.0,10000,100,55,8675364,a81eb8a7b4c49dbd245a57ae13561b313c2c060fc6f00249c6dda8fb36336134,50000,10.0,2.0,0.983,0.005784981000000001,0.003657718,0.009442699,6740,96,187,7,2970,13,,,66c34a7fc84e452882b66225a1561d4abaf8eadddb39a801ec4cb1e72b40bd14,2026-09-23T19:30:48.382761Z
scenario_00,ixa,3.1.0,10000,100,56,8675365,a81eb8a7b4c49dbd245a57ae13561b313c2c060fc6f00249c6dda8fb36336134,50000,10.0,2.0,0.983,0.006135573,0.005091046,0.011226619,6017,119,232,7,3625,20,,,c1966dcbaee4d6ef5e4ab9cdc41f07b436aaec3fcdce61dca6b5d73bf5ab1198,2026-09-23T19:30:48.400334Z
scenario_00,ixa,3.1.0,10000,100,57,8675366,a81eb8a7b4c49dbd245a57ae13561b313c2c060fc6f00249c6dda8fb36336134,50000,10.0,2.0,0.983,0.005789605999999999,0.004756329,0.010545935,5745,121,241,17,3876,25,,,47e782a3b73ebc801bd9863abc18dfba07084224c332c6bc3f6f1a14d2cb5c08,2026-09-23T19:30:48.417562Z
scenario_00,ixa,3.1.0,10000,100,58,8675367,a81eb8a7b4c49dbd245a57ae13561b313c2c060fc6f00249c6dda8fb36336134,50000,10.0,2.0,0.983,0.007013552999999999,0.003877474,0.010891027,6676,102,202,10,3010,14,,,ace8f490ed1fadd4d9c10f7fb435171e9848ecf8db5e383a8fbe8cf523a21531,2026-09-23T19:30:48.434892Z
scenario_00,ixa,3.1.0,10000,100,59,8675368,a81eb8a7b4c49dbd245a57ae13561b313c2c060fc6f00249c6dda8fb36336134,50000,10.0,2.0,0.983,0.0058064810000000005,0.004598075,0.010404556,5944,135,257,12,3652,19,,,e1f2f069dc13b7c6ac922b8e91d7e0e236afff8ee09c69bbf016331765f2b1c6,2026-09-23T19:30:48.453410Z
scenario_00,ixa,3.1.0,10000,100,60,8675369,a81eb8a7b4c49dbd245a57ae13561b313c2c060fc6f00249c6dda8fb36336134,50000,10.0,2.0,0.983,0.005974943999999999,0.003761346,0.00973629,6672,103,211,10,3004,15,,,1eb7c62ee62db3d82dfdae7552099728432138a66df767d3a2e15d563cffe508,2026-09-23T19:30:48.470844Z
scenario_00,ixa,3.1.0,10000,100,61,8675370,a81eb8a7b4c49dbd245a57ae13561b313c2c060fc6f00249c6dda8fb36336134,50000,10.0,2.0,0.983,0.006078863,0.004340235,0.010419098,6456,125,225,11,3183,18,,,d23bd57464b72553e9b663e0a2f7dff39b694dc358a818b0de0c16dc264e8bad,2026-09-23T19:30:48.492292Z
scenario_00,ixa,3.1.0,10000,100,62,8675371,a81eb8a7b4c49dbd245a57ae13561b313c2c060fc6f00249c6dda8fb36336134,50000,10.0,2.0,0.983,0.005810981000000001,0.004266942,0.010077923,6170,135,243,13,3439,16,,,2d460dda3c781ba1031aa9ccf5286553c4b3d8a1d40ae083215f90a5322af318,2026-09-23T19:30:48.509340Z
scenario_00,ixa,3.1.0,10000,100,63,8675372,a81eb8a7b4c49dbd245a57ae13561b313c2c060fc6f00249c6dda8fb36336134,50000,10.0,2.0,0.983,0.0059888599999999995,0.00397681,0.00996567,6709,99,209,7,2976,14,,,5ffc8a60224353799c848aa5de52938662c493f54468fd2bfb6bf57f64dd9b96,2026-09-23T19:30:48.526172Z
scenario_00,ixa,3.1.0,10000,100,64,8675373,a81eb8a7b4c49dbd245a57ae13561b313c2c060fc6f00249c6dda8fb36336134,50000,10.0,2.0,0.983,0.005822315,0.00381343,0.009635745,6555,108,213,16,3108,16,,,e98f446e133a23aea4938c0f5abd8a9ad19f12392f8010ead61902ed84527ba6,2026-09-23T19:30:48.542972Z
scenario_00,ixa,3.1.0,10000,100,65,8675374,a81eb8a7b4c49dbd245a57ae13561b313c2c060fc6f00249c6dda8fb36336134,50000,10.0,2.0,0.983,0.006047321,0.00408027,0.010127591,6705,114,189,5,2987,17,,,ae45ac47185ddec8555cf96894bad8f5c1b2d0550c8be3a2d9d5f5a9fc424369,2026-09-23T19:30:48.561942Z
scenario_00,ixa,3.1.0,10000,100,66,8675375,a81eb8a7b4c49dbd245a57ae13561b313c2c060fc6f00249c6dda8fb36336134,50000,10.0,2.0,0.983,0.005941026,0.003961226,0.009902252,6467,139,227,9,3158,16,,,e93b04935c2403c32ab2e371772aee20a5b54281567b2acea983060a211f9ff6,2026-09-23T19:30:48.581590Z
scenario_00,ixa,3.1.0,10000,100,67,8675376,a81eb8a7b4c49dbd245a57ae13561b313c2c060fc6f00249c6dda8fb36336134,50000,10.0,2.0,0.983,0.006969677,0.003415462,0.010385139,7112,117,179,7,2585,14,,,c62dd8a38576eff0803d7d6eadc4eece8527f765cc99bc52e0d8ea9f6f5a380f,2026-09-23T19:30:48.603512Z
scenario_00,ixa,3.1.0,10000,100,68,8675377,a81eb8a7b4c49dbd245a57ae13561b313c2c060fc6f00249c6dda8fb36336134,50000,10.0,2.0,0.983,0.006253992,0.004820748,0.01107474,5900,161,263,12,3664,21,,,4629c3c634140d2ffbfb35423215f4245207a1db4de2e10c318d434c158e2f5a,2026-09-23T19:30:48.626998Z
scenario_00,ixa,3.1.0,10000,100,69,8675378,a81eb8a7b4c49dbd245a57ae13561b313c2c060fc6f00249c6dda8fb36336134,50000,10.0,2.0,0.983,0.0060049859999999995,0.004366361,0.010371347,6399,122,192,10,3277,19,,,4d73d03ba52a83e36eec1d627cd253c2ed5bf845499ed0aeef0449e844156147,2026-09-23T19:30:48.650412Z
scenario_00,ixa,3.1.0,10000,100,70,8675379,a81eb8a7b4c49dbd245a57ae13561b313c2c060fc6f00249c6dda8fb36336134,50000,10.0,2.0,0.983,0.005938234000000001,0.00405202,0.009990254,6293,137,241,9,3320,16,,,bf6177fae7662aba4252bcdc1d5a0caa25cd8fa88a8eed647b06f97bd114f3d6,2026-09-23T19:30:48.670719Z
scenario_00,ixa,3.1.0,10000,100,71,8675380,a81eb8a7b4c49dbd245a57ae13561b313c2c060fc6f00249c6dda8fb36336134,50000,10.0,2.0,0.983,0.006063946,0.005389887,0.011453833,5704,147,262,18,3869,22,,,3b26be26a26311f88d6d15dc58706fbe8ae1139708673eee927a0992f9b0cf8b,2026-09-23T19:30:48.688852Z
scenario_00,ixa,3.1.0,10000,100,72,8675381,a81eb8a7b4c49dbd245a57ae13561b313c2c060fc6f00249c6dda8fb36336134,50000,10.0,2.0,0.983,0.006197450000000001,0.004295609,0.010493059,6455,123,200,12,3210,16,,,e73a7be0f373b20376197cc9dacea37ad18879e137086b7755a919b56bd01f0f,2026-09-23T19:30:48.710609Z
scenario_00,ixa,3.1.0,10000,100,73,8675382,a81eb8a7b4c49dbd245a57ae13561b313c2c060fc6f00249c6dda8fb36336134,50000,10.0,2.0,0.983,0.006274493000000001,0.004937209,0.011211702,5840,148,278,18,3716,24,,,adc9486a05fb18aa3875d9d14a8d6bac9826b559697b71019df7cb338f82d015,2026-09-23T19:30:48.732421Z
scenario_00,ixa,3.1.0,10000,100,74,8675383,a81eb8a7b4c49dbd245a57ae13561b313c2c060fc6f00249c6dda8fb36336134,50000,10.0,2.0,0.983,0.00637262,0.005179673,0.011552293,6125,139,208,8,3520,19,,,d6315292d54e5719d5df558664e3f3637d463ab26bd7bc0a5dbfe2db390ce932,2026-09-23T19:30:48.751167Z
scenario_00,ixa,3.1.0,10000,100,75,8675384,a81eb8a7b4c49dbd245a57ae13561b313c2c060fc6f00249c6dda8fb36336134,50000,10.0,2.0,0.983,0.006471705999999999,0.004693453,0.011165159,6279,130,226,15,3350,15,,,6ba256460ab87976b4b38ba2971d92d4900a07eebddd95f4902dae6b1e0bb7c0,2026-09-23T19:30:48.769932Z
scenario_00,ixa,3.1.0,10000,100,76,8675385,a81eb8a7b4c49dbd245a57ae13561b313c2c060fc6f00249c6dda8fb36336134,50000,10.0,2.0,0.983,0.0063448689999999995,0.005277343,0.011622212,6075,163,256,11,3495,23,,,e2ea3b733c0bf36afeba52769c97db07cc831205430899e934b8b227b75b0964,2026-09-23T19:30:48.788658Z
scenario_00,ixa,3.1.0,10000,100,77,8675386,a81eb8a7b4c49dbd245a57ae13561b313c2c060fc6f00249c6dda8fb36336134,50000,10.0,2.0,0.983,0.006916301000000001,0.004701411,0.011617712,6102,147,254,11,3486,20,,,0c10c189d0fc262c75f172bc6399d34add7f8752c6d9e4773cdfc587352e3d43,2026-09-23T19:30:48.807346Z
scenario_00,ixa,3.1.0,10000,100,78,8675387,a81eb8a7b4c49dbd245a57ae13561b313c2c060fc6f00249c6dda8fb36336134,50000,10.0,2.0,0.983,0.0062097409999999995,0.004421738,0.010631479,6429,124,176,8,3263,24,,,91059306245735d67d59a1cdc89de876dc4ce8d526c6798a4fc8c31779cc11d8,2026-09-23T19:30:48.835811Z
scenario_00,ixa,3.1.0,10000,100,79,8675388,a81eb8a7b4c49dbd245a57ae13561b313c2c060fc6f00249c6dda8fb36336134,50000,10.0,2.0,0.983,0.006562124999999999,0.005178882,0.011741007,6065,141,253,17,3524,18,,,6bb298a8b34f907acc093cc2ed05d9ba23cabb4f29be105fca3a38f9f2168cbf,2026-09-23T19:30:48.856190Z
scenario_00,ixa,3.1.0,10000,100,80,8675389,a81eb8a7b4c49dbd245a57ae13561b313c2c060fc6f00249c6dda8fb36336134,50000,10.0,2.0,0.983,0.006270409000000001,0.004230441,0.01050085,6571,139,221,15,3054,20,,,210f557f76add8c9ff6612e06ffef3ebfac91c21a29403c8897bbd4b8da41801,2026-09-23T19:30:48.874395Z
scenario_00,ixa,3.1.0,10000,100,81,8675390,a81eb8a7b4c49dbd245a57ae13561b313c2c060fc6f00249c6dda8fb36336134,50000,10.0,2.0,0.983,0.008682762,0.005018628,0.01370139,6050,129,217,11,3593,22,,,0bbf50526a5d348ccbaf09751390b389e847ea73c9190b10220e3b2aa0147df5,2026-09-23T19:30:48.895637Z
scenario_00,ixa,3.1.0,10000,100,82,8675391,a81eb8a7b4c49dbd245a57ae13561b313c2c060fc6f00249c6dda8fb36336134,50000,10.0,2.0,0.983,0.006152698,0.004650035,0.010802733,6344,131,223,10,3292,15,,,b25965f042859bab1ac2947175f2ac51fc5f911968e7078664682d0eed0e59e9,2026-09-23T19:30:48.916146Z
scenario_00,ixa,3.1.0,10000,100,83,8675392,a81eb8a7b4c49dbd245a57ae13561b313c2c060fc6f00249c6dda8fb36336134,50000,10.0,2.0,0.983,0.006456331000000001,0.004339902,0.010796233,6274,123,186,8,3409,20,,,be61845edb487f07b44bd998fc8bfaeaf6a43f99bbcaee6c247ea9c85af35d10,2026-09-23T19:30:48.934896Z
scenario_00,ixa,3.1.0,10000,100,84,8675393,a81eb8a7b4c49dbd245a57ae13561b313c2c060fc6f00249c6dda8fb36336134,50000,10.0,2.0,0.983,0.00647779,0.005334219,0.011812009,5727,137,257,11,3868,18,,,76588a08003f624913d1cd669f0fbceaf8e79b6feac312bb60491ea77db422d3,2026-09-23T19:30:48.959508Z
scenario_00,ixa,3.1.0,10000,100,85,8675394,a81eb8a7b4c49dbd245a57ae13561b313c2c060fc6f00249c6dda8fb36336134,50000,10.0,2.0,0.983,0.006013028,0.004149106,0.010162134,6324,122,224,8,3322,16,,,568bf8167a0720b647db7c741e142f11681667ff5a633046eb393db4795920f2,2026-09-23T19:30:48.981345Z
scenario_00,ixa,3.1.0,10000,100,86,8675395,a81eb8a7b4c49dbd245a57ae13561b313c2c060fc6f00249c6dda8fb36336134,50000,10.0,2.0,0.983,0.0065149990000000005,0.004028311,0.01054331,6575,90,168,4,3163,17,,,3e65fcc00b1710d0f5ff615dcb632df75804b3879ff4c39474a356f919be0221,2026-09-23T19:30:49.004416Z
scenario_00,ixa,3.1.0,10000,100,87,8675396,a81eb8a7b4c49dbd245a57ae13561b313c2c060fc6f00249c6dda8fb36336134,50000,10.0,2.0,0.983,0.006226784,0.004795455,0.011022239,5874,130,287,14,3695,24,,,f5784155d6e26e877817a4357186fb96847f8d6e13cbab4d63f52957f864b246,2026-09-23T19:30:49.027508Z
scenario_00,ixa,3.1.0,10000,100,88,8675397,a81eb8a7b4c49dbd245a57ae13561b313c2c060fc6f00249c6dda8fb36336134,50000,10.0,2.0,0.983,0.006336410999999999,0.004758746,0.011095157,5934,175,265,10,3616,21,,,1e06bfc90ef3e183787329335754c3cfde728efea9607c1cab0bcb973f30c795,2026-09-23T19:30:49.060714Z
scenario_00,ixa,3.1.0,10000,100,89,8675398,a81eb8a7b4c49dbd245a57ae13561b313c2c060fc6f00249c6dda8fb36336134,50000,10.0,2.0,0.983,0.005632391999999999,0.004050937,0.009683329,6328,137,248,9,3278,15,,,0ed9877cb10959c4ff89399c7b7ffef9933efdc0fdd3f0ea0c94fcb2aec7f298,2026-09-23T19:30:49.080760Z
scenario_00,ixa,3.1.0,10000,100,90,8675399,a81eb8a7b4c49dbd245a57ae13561b313c2c060fc6f00249c6dda8fb36336134,50000,10.0,2.0,0.983,0.006090071,0.004461239,0.01055131,6076,153,230,19,3522,20,,,3cc10b63bf777f640538e8385df224160369b53316a7d2572973f95882d3a722,2026-09-23T19:30:49.102180Z
scenario_00,ixa,3.1.0,10000,100,91,8675400,a81eb8a7b4c49dbd245a57ae13561b313c2c060fc6f00249c6dda8fb36336134,50000,10.0,2.0,0.983,0.006419246,0.004787539,0.011206785,5991,158,244,15,3592,15,,,b3db9d5e4a63fcddee3a6919cd2c547c1ac65c4c49baf45fd2879012109458f6,2026-09-23T19:30:49.125127Z
scenario_00,ixa,3.1.0,10000,100,92,8675401,a81eb8a7b4c49dbd245a57ae13561b313c2c060fc6f00249c6dda8fb36336134,50000,10.0,2.0,0.983,0.005865899,0.005281468,0.011147367,5452,140,252,8,4148,23,,,9f837f7905e8638aa9b7d398aff17a4ad7d0c0b062c7392cb5511068954eb79d,2026-09-23T19:30:49.148057Z
scenario_00,ixa,3.1.0,10000,100,93,8675402,a81eb8a7b4c49dbd245a57ae13561b313c2c060fc6f00249c6dda8fb36336134,50000,10.0,2.0,0.983,0.006187074000000001,0.005227466,0.01141454,5479,163,288,17,4053,20,,,3ad0e5509fc890e69f6a802279111d930b8b096361810e0e62ea1deb8d7e3965,2026-09-23T19:30:49.168935Z
scenario_00,ixa,3.1.0,10000,100,94,8675403,a81eb8a7b4c49dbd245a57ae13561b313c2c060fc6f00249c6dda8fb36336134,50000,10.0,2.0,0.983,0.006459122999999999,0.004429696,0.010888819,6289,149,267,8,3287,19,,,d981808b7ad487764e707b79d81ecc0228d5b64969878ea67ca7020b329b002c,2026-09-23T19:30:49.191423Z
scenario_00,ixa,3.1.0,10000,100,95,8675404,a81eb8a7b4c49dbd245a57ae13561b313c2c060fc6f00249c6dda8fb36336134,50000,10.0,2.0,0.983,0.0057598960000000005,0.005086255,0.010846151,5688,132,256,11,3913,18,,,6fd196f45d3c1e639a56a02e69d49e35c9842d42e4b74520f3fa4819fd0a92ac,2026-09-23T19:30:49.209458Z
scenario_00,ixa,3.1.0,10000,100,96,8675405,a81eb8a7b4c49dbd245a57ae13561b313c2c060fc6f00249c6dda8fb36336134,50000,10.0,2.0,0.983,0.005966943999999999,0.004764204,0.010731148,5840,127,262,19,3752,22,,,4bea94fadba1a80b9cbe2f41bff83caf0fb7f2a96cc02a850d46f5202860bd06,2026-09-23T19:30:49.231036Z
scenario_00,ixa,3.1.0,10000,100,97,8675406,a81eb8a7b4c49dbd245a57ae13561b313c2c060fc6f00249c6dda8fb36336134,50000,10.0,2.0,0.983,0.006171408000000001,0.004651076,0.010822484,6112,171,259,16,3442,22,,,583523581a686eff4f83eedbeeca41273827818bc778d4d5ce2b012b68149e7b,2026-09-23T19:30:49.251332Z
scenario_00,ixa,3.1.0,10000,100,98,8675407,a81eb8a7b4c49dbd245a57ae13561b313c2c060fc6f00249c6dda8fb36336134,50000,10.0,2.0,0.983,0.005960984,0.004875458,0.010836442,5851,133,212,15,3789,20,,,99ec467c73823f4bfe07b71a131a44057edd42ce28fc4b015c9fd69409adfde6,2026-09-23T19:30:49.273562Z
scenario_00,ixa,3.1.0,10000,100,99,8675408,a81eb8a7b4c49dbd245a57ae13561b313c2c060fc6f00249c6dda8fb36336134,50000,10.0,2.0,0.983,0.0061790740000000005,0.004634284,0.010813358,5877,127,234,12,3750,20,,,4f7766198cc581157c7c151aa43b89665e76325c3cc756e722038081d4010416,2026-09-23T19:30:49.300066Z
scenario_00,ixa,3.1.0,10000,100,100,8675409,a81eb8a7b4c49dbd245a57ae13561b313c2c060fc6f00249c6dda8fb36336134,50000,10.0,2.0,0.983,0.006046111000000001,0.003965143,0.010011254,6628,135,239,13,2985,17,,,01d89ca3653ee7dc7c1a51c3ce53c50367831bffc3e87a8a53c7a63c8065b90a,2026-09-23T19:30:49.321619Z
scenario_00,ixa,3.1.0,100000,100,1,8775310,83b4e1da2783f17377cf65d5f9c270629dd633191f581ff139c5b60c5d080e99,500000,10.0,2.0,0.988,0.059175293999999996,0.009829472,0.069004766,92856,472,723,36,5913,38,,,67e4ac14b9abbc65aa0364e3998571d83c023b87e8987c2241648a027922acca,2026-09-23T19:16:44.090184Z
scenario_00,ixa,3.1.0,100000,100,2,8775311,83b4e1da2783f17377cf65d5f9c270629dd633191f581ff139c5b60c5d080e99,500000,10.0,2.0,0.988,0.058277791999999995,0.008827263,0.067105055,93556,410,673,32,5329,37,,,7e65b37abbcc70860f6a2f824b0b1adb63a62bfdd4c051c3193ef16c6954a4c7,2026-09-23T19:16:44.174512Z
scenario_00,ixa,3.1.0,100000,100,3,8775312,83b4e1da2783f17377cf65d5f9c270629dd633191f581ff139c5b60c5d080e99,500000,10.0,2.0,0.988,0.058523834000000004,0.009426472,0.067950306,93288,453,747,30,5482,35,,,e1e1a60c414c08a638db6ced8c47dd6e878a2b7fb2a8b83dbe5cee376ac02ae4,2026-09-23T19:16:44.258153Z
scenario_00,ixa,3.1.0,100000,100,4,8775313,83b4e1da2783f17377cf65d5f9c270629dd633191f581ff139c5b60c5d080e99,500000,10.0,2.0,0.988,0.059769128000000005,0.010582015,0.070351143,92902,450,735,27,5886,36,,,b8093daf468fa8afccd3d1140d3cffd5ddcb0b0d79847254b336b1726af02905,2026-09-23T19:16:44.344841Z
scenario_00,ixa,3.1.0,100000,100,5,8775314,83b4e1da2783f17377cf65d5f9c270629dd633191f581ff139c5b60c5d080e99,500000,10.0,2.0,0.988,0.066138428,0.01243406,0.078572488,92420,496,765,28,6291,44,,,6b334bb3ea9055184281602e95e1c23c4321e437ee3f3c585876295bdee79dfa,2026-09-23T19:16:44.449556Z
scenario_00,ixa,3.1.0,100000,100,6,8775315,83b4e1da2783f17377cf65d5f9c270629dd633191f581ff139c5b60c5d080e99,500000,10.0,2.0,0.988,0.061718422,0.010472557,0.072190979,93244,413,670,26,5647,27,,,cedfce5827e965873d23bac78d8144014e11ea6efb8be9b9ec79deb51d8a67bc,2026-09-23T19:16:44.530913Z
scenario_00,ixa,3.1.0,100000,100,7,8775316,83b4e1da2783f17377cf65d5f9c270629dd633191f581ff139c5b60c5d080e99,500000,10.0,2.0,0.988,0.063623341,0.008821096,0.072444437,93290,436,715,30,5529,34,,,865af4d653c74a4a0e5d1215be8b80a205f06353a02be9d9dba3176552377da3,2026-09-23T19:16:44.616888Z
scenario_00,ixa,3.1.0,100000,100,8,8775317,83b4e1da2783f17377cf65d5f9c270629dd633191f581ff139c5b60c5d080e99,500000,10.0,2.0,0.988,0.059680961,0.008650179,0.06833114,93430,432,661,28,5449,32,,,0fecf9c514741f30dd777d29a7c2f0a683e7311bf745fc4dffdac3cb8cbd875b,2026-09-23T19:16:44.696181Z
scenario_00,ixa,3.1.0,100000,100,9,8775318,83b4e1da2783f17377cf65d5f9c270629dd633191f581ff139c5b60c5d080e99,500000,10.0,2.0,0.988,0.058240667,0.008138762,0.066379429,93773,369,557,22,5279,24,,,dabeee9f68d32d23c7c36d0b359040a47a25a1bc3a6b01e1f648eb0132fca5e8,2026-09-23T19:16:44.782916Z
scenario_00,ixa,3.1.0,100000,100,10,8775319,83b4e1da2783f17377cf65d5f9c270629dd633191f581ff139c5b60c5d080e99,500000,10.0,2.0,0.988,0.057914249999999994,0.00957918,0.06749343,93123,408,682,25,5762,32,,,f5f81c6d251cefa4d787dc00c8b5132afb4587e97bcbf341ba80ee79be5398a3,2026-09-23T19:16:44.867934Z
scenario_00,ixa,3.1.0,100000,100,11,8775320,83b4e1da2783f17377cf65d5f9c270629dd633191f581ff139c5b60c5d080e99,500000,10.0,2.0,0.988,0.057487208000000005,0.008224345,0.065711553,93615,427,659,32,5267,38,,,d45b6e9e2527571cbeb2a36eb833b5cd9ad65ecb4949bc7030a31440e900233f,2026-09-23T19:16:44.953812Z
scenario_00,ixa,3.1.0,100000,100,12,8775321,83b4e1da2783f17377cf65d5f9c270629dd633191f581ff139c5b60c5d080e99,500000,10.0,2.0,0.988,0.057716458,0.009085013,0.066801471,93546,397,579,27,5451,31,,,2858e640189f7f9bed7d10fef5e225dae9f1f92826e4ec363837cd26e5019bc1,2026-09-23T19:16:45.042350Z
scenario_00,ixa,3.1.0,100000,100,13,8775322,83b4e1da2783f17377cf65d5f9c270629dd633191f581ff139c5b60c5d080e99,500000,10.0,2.0,0.988,0.05941346100000001,0.010087514,0.069500975,92510,482,735,30,6243,37,,,36db003b073caf4d221f6b56a721805300841933a0352e0be53064174cdad2cd,2026-09-23T19:16:45.131826Z
scenario_00,ixa,3.1.0,100000,100,14,8775323,83b4e1da2783f17377cf65d5f9c270629dd633191f581ff139c5b60c5d080e99,500000,10.0,2.0,0.988,0.057169874,0.008979305,0.066149179,92911,423,765,37,5864,43,,,13bcb70d9181b284aeae63e4063d15282747c90a020b5db0cefb1e3f1f8ca484,2026-09-23T19:16:45.216916Z
scenario_00,ixa,3.1.0,100000,100,15,8775324,83b4e1da2783f17377cf65d5f9c270629dd633191f581ff139c5b60c5d080e99,500000,10.0,2.0,0.988,0.056745956,0.007255177,0.064001133,94869,334,453,23,4321,23,,,a698a9813278dc607a7f1065069803f176adf2cb405e2d45778649c37c530934,2026-09-23T19:16:45.301424Z
scenario_00,ixa,3.1.0,100000,100,16,8775325,83b4e1da2783f17377cf65d5f9c270629dd633191f581ff139c5b60c5d080e99,500000,10.0,2.0,0.988,0.056507164,0.008454804,0.064961968,93914,367,536,30,5153,34,,,fc7e40706009555a3d5486d859fb40f53dadd3f140bcf68cb8f76a163f3ff5fa,2026-09-23T19:16:45.398008Z
scenario_00,ixa,3.1.0,100000,100,17,8775326,83b4e1da2783f17377cf65d5f9c270629dd633191f581ff139c5b60c5d080e99,500000,10.0,2.0,0.988,0.05922871,0.006245384,0.065474094,95248,328,486,25,3913,25,,,469da29dfed89c7ce301a056fda711e9b4eeb3aa8e9e30fade5624a120bdaf39,2026-09-23T19:16:45.483330Z
scenario_00,ixa,3.1.0,100000,100,18,8775327,83b4e1da2783f17377cf65d5f9c270629dd633191f581ff139c5b60c5d080e99,500000,10.0,2.0,0.988,0.057885459,0.010012306,0.067897765,92597,492,786,29,6096,33,,,437f1c96255f386f1fc7677d3db6ffa11bf82faed7bcd7a4acfda9e72d785d43,2026-09-23T19:16:45.574680Z
scenario_00,ixa,3.1.0,100000,100,19,8775328,83b4e1da2783f17377cf65d5f9c270629dd633191f581ff139c5b60c5d080e99,500000,10.0,2.0,0.988,0.057178875,0.00850997,0.065688845,93806,377,611,31,5175,31,,,667ea7b05126da6b7bb719b891df9d02f2a0dcd0c82d8ccea62682519aa95709,2026-09-23T19:16:45.659210Z
scenario_00,ixa,3.1.0,100000,100,20,8775329,83b4e1da2783f17377cf65d5f9c270629dd633191f581ff139c5b60c5d080e99,500000,10.0,2.0,0.988,0.058148833,0.006952469,0.065101302,94332,386,597,17,4668,21,,,70dfa91d10ef232c41ece18e7849cd3e7a43cc3b806bc0554ab7d9b56799d7d0,2026-09-23T19:16:45.746163Z
scenario_00,ixa,3.1.0,100000,100,21,8775330,83b4e1da2783f17377cf65d5f9c270629dd633191f581ff139c5b60c5d080e99,500000,10.0,2.0,0.988,0.057097788999999996,0.008119429,0.065217218,94213,388,596,31,4772,35,,,3662c4bf239fb7ad49a5cff49f25d845b1e80d123280f426bd845974cc88b254,2026-09-23T19:16:45.831099Z
scenario_00,ixa,3.1.0,100000,100,22,8775331,83b4e1da2783f17377cf65d5f9c270629dd633191f581ff139c5b60c5d080e99,500000,10.0,2.0,0.988,0.058713668000000004,0.00698001,0.065693678,94719,328,541,29,4383,32,,,c7c0e92243a77b081e054f1e14914208c8bed1f244147e46f1e699ce8dd8505c,2026-09-23T19:16:45.917104Z
scenario_00,ixa,3.1.0,100000,100,23,8775332,83b4e1da2783f17377cf65d5f9c270629dd633191f581ff139c5b60c5d080e99,500000,10.0,2.0,0.988,0.058006791999999995,0.007627052,0.065633844,94122,371,523,24,4960,28,,,50200a81f217699b7e5ba03bdb6c6b08dfb7f83e873d8698bf5cfa09bd905210,2026-09-23T19:16:46.006342Z
scenario_00,ixa,3.1.0,100000,100,24,8775333,83b4e1da2783f17377cf65d5f9c270629dd633191f581ff139c5b60c5d080e99,500000,10.0,2.0,0.988,0.056927581000000005,0.009082013,0.066009594,93874,380,578,24,5144,35,,,3c4cd71decfe7bb10ce15e992b910bff1d1aec1ec6cbfeecce014e66aaca5877,2026-09-23T19:16:46.092632Z
scenario_00,ixa,3.1.0,100000,100,25,8775334,83b4e1da2783f17377cf65d5f9c270629dd633191f581ff139c5b60c5d080e99,500000,10.0,2.0,0.988,0.05911404399999999,0.008081345,0.067195389,93541,447,635,30,5347,34,,,249484ed3401e3da289f5469ec3b776aad9b469c6b1a4f4aa2490638ad4be39a,2026-09-23T19:16:46.179275Z
scenario_00,ixa,3.1.0,100000,100,26,8775335,83b4e1da2783f17377cf65d5f9c270629dd633191f581ff139c5b60c5d080e99,500000,10.0,2.0,0.988,0.059130627000000005,0.007537344,0.066667971,94199,396,549,20,4836,26,,,d867152d22690249352031157ab9620c589f7d44fb7f108a358c3ac9fa8a235e,2026-09-23T19:16:46.267778Z
scenario_00,ixa,3.1.0,100000,100,27,8775336,83b4e1da2783f17377cf65d5f9c270629dd633191f581ff139c5b60c5d080e99,500000,10.0,2.0,0.988,0.058193541999999994,0.010131306,0.068324848,92915,468,731,42,5844,42,,,dcf6f2848a5c2e147c4b3f42633ddf23c30c426308a01cd1d4ff26876fefa8ff,2026-09-23T19:16:46.357617Z
scenario_00,ixa,3.1.0,100000,100,28,8775337,83b4e1da2783f17377cf65d5f9c270629dd633191f581ff139c5b60c5d080e99,500000,10.0,2.0,0.988,0.057912416,0.007549095,0.065461511,93894,421,654,10,5021,31,,,ebe8151930712e25428f2d056029caf28030b496d6df9017852c7b09c5ec6885,2026-09-23T19:16:46.440295Z
scenario_00,ixa,3.1.0,100000,100,29,8775338,83b4e1da2783f17377cf65d5f9c270629dd633191f581ff139c5b60c5d080e99,500000,10.0,2.0,0.988,0.05720670700000001,0.008819679,0.066026386,94182,409,581,30,4798,30,,,e9068f5dc44ac0c9fdb1a10ec5fcff174ca1cc547e37a21604d12875e1c979a1,2026-09-23T19:16:46.523806Z
scenario_00,ixa,3.1.0,100000,100,30,8775339,83b4e1da2783f17377cf65d5f9c270629dd633191f581ff139c5b60c5d080e99,500000,10.0,2.0,0.988,0.060630712999999996,0.009845264,0.070475977,94078,378,553,21,4970,25,,,183f3965ad5bc806d2082fb3e66f710c6c0f226489b1be90f6771befb91c9f6d,2026-09-23T19:16:46.615495Z
scenario_00,ixa,3.1.0,100000,100,31,8775340,83b4e1da2783f17377cf65d5f9c270629dd633191f581ff139c5b60c5d080e99,500000,10.0,2.0,0.988,0.05817433400000001,0.007390177,0.065564511,94354,343,517,22,4764,29,,,e7c910f4cc84f7d6cec69752315f2a389bfbd94f31195edb95a3b66cbc57ae0d,2026-09-23T19:16:46.703434Z
scenario_00,ixa,3.1.0,100000,100,32,8775341,83b4e1da2783f17377cf65d5f9c270629dd633191f581ff139c5b60c5d080e99,500000,10.0,2.0,0.988,0.056763374,0.007462802,0.064226176,94613,339,531,31,4486,32,,,c26b626eec46c4b1294aaf107e3aae0812e0ae399e43d1e72f8b8098eda70bd1,2026-09-23T19:16:46.786721Z
scenario_00,ixa,3.1.0,100000,100,33,8775342,83b4e1da2783f17377cf65d5f9c270629dd633191f581ff139c5b60c5d080e99,500000,10.0,2.0,0.988,0.058855792999999997,0.009166763,0.068022556,92575,494,795,40,6096,42,,,70d0bf2b39af69a77f09a1f153ae4e2e001784fd9e3db0b16b0210ab4b5ddd31,2026-09-23T19:16:46.872690Z
scenario_00,ixa,3.1.0,100000,100,34,8775343,83b4e1da2783f17377cf65d5f9c270629dd633191f581ff139c5b60c5d080e99,500000,10.0,2.0,0.988,0.059513419,0.008964554,0.068477973,93789,385,614,36,5176,38,,,5c924f33d6164ee96751fa5ef205e7032f5f412ceb44597a2ea18fa3a4aced39,2026-09-23T19:16:46.961890Z
scenario_00,ixa,3.1.0,100000,100,35,8775344,83b4e1da2783f17377cf65d5f9c270629dd633191f581ff139c5b60c5d080e99,500000,10.0,2.0,0.988,0.0578785,0.007770845,0.065649345,94634,334,540,22,4470,24,,,912d5ff24c6d511f0ee5a7e550c8874f3fe36192c0d7e74a08d527517176ca12,2026-09-23T19:16:47.045016Z
scenario_00,ixa,3.1.0,100000,100,36,8775345,83b4e1da2783f17377cf65d5f9c270629dd633191f581ff139c5b60c5d080e99,500000,10.0,2.0,0.988,0.057830957,0.008178012,0.066008969,93482,398,644,33,5443,33,,,7cbd521c9b85209c6bfac304b1919044e731bcad7fc8469a1d0e765c6514ec9c,2026-09-23T19:16:47.129635Z
scenario_00,ixa,3.1.0,100000,100,37,8775346,83b4e1da2783f17377cf65d5f9c270629dd633191f581ff139c5b60c5d080e99,500000,10.0,2.0,0.988,0.058221417000000004,0.008649387,0.066870804,93836,396,634,24,5110,29,,,fcd8d002ece2c48f359bf377eb3e3d5ce2b6e2aa4b7d6f69c3368202e8292a9b,2026-09-23T19:16:47.215791Z
scenario_00,ixa,3.1.0,100000,100,38,8775347,83b4e1da2783f17377cf65d5f9c270629dd633191f581ff139c5b60c5d080e99,500000,10.0,2.0,0.988,0.058338957999999996,0.00770372,0.066042678,94321,321,475,24,4859,24,,,a8f8704b24adf0b9b4f37a7e6973c8b01dd49a5e6e8551d185f4896048afb5f6,2026-09-23T19:16:47.304815Z
scenario_00,ixa,3.1.0,100000,100,39,8775348,83b4e1da2783f17377cf65d5f9c270629dd633191f581ff139c5b60c5d080e99,500000,10.0,2.0,0.988,0.05720883300000001,0.007848636,0.065057469,94154,400,608,18,4820,20,,,cf6dec75e37bb8fa70242f2e2ee5c253e34622aed1f0595653bfd62a0b41afab,2026-09-23T19:16:47.386277Z
scenario_00,ixa,3.1.0,100000,100,40,8775349,83b4e1da2783f17377cf65d5f9c270629dd633191f581ff139c5b60c5d080e99,500000,10.0,2.0,0.988,0.057928707999999995,0.007910261,0.065838969,93799,367,606,26,5202,30,,,7ecfaf2dc94d6e0b1f78211ca0052fc6fa5051f8e1b8aae36fb36e0054a910a6,2026-09-23T19:16:47.471069Z
scenario_00,ixa,3.1.0,100000,100,41,8775350,83b4e1da2783f17377cf65d5f9c270629dd633191f581ff139c5b60c5d080e99,500000,10.0,2.0,0.988,0.058046084,0.01038214,0.068428224,92475,476,739,24,6286,29,,,eb1e9eb9c44c14181985534a5e5f2ba7d96450f085c06a7c724239f4fa6e3781,2026-09-23T19:16:47.558961Z
scenario_00,ixa,3.1.0,100000,100,42,8775351,83b4e1da2783f17377cf65d5f9c270629dd633191f581ff139c5b60c5d080e99,500000,10.0,2.0,0.988,0.057033416,0.007703219,0.064736635,94540,354,549,24,4533,24,,,b6092c067bfd04445db6c2e48476cc0e86c80c3ffaabc3124c340a71ac6bccb8,2026-09-23T19:16:47.646548Z
scenario_00,ixa,3.1.0,100000,100,43,8775352,83b4e1da2783f17377cf65d5f9c270629dd633191f581ff139c5b60c5d080e99,500000,10.0,2.0,0.988,0.057524541000000005,0.008089595,0.065614136,93826,428,615,23,5108,27,,,a770a657c1b9462e6a863c5ad55669401b823b8b21f89e58f2b453f2737fefa2,2026-09-23T19:16:47.731639Z
scenario_00,ixa,3.1.0,100000,100,44,8775353,83b4e1da2783f17377cf65d5f9c270629dd633191f581ff139c5b60c5d080e99,500000,10.0,2.0,0.988,0.057630416,0.007719094,0.06534951,93953,394,637,28,4988,32,,,5d86386fed425e61236fc29459c54d6bec0d34c3a3ff0232ca790aa91780e5e7,2026-09-23T19:16:47.817515Z
scenario_00,ixa,3.1.0,100000,100,45,8775354,83b4e1da2783f17377cf65d5f9c270629dd633191f581ff139c5b60c5d080e99,500000,10.0,2.0,0.988,0.057615456999999995,0.00883718,0.066452637,94125,392,576,22,4885,26,,,5ebc26099c030da438ae2cc365ee70831e65bb4fa083d8d519de3f7e5f5427a5,2026-09-23T19:16:47.902053Z
scenario_00,ixa,3.1.0,100000,100,46,8775355,83b4e1da2783f17377cf65d5f9c270629dd633191f581ff139c5b60c5d080e99,500000,10.0,2.0,0.988,0.055895247,0.007378719,0.063273966,93944,404,590,25,5037,36,,,fae1950cf5521e183596f1c87939bbf1b59c4608cdbc8c5ac45a7447e71af45f,2026-09-23T19:16:47.987314Z
scenario_00,ixa,3.1.0,100000,100,47,8775356,83b4e1da2783f17377cf65d5f9c270629dd633191f581ff139c5b60c5d080e99,500000,10.0,2.0,0.988,0.055878705,0.009559889,0.065438594,93116,415,671,28,5770,41,,,f2f43fcc9cd48193cffe37fd5dd4fa150e6179d87e3063565b4137d800edc138,2026-09-23T19:16:48.072533Z
scenario_00,ixa,3.1.0,100000,100,48,8775357,83b4e1da2783f17377cf65d5f9c270629dd633191f581ff139c5b60c5d080e99,500000,10.0,2.0,0.988,0.057565749000000006,0.007715094,0.065280843,93728,417,712,37,5106,38,,,dba7558ed08f982973148df39132e75371cbb2c2d9cfab6d683fad4f34a90521,2026-09-23T19:16:48.159367Z
scenario_00,ixa,3.1.0,100000,100,49,8775358,83b4e1da2783f17377cf65d5f9c270629dd633191f581ff139c5b60c5d080e99,500000,10.0,2.0,0.988,0.058688291999999996,0.009374264,0.068062556,93075,449,667,28,5781,35,,,350cf80e9c943bfce4bdad7a8147cdabeab06002abe1503838a8c03344b1ed62,2026-09-23T19:16:48.246853Z
scenario_00,ixa,3.1.0,100000,100,50,8775359,83b4e1da2783f17377cf65d5f9c270629dd633191f581ff139c5b60c5d080e99,500000,10.0,2.0,0.988,0.057777248999999996,0.006783302,0.064560551,94584,311,469,14,4622,24,,,3155650823380ae416d833cd4f038910604d199e64fb0660bdfb55513c6991ef,2026-09-23T19:16:48.328723Z
scenario_00,ixa,3.1.0,100000,100,51,8775360,83b4e1da2783f17377cf65d5f9c270629dd633191f581ff139c5b60c5d080e99,500000,10.0,2.0,0.988,0.057815458,0.008136637,0.065952095,93853,408,596,26,5117,30,,,ceec1b002134c4b1e13c51273f8d4a052e6341949e9d90d7cbce997d7875a1b0,2026-09-23T19:16:48.415821Z
scenario_00,ixa,3.1.0,100000,100,52,8775361,83b4e1da2783f17377cf65d5f9c270629dd633191f581ff139c5b60c5d080e99,500000,10.0,2.0,0.988,0.057008915,0.009450097,0.066459012,93860,411,616,20,5093,26,,,7a0a40d65ed08b71fc336630690acfa1dafb0f9a4b3a0d5ccb997e0ffbb501e1,2026-09-23T19:16:48.498934Z
scenario_00,ixa,3.1.0,100000,100,53,8775362,83b4e1da2783f17377cf65d5f9c270629dd633191f581ff139c5b60c5d080e99,500000,10.0,2.0,0.988,0.057874833,0.009522764,0.067397597,92586,456,681,28,6249,32,,,fc9b135a82a83f10b8eb2bc9a4a875dc4f718ec1f9ec105235d8695c08f56965,2026-09-23T19:16:48.584927Z
scenario_00,ixa,3.1.0,100000,100,54,8775363,83b4e1da2783f17377cf65d5f9c270629dd633191f581ff139c5b60c5d080e99,500000,10.0,2.0,0.988,0.062016255000000006,0.008696471,0.070712726,93489,438,681,30,5362,38,,,a94c0ef3312941ece0dbc9f5578d18b9a4303ac85139880122756e0f7d8f6752,2026-09-23T19:16:48.671326Z
scenario_00,ixa,3.1.0,100000,100,55,8775364,83b4e1da2783f17377cf65d5f9c270629dd633191f581ff139c5b60c5d080e99,500000,10.0,2.0,0.988,0.061134337,0.009001472,0.070135809,94514,349,523,22,4592,27,,,c9eebb1bac9ba56529aa94c66985d2c4d26642ce2d424c25422b12c60fbd304b,2026-09-23T19:16:48.759958Z
scenario_00,ixa,3.1.0,100000,100,56,8775365,83b4e1da2783f17377cf65d5f9c270629dd633191f581ff139c5b60c5d080e99,500000,10.0,2.0,0.988,0.058358376000000003,0.008419095,0.066777471,93537,441,711,21,5290,27,,,b8a22294c33241dfff04e66f00862816725e40b181c391ded16d673cfaf8c036,2026-09-23T19:16:48.842941Z
scenario_00,ixa,3.1.0,100000,100,57,8775366,83b4e1da2783f17377cf65d5f9c270629dd633191f581ff139c5b60c5d080e99,500000,10.0,2.0,0.988,0.057825,0.007171385,0.064996385,94707,351,534,26,4382,30,,,9320f4737485b07c810e87600513922dc79ec0ee808864dd01b8df525b912f98,2026-09-23T19:16:48.925153Z
scenario_00,ixa,3.1.0,100000,100,58,8775367,83b4e1da2783f17377cf65d5f9c270629dd633191f581ff139c5b60c5d080e99,500000,10.0,2.0,0.988,0.057605041,0.010013765,0.067618806,92552,456,750,42,6200,42,,,db9ead7192750e77807992124f98e602174cd539d5b2dd2db2cb835507d39e60,2026-09-23T19:16:49.011471Z
scenario_00,ixa,3.1.0,100000,100,59,8775368,83b4e1da2783f17377cf65d5f9c270629dd633191f581ff139c5b60c5d080e99,500000,10.0,2.0,0.988,0.057326957000000005,0.007837428,0.065164385,94747,304,518,25,4406,28,,,ca074c9578ba2c262a95aad2d1e2c2909ba44e25bddb6d3b3c756a8822206305,2026-09-23T19:16:49.098609Z
scenario_00,ixa,3.1.0,100000,100,60,8775369,83b4e1da2783f17377cf65d5f9c270629dd633191f581ff139c5b60c5d080e99,500000,10.0,2.0,0.988,0.058355875,0.007405261,0.065761136,94275,348,556,27,4794,31,,,aebfad3e7434b4d975b9db04f1ffde53cedb16927ca0a87d398780a2757ea942,2026-09-23T19:16:49.180564Z
scenario_00,ixa,3.1.0,100000,100,61,8775370,83b4e1da2783f17377cf65d5f9c270629dd633191f581ff139c5b60c5d080e99,500000,10.0,2.0,0.988,0.06013717,0.008471845,0.068609015,93684,433,640,27,5216,27,,,3443be77f5b23eb38e719a294c2a457ad4ffe13ba02f181402efaeba38c2d0b9,2026-09-23T19:16:49.268893Z
scenario_00,ixa,3.1.0,100000,100,62,8775371,83b4e1da2783f17377cf65d5f9c270629dd633191f581ff139c5b60c5d080e99,500000,10.0,2.0,0.988,0.057278582999999994,0.00874397,0.066022553,93565,435,720,24,5256,32,,,9c65fbc0efc630572a3e4aa8b47df06b3a4e924929f5c63c31572edc4edeb0cf,2026-09-23T19:16:49.355722Z
scenario_00,ixa,3.1.0,100000,100,63,8775372,83b4e1da2783f17377cf65d5f9c270629dd633191f581ff139c5b60c5d080e99,500000,10.0,2.0,0.988,0.057655375,0.007553386,0.065208761,94299,361,577,29,4734,29,,,ef63e15ef60a37e781f2d953e791bf026a0b89dc33ac50c188645f2c76b0dcc0,2026-09-23T19:16:49.445717Z
scenario_00,ixa,3.1.0,100000,100,64,8775373,83b4e1da2783f17377cf65d5f9c270629dd633191f581ff139c5b60c5d080e99,500000,10.0,2.0,0.988,0.064357133,0.009834681,0.074191814,92529,458,777,33,6203,41,,,fe2de2520c4f0973fddcdf4e1cc52b3b31cf256091e3b62af64be600e7c03a50,2026-09-23T19:16:49.542300Z
scenario_00,ixa,3.1.0,100000,100,65,8775374,83b4e1da2783f17377cf65d5f9c270629dd633191f581ff139c5b60c5d080e99,500000,10.0,2.0,0.988,0.058566709999999994,0.012113017,0.070679727,91566,560,867,30,6977,39,,,7abac4ac91cb70d2d5a4f5825ec058eb6e97f397e9b55cd165b2178bf6401afe,2026-09-23T19:16:49.625959Z
scenario_00,ixa,3.1.0,100000,100,66,8775375,83b4e1da2783f17377cf65d5f9c270629dd633191f581ff139c5b60c5d080e99,500000,10.0,2.0,0.988,0.05781449999999999,0.007698094,0.065512594,94049,367,595,28,4961,35,,,84f1a8cb9cc9116e03333e14d25bd4ac13f560b22e403d4a65a98bf880be36b6,2026-09-23T19:16:49.703822Z
scenario_00,ixa,3.1.0,100000,100,67,8775376,83b4e1da2783f17377cf65d5f9c270629dd633191f581ff139c5b60c5d080e99,500000,10.0,2.0,0.988,0.060954463,0.008161136,0.069115599,94305,371,568,15,4741,20,,,09e78be5cb1a60019852c17705b56b8e4187c0bda942de5bb60024253098222b,2026-09-23T19:16:49.790013Z
scenario_00,ixa,3.1.0,100000,100,68,8775377,83b4e1da2783f17377cf65d5f9c270629dd633191f581ff139c5b60c5d080e99,500000,10.0,2.0,0.988,0.065514427,0.009887973,0.0754024,93912,342,572,25,5149,29,,,04898d47f5ae95f3268e2b94341f2ac716925a2967203e738b9f0678fec3be09,2026-09-23T19:16:49.877684Z
scenario_00,ixa,3.1.0,100000,100,69,8775378,83b4e1da2783f17377cf65d5f9c270629dd633191f581ff139c5b60c5d080e99,500000,10.0,2.0,0.988,0.059945003,0.008469512,0.068414515,93698,397,628,27,5250,35,,,c6a05d49b975ae4c43e133e9087166b56209d7d7bc04c5e854b1af8b686817cb,2026-09-23T19:16:49.963535Z
scenario_00,ixa,3.1.0,100000,100,70,8775379,83b4e1da2783f17377cf65d5f9c270629dd633191f581ff139c5b60c5d080e99,500000,10.0,2.0,0.988,0.058506917,0.007752845,0.066259762,94253,379,553,28,4787,32,,,e1ffc4e56f71876282d248f4bf8a6ad5b649df012616049da5512b2e785ea637,2026-09-23T19:16:50.047214Z
scenario_00,ixa,3.1.0,100000,100,71,8775380,83b4e1da2783f17377cf65d5f9c270629dd633191f581ff139c5b60c5d080e99,500000,10.0,2.0,0.988,0.058076917,0.00673001,0.064806927,94829,334,514,19,4304,28,,,d5f6474a0bc104012df8530ea25f21c0e6b76ef507bace39190756ab3cafbac3,2026-09-23T19:16:50.131238Z
scenario_00,ixa,3.1.0,100000,100,72,8775381,83b4e1da2783f17377cf65d5f9c270629dd633191f581ff139c5b60c5d080e99,500000,10.0,2.0,0.988,0.057390415,0.008159137,0.065549552,94164,370,559,20,4887,27,,,77e1616066b0e7f573f8d00b68666e418ee64cc16ac6fe608277fa2f72727b16,2026-09-23T19:16:50.217876Z
scenario_00,ixa,3.1.0,100000,100,73,8775382,83b4e1da2783f17377cf65d5f9c270629dd633191f581ff139c5b60c5d080e99,500000,10.0,2.0,0.988,0.057845625,0.008045386,0.065891011,93735,440,716,38,5071,38,,,79fe0aa7fc35cf518209c5c80aec692c91bd398f450e50d1be24bef84708d645,2026-09-23T19:16:50.301366Z
scenario_00,ixa,3.1.0,100000,100,74,8775383,83b4e1da2783f17377cf65d5f9c270629dd633191f581ff139c5b60c5d080e99,500000,10.0,2.0,0.988,0.057510083000000004,0.006620259,0.064130342,95148,323,497,15,4017,21,,,a0004d7dd3d1b2892bc91075c750eff55e552d710feadf4450c8d0e615589221,2026-09-23T19:16:50.385002Z
scenario_00,ixa,3.1.0,100000,100,75,8775384,83b4e1da2783f17377cf65d5f9c270629dd633191f581ff139c5b60c5d080e99,500000,10.0,2.0,0.988,0.057271916,0.010220056,0.067491972,91965,532,876,45,6582,45,,,3925e8fe24c076c67a30997c622021e85244402fcb0137d279a5dd93750ebee4,2026-09-23T19:16:50.471485Z
scenario_00,ixa,3.1.0,100000,100,76,8775385,83b4e1da2783f17377cf65d5f9c270629dd633191f581ff139c5b60c5d080e99,500000,10.0,2.0,0.988,0.05723762400000001,0.007711511,0.064949135,93994,342,506,34,5124,36,,,4ea2e9d0a0e9558b662087d036136b71a2221fc5be539dcc46288678d14940ea,2026-09-23T19:16:50.554923Z
scenario_00,ixa,3.1.0,100000,100,77,8775386,83b4e1da2783f17377cf65d5f9c270629dd633191f581ff139c5b60c5d080e99,500000,10.0,2.0,0.988,0.057784333,0.008368595,0.066152928,93317,438,710,30,5505,30,,,07295e6980383b059c51d0d6b3cfc7ff5779b0e3b2fedfc005cbd8eacba1c093,2026-09-23T19:16:50.638458Z
scenario_00,ixa,3.1.0,100000,100,78,8775387,83b4e1da2783f17377cf65d5f9c270629dd633191f581ff139c5b60c5d080e99,500000,10.0,2.0,0.988,0.057341040999999995,0.008249595,0.065590636,94067,395,593,32,4913,32,,,04b58fab53ca8af90daa0e0f521c0be9b70615c5a79a762dccad0fb0a833085b,2026-09-23T19:16:50.718922Z
scenario_00,ixa,3.1.0,100000,100,79,8775388,83b4e1da2783f17377cf65d5f9c270629dd633191f581ff139c5b60c5d080e99,500000,10.0,2.0,0.988,0.057459874,0.007352219,0.064812093,94144,410,611,25,4810,28,,,40915915a9cb4a87800cfdb810939fee6846604522895513ae0931554c9ab78a,2026-09-23T19:16:50.803318Z
scenario_00,ixa,3.1.0,100000,100,80,8775389,83b4e1da2783f17377cf65d5f9c270629dd633191f581ff139c5b60c5d080e99,500000,10.0,2.0,0.988,0.058329959,0.008921055,0.067251014,93427,376,612,30,5555,30,,,3116a1f8a2f34b6f03cff37d8a190384d06a18cc4924ba2b38b0c225edf40b2a,2026-09-23T19:16:50.889391Z
scenario_00,ixa,3.1.0,100000,100,81,8775390,83b4e1da2783f17377cf65d5f9c270629dd633191f581ff139c5b60c5d080e99,500000,10.0,2.0,0.988,0.058860584,0.007299511,0.066160095,95100,278,421,12,4189,24,,,c4820689c7e99989c53401a471c9b67a5e63b0dc32db52210624168a99b9e878,2026-09-23T19:16:50.975983Z
scenario_00,ixa,3.1.0,100000,100,82,8775391,83b4e1da2783f17377cf65d5f9c270629dd633191f581ff139c5b60c5d080e99,500000,10.0,2.0,0.988,0.058376251,0.008470678,0.066846929,93648,442,657,26,5227,30,,,ca6fdc2de784374e6207f9f20e8c36c8f7259de1ddb839c4b6e90515624a0f1e,2026-09-23T19:16:51.063405Z
scenario_00,ixa,3.1.0,100000,100,83,8775392,83b4e1da2783f17377cf65d5f9c270629dd633191f581ff139c5b60c5d080e99,500000,10.0,2.0,0.988,0.05664354,0.007869594,0.064513134,93960,398,599,17,5026,28,,,7e84fdc2dc8ed9dd1695db146af31dd5005223f1078ba51bb5f0e06aefaf5603,2026-09-23T19:16:51.149721Z
scenario_00,ixa,3.1.0,100000,100,84,8775393,83b4e1da2783f17377cf65d5f9c270629dd633191f581ff139c5b60c5d080e99,500000,10.0,2.0,0.988,0.058659668000000005,0.006208258,0.064867926,95265,277,436,17,4005,20,,,f6af48598884e6bac7dc42b0aabf082d6598d9f6c876ecdb8968ea12fd979455,2026-09-23T19:16:51.233567Z
scenario_00,ixa,3.1.0,100000,100,85,8775394,83b4e1da2783f17377cf65d5f9c270629dd633191f581ff139c5b60c5d080e99,500000,10.0,2.0,0.988,0.057522166,0.00696001,0.064482176,94533,337,527,23,4580,31,,,517ac4ce44fb9e8ee55ab62d8287d93d0016a5e8ee6ba7c2da355c7b76d3621c,2026-09-23T19:16:51.321520Z
scenario_00,ixa,3.1.0,100000,100,86,8775395,83b4e1da2783f17377cf65d5f9c270629dd633191f581ff139c5b60c5d080e99,500000,10.0,2.0,0.988,0.056911499,0.010005806,0.066917305,92803,451,688,30,6028,31,,,67dd09f53abd54ecd72236c29f7c67d5e96aadeae16b7bf86476c0bad0590ed2,2026-09-23T19:16:51.408629Z
scenario_00,ixa,3.1.0,100000,100,87,8775396,83b4e1da2783f17377cf65d5f9c270629dd633191f581ff139c5b60c5d080e99,500000,10.0,2.0,0.988,0.057929249999999995,0.008518637,0.066447887,93251,424,601,17,5707,30,,,04827625bde7796bec049d447ac53c5f553b6f02726e57cfc7e58c7f0d1f6da4,2026-09-23T19:16:51.494833Z
scenario_00,ixa,3.1.0,100000,100,88,8775397,83b4e1da2783f17377cf65d5f9c270629dd633191f581ff139c5b60c5d080e99,500000,10.0,2.0,0.988,0.058347209,0.007785928,0.066133137,94051,376,563,31,4979,35,,,45aca3d6a317e8b1b2a430055549a2c82f742abf4d74c2f7f8ed97dde9829391,2026-09-23T19:16:51.581440Z
scenario_00,ixa,3.1.0,100000,100,89,8775398,83b4e1da2783f17377cf65d5f9c270629dd633191f581ff139c5b60c5d080e99,500000,10.0,2.0,0.988,0.057748874000000006,0.006859593,0.064608467,94513,393,592,23,4479,28,,,beadcc48d91d383c95815084a7dfbdaf927d56c72c68542e6b8f2961eb26ce24,2026-09-23T19:16:51.664603Z
scenario_00,ixa,3.1.0,100000,100,90,8775399,83b4e1da2783f17377cf65d5f9c270629dd633191f581ff139c5b60c5d080e99,500000,10.0,2.0,0.988,0.063405258,0.008420262,0.07182552,93537,404,644,23,5392,28,,,578f6ff422b9c54b52ce61a54db36dbe84d1670943a6efc934777bd1551f8b50,2026-09-23T19:16:51.755772Z
scenario_00,ixa,3.1.0,100000,100,91,8775400,83b4e1da2783f17377cf65d5f9c270629dd633191f581ff139c5b60c5d080e99,500000,10.0,2.0,0.988,0.057929209,0.008046928,0.065976137,94396,388,614,32,4570,32,,,3c62989e28935b99f557fcb81bfa3661149323bd264632413bc49ee8e2f2b721,2026-09-23T19:16:51.839713Z
scenario_00,ixa,3.1.0,100000,100,92,8775401,83b4e1da2783f17377cf65d5f9c270629dd633191f581ff139c5b60c5d080e99,500000,10.0,2.0,0.988,0.057733082000000005,0.008605638,0.06633872,93654,403,619,20,5304,28,,,4b17e5fdcec72aba4ff5948ec289b2a9afc7cb278ffec708a3c47aa32e20122f,2026-09-23T19:16:51.925566Z
scenario_00,ixa,3.1.0,100000,100,93,8775402,83b4e1da2783f17377cf65d5f9c270629dd633191f581ff139c5b60c5d080e99,500000,10.0,2.0,0.988,0.056787082,0.007699052,0.064486134,93758,419,653,22,5148,25,,,b279271f6851c2420afd3fda9f188bcd6c9273c8890cd8f4901c392f40c24d64,2026-09-23T19:16:52.014236Z
scenario_00,ixa,3.1.0,100000,100,94,8775403,83b4e1da2783f17377cf65d5f9c270629dd633191f581ff139c5b60c5d080e99,500000,10.0,2.0,0.988,0.056349498000000005,0.009488722,0.06583822,93345,418,735,26,5476,32,,,2a213bf76f87fce0f8bf04f58fd844be05fae27091610bde67a6186fc4ab8c71,2026-09-23T19:16:52.098743Z
scenario_00,ixa,3.1.0,100000,100,95,8775404,83b4e1da2783f17377cf65d5f9c270629dd633191f581ff139c5b60c5d080e99,500000,10.0,2.0,0.988,0.057571208,0.007999678,0.065570886,93780,395,625,30,5170,36,,,89669143d995349c2dd58a32b55a34efb6eea4f59a1901393e844b95fb61c40c,2026-09-23T19:16:52.183168Z
scenario_00,ixa,3.1.0,100000,100,96,8775405,83b4e1da2783f17377cf65d5f9c270629dd633191f581ff139c5b60c5d080e99,500000,10.0,2.0,0.988,0.05818437500000001,0.009692889,0.067877264,93570,399,632,36,5363,36,,,3afe0c16a0d677c8a6b036795f2fb195150d88986766b7b224eca7479e5dc247,2026-09-23T19:16:52.269897Z
scenario_00,ixa,3.1.0,100000,100,97,8775406,83b4e1da2783f17377cf65d5f9c270629dd633191f581ff139c5b60c5d080e99,500000,10.0,2.0,0.988,0.0580875,0.007017677,0.065105177,94249,346,593,34,4778,34,,,cdc4dbf88515d0cbecf6a7b4fe64c3fefa0a592d5e9e43c2ad5276d41eb6ad5a,2026-09-23T19:16:52.352384Z
scenario_00,ixa,3.1.0,100000,100,98,8775407,83b4e1da2783f17377cf65d5f9c270629dd633191f581ff139c5b60c5d080e99,500000,10.0,2.0,0.988,0.057460916,0.008925429,0.066386345,92869,485,714,25,5907,40,,,18ff4e9d0d98f8962a13f8766366f3a34feac3af73183768cc3ddaac243abc32,2026-09-23T19:16:52.449070Z
scenario_00,ixa,3.1.0,100000,100,99,8775408,83b4e1da2783f17377cf65d5f9c270629dd633191f581ff139c5b60c5d080e99,500000,10.0,2.0,0.988,0.05879266799999999,0.007182219,0.065974887,94417,344,551,13,4675,28,,,4c669c94e071cebb34f2552a9f0d43ae0f337b27da70718ae247093de74e74db,2026-09-23T19:16:52.537704Z
scenario_00,ixa,3.1.0,100000,100,100,8775409,83b4e1da2783f17377cf65d5f9c270629dd633191f581ff139c5b60c5d080e99,500000,10.0,2.0,0.988,0.058140875,0.009809931,0.067950806,93123,446,704,35,5692,35,,,533671c83226b8c4c0ed991047512dc03855a1497107d3520d60e18eb1cd4972,2026-09-23T19:16:52.631742Z
scenario_01,EoN,1.92,1000,10,1,8675310,7635ee4af91779574edf0c51b32dfc52852948c78f93ddb8b67c2c94252c023d,5000,10.0,2.0,1.0,0.005332153989002109,0.019452328007901087,0.024784481996903196,956,13,12,1,18,1,300,238,892ccd7c6bbb46db8db9b528969d6506e8b48a30031ee770632cdc6178c2baa0,2026-09-23T18:41:52.489540+00:00
scenario_01,EoN,1.92,10000,100,1,8675310,a81eb8a7b4c49dbd245a57ae13561b313c2c060fc6f00249c6dda8fb36336134,50000,10.0,2.0,1.0,0.052424832043470815,0.03475908297696151,0.08718391502043232,8963,6,27,2,1002,13,3000,2400,70e655c6ff2100329198b9ee6b528911d3b7b584cdd8578a548854969f3d4e27,2026-09-23T19:02:23.754772+00:00
scenario_01,EoN,1.92,10000,100,2,8675311,a81eb8a7b4c49dbd245a57ae13561b313c2c060fc6f00249c6dda8fb36336134,50000,10.0,2.0,1.0,0.062091892992611974,0.03377879300387576,0.09587068599648774,9011,7,26,2,954,9,3000,2393,e9ffbc240c1c68190479dc81d04a24f65d67c36ed8bd205ff4b1857a9b42c624,2026-09-23T19:02:24.250801+00:00
scenario_01,EoN,1.92,10000,100,3,8675312,a81eb8a7b4c49dbd245a57ae13561b313c2c060fc6f00249c6dda8fb36336134,50000,10.0,2.0,1.0,0.050856877001933753,0.0348038749943953,0.08566075199632905,8907,12,19,3,1059,9,3000,2386,bf11edb5b1fe55ee5663098eda3bb1542ecd0f83c4e94918a9f90c67cedc590e,2026-09-23T19:02:24.749202+00:00
scenario_01,EoN,1.92,10000,100,4,8675313,a81eb8a7b4c49dbd245a57ae13561b313c2c060fc6f00249c6dda8fb36336134,50000,10.0,2.0,1.0,0.05063204496400431,0.042857022024691105,0.09348906698869541,8725,20,45,1,1209,9,3000,2374,5f4d6e1c16e20f08c753196310d90ff72648299f1424ca910dc71cb956fbd48b,2026-09-23T19:02:25.249016+00:00
scenario_01,EoN,1.92,10000,100,5,8675314,a81eb8a7b4c49dbd245a57ae13561b313c2c060fc6f00249c6dda8fb36336134,50000,10.0,2.0,1.0,0.05343924599583261,0.03510024899151176,0.08853949498734437,8910,8,33,0,1049,9,3000,2418,541bb0c906d29822deba4faf5fb376baa044bea5909099efcc0b3f08f21d7edf,2026-09-23T19:02:25.739886+00:00
scenario_01,EoN,1.92,10000,100,6,8675315,a81eb8a7b4c49dbd245a57ae13561b313c2c060fc6f00249c6dda8fb36336134,50000,10.0,2.0,1.0,0.05045021197292954,0.03600949700921774,0.08645970898214728,9093,6,15,4,882,6,3000,2386,94e52895f23e56660519a41b7a2e81eff60175e599740ec769b3f3c3cfe128c0,2026-09-23T19:02:26.227324+00:00
scenario_01,EoN,1.92,10000,100,7,8675316,a81eb8a7b4c49dbd245a57ae13561b313c2c060fc6f00249c6dda8fb36336134,50000,10.0,2.0,1.0,0.05447182699572295,0.03789861701079644,0.09237044400651939,8789,12,23,0,1176,8,3000,2395,f393119c549c8435fe3d853a482e2fee9dc86c80638c5175c69693da1b32d129,2026-09-23T19:02:26.816088+00:00
scenario_01,EoN,1.92,10000,100,8,8675317,a81eb8a7b4c49dbd245a57ae13561b313c2c060fc6f00249c6dda8fb36336134,50000,10.0,2.0,1.0,0.060259021003730595,0.03711957801715471,0.0973785990208853,8915,8,23,2,1052,6,3000,2401,12da6b054551720847ba5e7929983f787ba99b6ac04e3be0b35a9fba13ee93d0,2026-09-23T19:02:27.359323+00:00
scenario_01,EoN,1.92,10000,100,9,8675318,a81eb8a7b4c49dbd245a57ae13561b313c2c060fc6f00249c6dda8fb36336134,50000,10.0,2.0,1.0,0.05642132196226157,0.03519558202242479,0.09161690398468636,8927,19,34,2,1018,10,3000,2382,d6e59941bd211def426ee15e9c0ebcd758016c5285497ca263149c3ba362cf73,2026-09-23T19:02:27.875564+00:00
scenario_01,EoN,1.92,10000,100,10,8675319,a81eb8a7b4c49dbd245a57ae13561b313c2c060fc6f00249c6dda8fb36336134,50000,10.0,2.0,1.0,0.051810416975058615,0.030909218010492623,0.08271963498555124,9184,1,5,1,809,13,3000,2403,7c30fbf74e8a06b90647eafceed14204e9240431441d543e7f30b6b8e2b4378f,2026-09-23T19:02:28.377686+00:00
scenario_01,EoN,1.92,10000,100,11,8675320,a81eb8a7b4c49dbd245a57ae13561b313c2c060fc6f00249c6dda8fb36336134,50000,10.0,2.0,1.0,0.051195876963902265,0.036054913012776524,0.08725078997667879,8971,13,20,5,991,10,3000,2410,39d0fe2f46efcbeaa4145ddb9fbcbfadef9aba8ca31d8420b7ab02a746f32c85,2026-09-23T19:02:28.875841+00:00
scenario_01,EoN,1.92,10000,100,12,8675321,a81eb8a7b4c49dbd245a57ae13561b313c2c060fc6f00249c6dda8fb36336134,50000,10.0,2.0,1.0,0.0504292530240491,0.03282033797586337,0.08324959099991247,8957,11,16,0,1016,10,3000,2398,4655f884e39a5d181a93432bc38f195de9aba0e327def81579779c8c359aabd8,2026-09-23T19:02:29.361119+00:00
scenario_01,EoN,1.92,10000,100,13,8675322,a81eb8a7b4c49dbd245a57ae13561b313c2c060fc6f00249c6dda8fb36336134,50000,10.0,2.0,1.0,0.04937104700366035,0.03554674799670465,0.084917795000365,8877,11,19,2,1091,12,3000,2387,b2d6978e384005a2372277a660af84495632ed9514694746faff39b6e870fa0d,2026-09-23T19:02:29.845521+00:00
scenario_01,EoN,1.92,10000,100,14,8675323,a81eb8a7b4c49dbd245a57ae13561b313c2c060fc6f00249c6dda8fb36336134,50000,10.0,2.0,1.0,0.04991938002058305,0.035754205979174,0.08567358599975705,8863,18,38,2,1079,10,3000,2360,6f48a11757b3cbd5b0c7eb5e03524b7bd6e81196968d80d0be9281138f4ac468,2026-09-23T19:02:30.341964+00:00
scenario_01,EoN,1.92,10000,100,15,8675324,a81eb8a7b4c49dbd245a57ae13561b313c2c060fc6f00249c6dda8fb36336134,50000,10.0,2.0,1.0,0.05202599902986549,0.03730595199158415,0.08933195102144964,8862,12,18,1,1107,14,3000,2413,e3777bb61b62cf740864a303aaeb235194adddf390de89dc4d8797ab0f8f7ae2,2026-09-23T19:02:30.832835+00:00
scenario_01,EoN,1.92,10000,100,16,8675325,a81eb8a7b4c49dbd245a57ae13561b313c2c060fc6f00249c6dda8fb36336134,50000,10.0,2.0,1.0,0.05158566698082723,0.03959157201461494,0.09117723899544217,8641,19,35,3,1302,10,3000,2365,0feb991d332771a29563407b88c93f3f67567dd61a454920d7ca539e3b0331d4,2026-09-23T19:02:31.321828+00:00
scenario_01,EoN,1.92,10000,100,17,8675326,a81eb8a7b4c49dbd245a57ae13561b313c2c060fc6f00249c6dda8fb36336134,50000,10.0,2.0,1.0,0.05154904199298471,0.03453450099914335,0.08608354299212806,8999,7,13,0,981,12,3000,2424,735aecf6dc01cbb386e1fcbff9041ae45db88aa57a2aed64808b1714c022aa3f,2026-09-23T19:02:31.817953+00:00
scenario_01,EoN,1.92,10000,100,18,8675327,a81eb8a7b4c49dbd245a57ae13561b313c2c060fc6f00249c6dda8fb36336134,50000,10.0,2.0,1.0,0.055723323981510475,0.03844574102549814,0.09416906500700861,8816,12,16,0,1156,10,3000,2383,095fa4c39a8438f9f353e39bde14e72840f4ab1d437af31f054cf4b1da9a5371,2026-09-23T19:02:32.313477+00:00
scenario_01,EoN,1.92,10000,100,19,8675328,a81eb8a7b4c49dbd245a57ae13561b313c2c060fc6f00249c6dda8fb36336134,50000,10.0,2.0,1.0,0.04959413202595897,0.03851911498350091,0.08811324700945988,8728,23,43,3,1203,14,3000,2421,ddf50484828ad1c5adbdcf69fae089bedba3105b5876db17ea88ded88faf1265,2026-09-23T19:02:32.819396+00:00
scenario_01,EoN,1.92,10000,100,20,8675329,a81eb8a7b4c49dbd245a57ae13561b313c2c060fc6f00249c6dda8fb36336134,50000,10.0,2.0,1.0,0.05137591701350175,0.03394954398390837,0.08532546099741012,9005,9,25,0,961,11,3000,2392,f9104ab7f75707aba4f355835c4391e26e22b74bcc5741572477e4936ab0c2ca,2026-09-23T19:02:33.314892+00:00
scenario_01,EoN,1.92,10000,100,21,8675330,a81eb8a7b4c49dbd245a57ae13561b313c2c060fc6f00249c6dda8fb36336134,50000,10.0,2.0,1.0,0.051567458984209225,0.035469248017761856,0.08703670700197108,8911,12,17,3,1057,12,3000,2414,9f57d5d41703ab3909f6b7f3048796d4c9694daa0b124c0a68df0068094bf9e1,2026-09-23T19:02:33.804635+00:00
scenario_01,EoN,1.92,10000,100,22,8675331,a81eb8a7b4c49dbd245a57ae13561b313c2c060fc6f00249c6dda8fb36336134,50000,10.0,2.0,1.0,0.060980353999184445,0.04139227501582354,0.10237262901500799,8875,8,27,3,1087,11,3000,2427,214a37797b0dae849f2684ba94f6fa2b5ee6aafafbdfb1ff77c3c3f5a6bf57c5,2026-09-23T19:02:34.356758+00:00
scenario_01,EoN,1.92,10000,100,23,8675332,a81eb8a7b4c49dbd245a57ae13561b313c2c060fc6f00249c6dda8fb36336134,50000,10.0,2.0,1.0,0.05532261700136587,0.033937375992536545,0.08925999299390242,8982,19,24,1,974,9,3000,2422,f9fb2e1875a36f91084d0df27f5eaeeda86420aa4e1465ba4e42cdc398632b99,2026-09-23T19:02:34.893011+00:00
scenario_01,EoN,1.92,10000,100,24,8675333,a81eb8a7b4c49dbd245a57ae13561b313c2c060fc6f00249c6dda8fb36336134,50000,10.0,2.0,1.0,0.04992292198585346,0.0370735359902028,0.08699645797605626,8743,13,32,0,1212,7,3000,2376,dfa9fd9fc205b69c402925e04a29afc6cf7aea6e3b9fbfb63e8dd7276cecc8c7,2026-09-23T19:02:35.386669+00:00
scenario_01,EoN,1.92,10000,100,25,8675334,a81eb8a7b4c49dbd245a57ae13561b313c2c060fc6f00249c6dda8fb36336134,50000,10.0,2.0,1.0,0.060821061983006075,0.039247072010766715,0.10006813399377279,8762,9,25,1,1203,9,3000,2413,997952e3cdfb23abdf8c86a0ff082f68121ea0f45f5b9bdcc74b9f6f45737b91,2026-09-23T19:02:35.943536+00:00
scenario_01,EoN,1.92,10000,100,26,8675335,a81eb8a7b4c49dbd245a57ae13561b313c2c060fc6f00249c6dda8fb36336134,50000,10.0,2.0,1.0,0.051663209014805034,0.12088137600221671,0.17254458501702175,9045,12,14,2,927,9,3000,2394,ec969d34afd82618f23b203e1de9631dd8bcd9e929194d1dc3af3bf3ff608c7f,2026-09-23T19:02:36.536142+00:00
scenario_01,EoN,1.92,10000,100,27,8675336,a81eb8a7b4c49dbd245a57ae13561b313c2c060fc6f00249c6dda8fb36336134,50000,10.0,2.0,1.0,0.056167572998674586,0.04686684501939453,0.10303441801806912,8488,25,34,2,1451,10,3000,2388,9a4768be301da4eff4ba163f5239cb63e76e9b2c14a61a57e7e7b1a63d9ac273,2026-09-23T19:02:37.163496+00:00
scenario_01,EoN,1.92,10000,100,28,8675337,a81eb8a7b4c49dbd245a57ae13561b313c2c060fc6f00249c6dda8fb36336134,50000,10.0,2.0,1.0,0.06118360298569314,0.035053666011663154,0.0962372689973563,9048,5,11,1,935,11,3000,2400,3ee031a04fc74e158ac53d7a7b2035144a0b1a8d55820877db2760e6db65b5a4,2026-09-23T19:02:37.675656+00:00
scenario_01,EoN,1.92,10000,100,29,8675338,a81eb8a7b4c49dbd245a57ae13561b313c2c060fc6f00249c6dda8fb36336134,50000,10.0,2.0,1.0,0.04922509001335129,0.037417201994685456,0.08664229200803675,8774,18,35,3,1170,12,3000,2403,176dafcb22864c93b8c942203a3b70cb7b0abba7a88fdad13e141697ae9da646,2026-09-23T19:02:38.183298+00:00
scenario_01,EoN,1.92,10000,100,30,8675339,a81eb8a7b4c49dbd245a57ae13561b313c2c060fc6f00249c6dda8fb36336134,50000,10.0,2.0,1.0,0.0529234150017146,0.03276367101352662,0.08568708601524122,9191,8,22,1,778,6,3000,2405,0951ed44e0ae6f4eee9331ab345d61459744527a4b81a049bade16f41f20196e,2026-09-23T19:02:38.671322+00:00
scenario_01,EoN,1.92,10000,100,31,8675340,a81eb8a7b4c49dbd245a57ae13561b313c2c060fc6f00249c6dda8fb36336134,50000,10.0,2.0,1.0,0.06105685301008634,0.037249576998874545,0.09830643000896089,8915,12,20,2,1051,9,3000,2403,b593da61c03a581ff99bb2b96c5f040c6c01b7794e3204c724e73b7591e85617,2026-09-23T19:02:39.292436+00:00
scenario_01,EoN,1.92,10000,100,32,8675341,a81eb8a7b4c49dbd245a57ae13561b313c2c060fc6f00249c6dda8fb36336134,50000,10.0,2.0,1.0,0.06313088900060393,0.043743937014369294,0.10687482601497322,8854,22,31,2,1091,8,3000,2424,ea1f60af60eb85bc236ba2a35b49a78f69ff4d395c6b01de825d5e9bc6a245a0,2026-09-23T19:02:39.864679+00:00
scenario_01,EoN,1.92,10000,100,33,8675342,a81eb8a7b4c49dbd245a57ae13561b313c2c060fc6f00249c6dda8fb36336134,50000,10.0,2.0,1.0,0.05786244402406737,0.045255015982547775,0.10311746000661515,8566,12,27,3,1392,10,3000,2389,ed570576622be1f5f14059456bd9431fce11a673d847732ec8e804f395aa93be,2026-09-23T19:02:40.483759+00:00
scenario_01,EoN,1.92,10000,100,34,8675343,a81eb8a7b4c49dbd245a57ae13561b313c2c060fc6f00249c6dda8fb36336134,50000,10.0,2.0,1.0,0.06191010202746838,0.05160929198609665,0.11351939401356503,8888,5,28,2,1077,9,3000,2404,a96947eec381aae1bb0cd1f88e1aa90d93929df1a719e23ccbbb3bc94675be69,2026-09-23T19:02:41.130821+00:00
scenario_01,EoN,1.92,10000,100,35,8675344,a81eb8a7b4c49dbd245a57ae13561b313c2c060fc6f00249c6dda8fb36336134,50000,10.0,2.0,1.0,0.07230945199262351,0.05076237700995989,0.1230718290025834,8660,18,44,3,1275,8,3000,2438,e5dc4b77f6ac0e226d55fc0f67cb01e283cff1c24d24862af807ce79b2e21eac,2026-09-23T19:02:41.796839+00:00
scenario_01,EoN,1.92,10000,100,36,8675345,a81eb8a7b4c49dbd245a57ae13561b313c2c060fc6f00249c6dda8fb36336134,50000,10.0,2.0,1.0,0.0565322810143698,0.04075811000075191,0.09729039101512171,8747,16,30,3,1204,10,3000,2371,ba2028107bc67821ba85f79a07f0d4a66be804ebf2351e80632a45edb2fec79e,2026-09-23T19:02:42.355476+00:00
scenario_01,EoN,1.92,10000,100,37,8675346,a81eb8a7b4c49dbd245a57ae13561b313c2c060fc6f00249c6dda8fb36336134,50000,10.0,2.0,1.0,0.07414848898770288,0.050610628008143976,0.12475911699584685,8799,10,38,1,1152,10,3000,2432,09cd15bb772b082d41422290fede5381a03a78341fb12a839a8682db443902f4,2026-09-23T19:02:42.945829+00:00
scenario_01,EoN,1.92,10000,100,38,8675347,a81eb8a7b4c49dbd245a57ae13561b313c2c060fc6f00249c6dda8fb36336134,50000,10.0,2.0,1.0,0.057190737017663196,0.0393550309818238,0.096545767999487,8847,13,34,1,1105,16,3000,2424,1d16c9337275e2538f3c06973658b78b0e6f595e4ef11c72e5f56db5a2704c2e,2026-09-23T19:02:43.570740+00:00
scenario_01,EoN,1.92,10000,100,39,8675348,a81eb8a7b4c49dbd245a57ae13561b313c2c060fc6f00249c6dda8fb36336134,50000,10.0,2.0,1.0,0.06227405898971483,0.03883819800103083,0.10111225699074566,8990,16,24,5,965,8,3000,2384,5e9fc9d4139939882fbae3546d89097a3eac3ab0fe11eb6d22bb05fcbce9bb57,2026-09-23T19:02:44.268862+00:00
scenario_01,EoN,1.92,10000,100,40,8675349,a81eb8a7b4c49dbd245a57ae13561b313c2c060fc6f00249c6dda8fb36336134,50000,10.0,2.0,1.0,0.05746490298770368,0.03995432099327445,0.09741922398097813,9065,9,12,1,913,7,3000,2403,42a85aaad42ef0e4552f0dcec57975e012c5afea756021613764eb4d2c11ba10,2026-09-23T19:02:44.845207+00:00
scenario_01,EoN,1.92,10000,100,41,8675350,a81eb8a7b4c49dbd245a57ae13561b313c2c060fc6f00249c6dda8fb36336134,50000,10.0,2.0,1.0,0.05300853803055361,0.029991844989126548,0.08300038301968016,9268,3,14,0,715,9,3000,2406,462a8ed60dc7d76afc04affcabfa7faf9f171072780d2fa301469fd99333eb64,2026-09-23T19:02:45.387798+00:00
scenario_01,EoN,1.92,10000,100,42,8675351,a81eb8a7b4c49dbd245a57ae13561b313c2c060fc6f00249c6dda8fb36336134,50000,10.0,2.0,1.0,0.097319641005015,0.054862410004716367,0.15218205100973137,8776,18,41,0,1165,12,3000,2401,18599bb66a67c1258be0dfb1990af9d8774e1fcbeb59173ef14ac5e9f57eccce,2026-09-23T19:02:46.407654+00:00
scenario_01,EoN,1.92,10000,100,43,8675352,a81eb8a7b4c49dbd245a57ae13561b313c2c060fc6f00249c6dda8fb36336134,50000,10.0,2.0,1.0,0.08295692599494942,0.048978589999023825,0.13193551599397324,8747,9,17,1,1226,10,3000,2370,2db326e81561c2e68c51a3e5244e6d28659c3a22be647dfd8dcb207314edbb83,2026-09-23T19:02:47.401301+00:00
scenario_01,EoN,1.92,10000,100,44,8675353,a81eb8a7b4c49dbd245a57ae13561b313c2c060fc6f00249c6dda8fb36336134,50000,10.0,2.0,1.0,0.08998515701387078,0.2265841219923459,0.3165692790062167,8926,17,17,1,1039,11,3000,2387,a44927a3aea95604b1b64bf20abad093cb846f2decee7a2ab6ba578f5657fe93,2026-09-23T19:02:48.423388+00:00
scenario_01,EoN,1.92,10000,100,45,8675354,a81eb8a7b4c49dbd245a57ae13561b313c2c060fc6f00249c6dda8fb36336134,50000,10.0,2.0,1.0,0.07885143600287847,0.0402489029802382,0.11910033898311667,8815,12,25,1,1147,11,3000,2417,97a38fd3619af762e898842eb7fafe3ed49e9af24cfe22acf2f9a8a0af51617b,2026-09-23T19:02:49.447579+00:00
scenario_01,EoN,1.92,10000,100,46,8675355,a81eb8a7b4c49dbd245a57ae13561b313c2c060fc6f00249c6dda8fb36336134,50000,10.0,2.0,1.0,1.1023863890150096,0.1584464939951431,1.2608328830101527,8795,12,26,2,1165,11,3000,2401,3080c9202d18dc6b22b6c932552735e81194756e7b9d62691f2641d6e39dc6fb,2026-09-23T19:02:51.921248+00:00
scenario_01,EoN,1.92,10000,100,47,8675356,a81eb8a7b4c49dbd245a57ae13561b313c2c060fc6f00249c6dda8fb36336134,50000,10.0,2.0,1.0,0.3055241410038434,0.041510732989991084,0.3470348739938345,8985,9,17,1,988,10,3000,2394,5ccac4365f18645879076505b5ca360728557268aa9ab00cb577f4bc61b37d03,2026-09-23T19:03:12.892539+00:00
scenario_01,EoN,1.92,10000,100,48,8675357,a81eb8a7b4c49dbd245a57ae13561b313c2c060fc6f00249c6dda8fb36336134,50000,10.0,2.0,1.0,0.07210632599890232,0.053798995999386534,0.12590532199828885,8753,13,36,2,1196,10,3000,2407,e4097f7e8546ad20fdb13a4361619fb1d20dcbcdae56511ac0eeb927fbcb9bae,2026-09-23T19:03:14.607973+00:00
scenario_01,EoN,1.92,10000,100,49,8675358,a81eb8a7b4c49dbd245a57ae13561b313c2c060fc6f00249c6dda8fb36336134,50000,10.0,2.0,1.0,0.1521294670237694,0.04874675799510442,0.2008762250188738,8971,11,17,0,1001,10,3000,2371,c9a3acf934a2ad96875253e4df86acb627bf5021dda1039a53fbc0d045a33de3,2026-09-23T19:03:16.052491+00:00
scenario_01,EoN,1.92,10000,100,50,8675359,a81eb8a7b4c49dbd245a57ae13561b313c2c060fc6f00249c6dda8fb36336134,50000,10.0,2.0,1.0,0.08935045200632885,0.04792992598959245,0.1372803779959213,8847,14,34,2,1103,8,3000,2367,0260e80c34bbd8584f9fb3b1017d0538d67bd44ffcd31158e39d1700ffc9ae1c,2026-09-23T19:03:17.017230+00:00
scenario_01,EoN,1.92,10000,100,51,8675360,a81eb8a7b4c49dbd245a57ae13561b313c2c060fc6f00249c6dda8fb36336134,50000,10.0,2.0,1.0,0.06353113896329887,0.04078336001839489,0.10431449898169376,8960,9,15,2,1014,11,3000,2343,8bdfd6be2c4f598b795a9dfd867b54a1708cefcea6accb2a90ee64f0945718fb,2026-09-23T19:03:17.720454+00:00
scenario_01,EoN,1.92,10000,100,52,8675361,a81eb8a7b4c49dbd245a57ae13561b313c2c060fc6f00249c6dda8fb36336134,50000,10.0,2.0,1.0,0.05344262099242769,0.037121536006452516,0.09056415699888021,8975,8,19,1,997,10,3000,2364,c9c9cd1d8edc019acdb7296b9109070e37c968036519a57da5f2b6884aa9ec43,2026-09-23T19:03:18.257023+00:00
scenario_01,EoN,1.92,10000,100,53,8675362,a81eb8a7b4c49dbd245a57ae13561b313c2c060fc6f00249c6dda8fb36336134,50000,10.0,2.0,1.0,0.06670504802605137,0.04930108998087235,0.11600613800692372,8830,11,24,2,1133,12,3000,2387,9830f433a264c40a491910a477177bb0748004088a9cc2947dc127c5b3e4a182,2026-09-23T19:03:18.929784+00:00
scenario_01,EoN,1.92,10000,100,54,8675363,a81eb8a7b4c49dbd245a57ae13561b313c2c060fc6f00249c6dda8fb36336134,50000,10.0,2.0,1.0,0.18463622199487872,0.11288831199635752,0.29752453399123624,8797,25,47,2,1129,9,3000,2406,8943256ffb1ddbfde38025e243dbf96b88de6cc64d58545de9ee1dff027734c5,2026-09-23T19:03:20.012276+00:00
scenario_01,EoN,1.92,10000,100,55,8675364,a81eb8a7b4c49dbd245a57ae13561b313c2c060fc6f00249c6dda8fb36336134,50000,10.0,2.0,1.0,0.05668286298168823,0.03785474301548675,0.09453760599717498,9034,12,24,1,929,15,3000,2401,f8e136c350c8d592bf76fb9ab72d2458984bf91c61ddc1890249bfe447449383,2026-09-23T19:03:20.644799+00:00
scenario_01,EoN,1.92,10000,100,56,8675365,a81eb8a7b4c49dbd245a57ae13561b313c2c060fc6f00249c6dda8fb36336134,50000,10.0,2.0,1.0,0.054078410990769044,0.03826107500935905,0.09233948600012809,8785,19,30,3,1163,9,3000,2375,6cb15b03de5cfbba64b32603de94710ed700be8d15797147496597c7a187fa3a,2026-09-23T19:03:21.193585+00:00
scenario_01,EoN,1.92,10000,100,57,8675366,a81eb8a7b4c49dbd245a57ae13561b313c2c060fc6f00249c6dda8fb36336134,50000,10.0,2.0,1.0,0.0591265250404831,0.042831354978261515,0.10195788001874462,8997,4,9,0,990,10,3000,2401,2c39acc74326f3a8fdcd81abef8e8e1c1107a7513605b913cc1e5a885b10b6f9,2026-09-23T19:03:21.748217+00:00
scenario_01,EoN,1.92,10000,100,58,8675367,a81eb8a7b4c49dbd245a57ae13561b313c2c060fc6f00249c6dda8fb36336134,50000,10.0,2.0,1.0,0.06329355598427355,0.03819807502441108,0.10149163100868464,8845,16,26,2,1111,10,3000,2409,d171b7823edcf7701ae622a93c765993375c2553b393560e7c2f044de8a3cd81,2026-09-23T19:03:22.552967+00:00
scenario_01,EoN,1.92,10000,100,59,8675368,a81eb8a7b4c49dbd245a57ae13561b313c2c060fc6f00249c6dda8fb36336134,50000,10.0,2.0,1.0,0.05509815801633522,0.04101910997997038,0.0961172679963056,8854,9,15,1,1121,9,3000,2437,f7fe40235f48f7bc575a84a1b4e909e34a6f09fc3d27c79ca75d4516ba87e951,2026-09-23T19:03:23.083033+00:00
scenario_01,EoN,1.92,10000,100,60,8675369,a81eb8a7b4c49dbd245a57ae13561b313c2c060fc6f00249c6dda8fb36336134,50000,10.0,2.0,1.0,0.05792306800140068,0.037257243995554745,0.09518031199695542,8984,0,10,1,1005,11,3000,2388,724f2b8430ec3ced17af3477947b207f2601366a1e5ce65246323d88692a2876,2026-09-23T19:03:23.623091+00:00
scenario_01,EoN,1.92,10000,100,61,8675370,a81eb8a7b4c49dbd245a57ae13561b313c2c060fc6f00249c6dda8fb36336134,50000,10.0,2.0,1.0,0.06790992000605911,0.035825914004817605,0.10373583401087672,9062,12,24,1,901,9,3000,2398,7452a7ec3514fbf26f19b1fcb238608bd03265933b8c251a7306e7602c0bfe21,2026-09-23T19:03:24.198265+00:00
scenario_01,EoN,1.92,10000,100,62,8675371,a81eb8a7b4c49dbd245a57ae13561b313c2c060fc6f00249c6dda8fb36336134,50000,10.0,2.0,1.0,0.05421482800738886,0.039751570991938934,0.0939663989993278,8885,14,28,1,1072,11,3000,2415,9c628bee7d104093333f7765572d5dd022c84773fe9f59817f78fc06ff51dc60,2026-09-23T19:03:24.736289+00:00
scenario_01,EoN,1.92,10000,100,63,8675372,a81eb8a7b4c49dbd245a57ae13561b313c2c060fc6f00249c6dda8fb36336134,50000,10.0,2.0,1.0,0.05332753900438547,0.042571063997456804,0.09589860300184228,8564,17,43,1,1375,12,3000,2419,0203c2aef57e2c0f89194d4725fe6b68b7fdfddb2ab5d5b2da458f036d179cb1,2026-09-23T19:03:25.275353+00:00
scenario_01,EoN,1.92,10000,100,64,8675373,a81eb8a7b4c49dbd245a57ae13561b313c2c060fc6f00249c6dda8fb36336134,50000,10.0,2.0,1.0,0.05545511597301811,0.03728895200765692,0.09274406798067503,9002,16,22,1,959,7,3000,2392,f2ed220d3cf76be6e55def9f697f3fdcb01b2bca929fc670d70db5bcfa77918d,2026-09-23T19:03:25.820400+00:00
scenario_01,EoN,1.92,10000,100,65,8675374,a81eb8a7b4c49dbd245a57ae13561b313c2c060fc6f00249c6dda8fb36336134,50000,10.0,2.0,1.0,0.05907635798212141,0.04514693300006911,0.10422329098219052,8655,21,30,3,1291,10,3000,2413,8ec3be96f9f9fd3cfb39847a18f816454a8227834b81484a302d517782feb897,2026-09-23T19:03:26.503956+00:00
scenario_01,EoN,1.92,10000,100,66,8675375,a81eb8a7b4c49dbd245a57ae13561b313c2c060fc6f00249c6dda8fb36336134,50000,10.0,2.0,1.0,0.07458248600596562,0.04514764199848287,0.11973012800444849,8762,20,39,3,1176,9,3000,2402,8f61ff948c48852ce309c92196bc8ebd6aff9377c4eae15f4a3fbe2cce602e06,2026-09-23T19:03:27.230435+00:00
scenario_01,EoN,1.92,10000,100,67,8675376,a81eb8a7b4c49dbd245a57ae13561b313c2c060fc6f00249c6dda8fb36336134,50000,10.0,2.0,1.0,0.05757086200173944,0.04194635699968785,0.09951721900142729,8749,13,31,4,1203,8,3000,2386,e9cb4e16d19ddf9747d5a81f424664bec0a642eceb2eb1727786c554020792be,2026-09-23T19:03:27.842491+00:00
scenario_01,EoN,1.92,10000,100,68,8675377,a81eb8a7b4c49dbd245a57ae13561b313c2c060fc6f00249c6dda8fb36336134,50000,10.0,2.0,1.0,0.057328278984641656,0.038224616000661626,0.09555289498530328,8943,12,39,3,1003,11,3000,2413,c86dcf0cbe6c7e112e522f9d5073eb5448927038fb70dc0a52a066cf9765826a,2026-09-23T19:03:28.403406+00:00
scenario_01,EoN,1.92,10000,100,69,8675378,a81eb8a7b4c49dbd245a57ae13561b313c2c060fc6f00249c6dda8fb36336134,50000,10.0,2.0,1.0,0.05610182401142083,0.04162973299389705,0.09773155700531788,8699,16,24,1,1260,18,3000,2410,c56218e29913efacf64963392fa6fa2108714b59c787746e76dd13de4e09fdcf,2026-09-23T19:03:28.965700+00:00
scenario_01,EoN,1.92,10000,100,70,8675379,a81eb8a7b4c49dbd245a57ae13561b313c2c060fc6f00249c6dda8fb36336134,50000,10.0,2.0,1.0,2.2284687199862674,0.13222593200043775,2.360694651986705,9100,7,15,1,877,9,3000,2363,a94817ffd0a7b7616460b408827362b56a171629036a6880c0610c16452a8a33,2026-09-23T19:03:31.850868+00:00
scenario_01,EoN,1.92,10000,100,71,8675380,a81eb8a7b4c49dbd245a57ae13561b313c2c060fc6f00249c6dda8fb36336134,50000,10.0,2.0,1.0,0.2087396639981307,0.07003895699745044,0.27877862099558115,8811,14,31,4,1140,10,3000,2388,3a366f57a09dc7d462ba66c5569ffe4ea70ca4814bae9baf2892b05a95959086,2026-09-23T19:03:39.558017+00:00
scenario_01,EoN,1.92,10000,100,72,8675381,a81eb8a7b4c49dbd245a57ae13561b313c2c060fc6f00249c6dda8fb36336134,50000,10.0,2.0,1.0,0.21148707301472314,0.08880153700010851,0.30028861001483165,8697,24,38,1,1240,12,3000,2393,6a5976415e1fd980afcc6d3dde2f3a66d7fc4ba20faf6671834e38a58732cb34,2026-09-23T19:03:40.859784+00:00
scenario_01,EoN,1.92,10000,100,73,8675382,a81eb8a7b4c49dbd245a57ae13561b313c2c060fc6f00249c6dda8fb36336134,50000,10.0,2.0,1.0,0.11687401100061834,0.04377931100316346,0.1606533220037818,8767,14,30,1,1188,10,3000,2399,387acd0ef63764338ca94c56d57adee90b91f0bbb151a336603d87c4f1a819b4,2026-09-23T19:03:42.422183+00:00
scenario_01,EoN,1.92,10000,100,74,8675383,a81eb8a7b4c49dbd245a57ae13561b313c2c060fc6f00249c6dda8fb36336134,50000,10.0,2.0,1.0,0.06186085203080438,0.040358443977311254,0.10221929600811563,8868,12,18,0,1102,11,3000,2378,b5f665e7169ab6d92030f3972aeb895232104860736f71ac80e789dbf564194c,2026-09-23T19:03:43.069149+00:00
scenario_01,EoN,1.92,10000,100,75,8675384,a81eb8a7b4c49dbd245a57ae13561b313c2c060fc6f00249c6dda8fb36336134,50000,10.0,2.0,1.0,0.056343696982366964,0.04200410799239762,0.09834780497476459,8740,18,52,2,1188,13,3000,2397,5baa24087081616e449090bc094496898b756e3fffd7194e4c5d63486e816aac,2026-09-23T19:03:43.601585+00:00
scenario_01,EoN,1.92,10000,100,76,8675385,a81eb8a7b4c49dbd245a57ae13561b313c2c060fc6f00249c6dda8fb36336134,50000,10.0,2.0,1.0,0.05518036600551568,0.03332796200993471,0.08850832801545039,9164,10,14,0,812,12,3000,2407,f19d613e5085b897fa7039494b89318c0f54b7c979e5ec132627b5847c6450ae,2026-09-23T19:03:44.129828+00:00
scenario_01,EoN,1.92,10000,100,77,8675386,a81eb8a7b4c49dbd245a57ae13561b313c2c060fc6f00249c6dda8fb36336134,50000,10.0,2.0,1.0,0.052658747998066247,0.037967324984492734,0.09062607298255898,8815,26,42,3,1114,14,3000,2452,91aa90a254c4bf84f57126979e71428b3324bf3a66b0ea9cd0b27be6654ce346,2026-09-23T19:03:44.666567+00:00
scenario_01,EoN,1.92,10000,100,78,8675387,a81eb8a7b4c49dbd245a57ae13561b313c2c060fc6f00249c6dda8fb36336134,50000,10.0,2.0,1.0,0.05161633397801779,0.03792107600020245,0.08953740997822024,8816,16,20,1,1147,10,3000,2421,bd5c2f60eb6aaa3040bf93998e90271d50364325c474aff90c309007c561a5a7,2026-09-23T19:03:45.184790+00:00
scenario_01,EoN,1.92,10000,100,79,8675388,a81eb8a7b4c49dbd245a57ae13561b313c2c060fc6f00249c6dda8fb36336134,50000,10.0,2.0,1.0,0.086336709005991,0.03543054001056589,0.12176724901655689,9273,4,9,0,714,7,3000,2448,cca846c3fcf273bc17f6acd72e881a153fbc577fbd56a1cccb05bbfc2eb7aa40,2026-09-23T19:03:45.779293+00:00
scenario_01,EoN,1.92,10000,100,80,8675389,a81eb8a7b4c49dbd245a57ae13561b313c2c060fc6f00249c6dda8fb36336134,50000,10.0,2.0,1.0,0.05915794099564664,0.07985555799677968,0.13901349899242632,8763,21,33,3,1180,8,3000,2423,c78ef7d9f3bbdc4ff91bd1a2de07208d6e08130f0c49998c86a28ba099da9b42,2026-09-23T19:03:46.451804+00:00
scenario_01,EoN,1.92,10000,100,81,8675390,a81eb8a7b4c49dbd245a57ae13561b313c2c060fc6f00249c6dda8fb36336134,50000,10.0,2.0,1.0,0.0569931119971443,0.041298568015918136,0.09829168001306243,9109,5,13,0,873,10,3000,2380,976077544309f3bde2845a1fe25ee45f74dc158995e6b8f1eabefdb68990b3b0,2026-09-23T19:03:47.091305+00:00
scenario_01,EoN,1.92,10000,100,82,8675391,a81eb8a7b4c49dbd245a57ae13561b313c2c060fc6f00249c6dda8fb36336134,50000,10.0,2.0,1.0,0.05379932900541462,0.039886612008558586,0.0936859410139732,8859,16,35,1,1089,11,3000,2394,a24ac3211d3233c96b12ef36aba84a545fdd287291eda157e2df9748f9831542,2026-09-23T19:03:47.852810+00:00
scenario_01,EoN,1.92,10000,100,83,8675392,a81eb8a7b4c49dbd245a57ae13561b313c2c060fc6f00249c6dda8fb36336134,50000,10.0,2.0,1.0,0.05398337097722106,0.04063965202658437,0.09462302300380543,8676,6,17,1,1300,9,3000,2428,8ff072c2f634c16fd3af5a82b780541cf8fa9d391a97dce8d13e58ee3b999a96,2026-09-23T19:03:48.419047+00:00
scenario_01,EoN,1.92,10000,100,84,8675393,a81eb8a7b4c49dbd245a57ae13561b313c2c060fc6f00249c6dda8fb36336134,50000,10.0,2.0,1.0,0.057031154981814325,0.03900982200866565,0.09604097699047998,8898,12,39,3,1048,7,3000,2397,a22ec6256f26199e10e1b396755c4f42b3cd794fa642ea5dfb850a107ee6d5a0,2026-09-23T19:03:49.020252+00:00
scenario_01,EoN,1.92,10000,100,85,8675394,a81eb8a7b4c49dbd245a57ae13561b313c2c060fc6f00249c6dda8fb36336134,50000,10.0,2.0,1.0,0.05638307202025317,0.03879336497629993,0.0951764369965531,9170,4,6,0,820,9,3000,2430,101d931e16797e164b5a2275c3ad5110ee3d583860175da3e7db9fdec4a6fe0b,2026-09-23T19:03:49.605697+00:00
scenario_01,EoN,1.92,10000,100,86,8675395,a81eb8a7b4c49dbd245a57ae13561b313c2c060fc6f00249c6dda8fb36336134,50000,10.0,2.0,1.0,0.05708269600290805,0.04158723299042322,0.09866992899333127,8753,7,20,1,1219,10,3000,2395,a02793642e246f712caa56afd5c90a9ebf5aaf1c5f33e955815bf8dfa3060bff,2026-09-23T19:03:50.199757+00:00
scenario_01,EoN,1.92,10000,100,87,8675396,a81eb8a7b4c49dbd245a57ae13561b313c2c060fc6f00249c6dda8fb36336134,50000,10.0,2.0,1.0,0.05800556897884235,0.037346785014960915,0.09535235399380326,8955,12,16,0,1017,9,3000,2412,51855efc3377c42dc17151221cf296056f974b352f19c1ccaecf2a18e310307e,2026-09-23T19:03:50.790203+00:00
scenario_01,EoN,1.92,10000,100,88,8675397,a81eb8a7b4c49dbd245a57ae13561b313c2c060fc6f00249c6dda8fb36336134,50000,10.0,2.0,1.0,0.06108339500497095,0.04226777298026718,0.10335116798523813,8751,19,45,1,1184,9,3000,2383,6e3db39723e9ff3f21451136a5d2246623a64da20d645a213fd9fd1ebeb78055,2026-09-23T19:03:51.394794+00:00
scenario_01,EoN,1.92,10000,100,89,8675398,a81eb8a7b4c49dbd245a57ae13561b313c2c060fc6f00249c6dda8fb36336134,50000,10.0,2.0,1.0,0.05787815200164914,0.0442861850024201,0.10216433700406924,9088,11,20,1,880,8,3000,2391,e16cf5472835c198b4e0cc2f21dc69183ddb940b8a65180627bf8539c9b67c9e,2026-09-23T19:03:52.007885+00:00
scenario_01,EoN,1.92,10000,100,90,8675399,a81eb8a7b4c49dbd245a57ae13561b313c2c060fc6f00249c6dda8fb36336134,50000,10.0,2.0,1.0,0.05881781698553823,0.03894519800087437,0.0977630149864126,8983,6,16,1,994,13,3000,2403,55bbf691c62a4d825ec524833b97574d6adf33dcb5656e7499d77bcdadeed88b,2026-09-23T19:03:52.661204+00:00
scenario_01,EoN,1.92,10000,100,91,8675400,a81eb8a7b4c49dbd245a57ae13561b313c2c060fc6f00249c6dda8fb36336134,50000,10.0,2.0,1.0,0.05270079098409042,0.041735399019671604,0.09443619000376202,8753,12,17,2,1216,15,3000,2412,25524709ea19168ecc6d603c3969bf2afccaa51edbb916592985b5b294af78c8,2026-09-23T19:03:53.238899+00:00
scenario_01,EoN,1.92,10000,100,92,8675401,a81eb8a7b4c49dbd245a57ae13561b313c2c060fc6f00249c6dda8fb36336134,50000,10.0,2.0,1.0,0.05805294297169894,0.039624405006179586,0.09767734797787853,8796,25,34,0,1145,9,3000,2423,1f10ac586725537cc4850d15ac1d9ebde1644762a400c50b6266333a7096d53b,2026-09-23T19:03:53.800647+00:00
scenario_01,EoN,1.92,10000,100,93,8675402,a81eb8a7b4c49dbd245a57ae13561b313c2c060fc6f00249c6dda8fb36336134,50000,10.0,2.0,1.0,0.051141543983248994,0.03427516800002195,0.08541671198327094,9099,9,17,1,874,7,3000,2370,22a62d87f486d8109c51433925be7415eccf94b9e226e8e8580a17c7dceee22b,2026-09-23T19:03:54.388578+00:00
scenario_01,EoN,1.92,10000,100,94,8675403,a81eb8a7b4c49dbd245a57ae13561b313c2c060fc6f00249c6dda8fb36336134,50000,10.0,2.0,1.0,0.05905156600056216,0.04120002599665895,0.10025159199722111,8755,18,39,1,1187,13,3000,2382,8fbd761b1c0ea0f620994d89aa50f0b5012f3768a68c802b0529ee92ad0e321a,2026-09-23T19:03:54.909754+00:00
scenario_01,EoN,1.92,10000,100,95,8675404,a81eb8a7b4c49dbd245a57ae13561b313c2c060fc6f00249c6dda8fb36336134,50000,10.0,2.0,1.0,0.05219187500188127,0.03128404900780879,0.08347592400969006,9215,2,13,1,769,8,3000,2402,4c43cb55d7c6331df9f231b5615670485ffa7be5a112582bb4dea2cdc2a1aea6,2026-09-23T19:03:55.422703+00:00
scenario_01,EoN,1.92,10000,100,96,8675405,a81eb8a7b4c49dbd245a57ae13561b313c2c060fc6f00249c6dda8fb36336134,50000,10.0,2.0,1.0,0.050956877996213734,0.03582612200989388,0.08678300000610761,8925,12,29,2,1032,11,3000,2434,0bea143ecceef3f0b27043882f5c6f5cc2c1e451e1d97e6b70bedb062c14def4,2026-09-23T19:03:55.956064+00:00
scenario_01,EoN,1.92,10000,100,97,8675406,a81eb8a7b4c49dbd245a57ae13561b313c2c060fc6f00249c6dda8fb36336134,50000,10.0,2.0,1.0,0.05053508799755946,0.03479974900255911,0.08533483700011857,8973,12,24,1,990,9,3000,2333,aadbe4ac9f7b6e999e6150343d0e0d06b8e4682e1604697b90f7728ab0ccab85,2026-09-23T19:03:56.453636+00:00
scenario_01,EoN,1.92,10000,100,98,8675407,a81eb8a7b4c49dbd245a57ae13561b313c2c060fc6f00249c6dda8fb36336134,50000,10.0,2.0,1.0,0.05205266596749425,0.036908703012159094,0.08896136897965334,8846,15,28,1,1110,11,3000,2391,08ff6d3373a737d1acede104a558cd1cf2d5924b7cfac252338670abf721941c,2026-09-23T19:03:56.970492+00:00
scenario_01,EoN,1.92,10000,100,99,8675408,a81eb8a7b4c49dbd245a57ae13561b313c2c060fc6f00249c6dda8fb36336134,50000,10.0,2.0,1.0,0.05274899804499,0.0389428649796173,0.0916918630246073,8774,22,41,1,1162,8,3000,2413,9efbe034e1328ffa80ae3af2fdd1167074f282d8afd912ebaa93ac104395a89b,2026-09-23T19:03:57.472808+00:00
scenario_01,EoN,1.92,10000,100,100,8675409,a81eb8a7b4c49dbd245a57ae13561b313c2c060fc6f00249c6dda8fb36336134,50000,10.0,2.0,1.0,0.050797419011360034,0.039417863998096436,0.09021528300945647,8698,10,17,1,1274,10,3000,2428,e286b960671771dd1ab315075f922d05380046d1a8dc56b9e32394c4e464f769,2026-09-23T19:03:57.991902+00:00
scenario_01,EoN,1.92,100000,100,1,8775310,83b4e1da2783f17377cf65d5f9c270629dd633191f581ff139c5b60c5d080e99,500000,10.0,2.0,1.0,0.43755167099880055,0.22880736997467466,0.6663590409734752,98647,17,38,2,1296,15,30000,24061,b6eeb339929aabc69aa90e9bf39669ae050c7a1ac21c85b22a61e7c2c8789f90,2026-09-23T19:19:44.293867+00:00
scenario_01,EoN,1.92,100000,100,2,8775311,83b4e1da2783f17377cf65d5f9c270629dd633191f581ff139c5b60c5d080e99,500000,10.0,2.0,1.0,0.4410078839864582,0.23285962600493804,0.6738675099913962,98696,12,38,1,1253,12,30000,24019,a20fbf8e14994e1c695b641b78fb19cd1c1596adb9cd0ca7408f4e46418af674,2026-09-23T19:19:45.469124+00:00
scenario_01,EoN,1.92,100000,100,3,8775312,83b4e1da2783f17377cf65d5f9c270629dd633191f581ff139c5b60c5d080e99,500000,10.0,2.0,1.0,0.43837238001287915,0.2334206679952331,0.6717930480081122,98820,8,21,2,1149,10,30000,24026,6fb34d6d2e56bf496f769184ac3c106fd1708698391aacdf97c61208279a3eb5,2026-09-23T19:19:46.613906+00:00
scenario_01,EoN,1.92,100000,100,4,8775313,83b4e1da2783f17377cf65d5f9c270629dd633191f581ff139c5b60c5d080e99,500000,10.0,2.0,1.0,0.4447592229989823,0.22815582700422965,0.672915050003212,98712,12,20,1,1255,10,30000,23903,43ee2ee201813664df2b546e0bed574a4eb755be0f950439cc86ad4b11c47523,2026-09-23T19:19:47.758230+00:00
scenario_01,EoN,1.92,100000,100,5,8775314,83b4e1da2783f17377cf65d5f9c270629dd633191f581ff139c5b60c5d080e99,500000,10.0,2.0,1.0,0.4543414440122433,0.23241125099593773,0.686752695008181,98728,13,29,6,1224,7,30000,24035,f1d18190bb242f7c1f6b23c673bc490b291d676d34b50b1ff30af68dc846ea0f,2026-09-23T19:19:48.952356+00:00
scenario_01,EoN,1.92,100000,100,6,8775315,83b4e1da2783f17377cf65d5f9c270629dd633191f581ff139c5b60c5d080e99,500000,10.0,2.0,1.0,0.4660321279952768,0.2426721400115639,0.7087042680068407,98575,28,60,3,1334,9,30000,24047,30dbeb301da410e0623e6ec8f58dc3f7e02b46143df343ff5b7f6c2c7b5146c3,2026-09-23T19:19:50.138938+00:00
scenario_01,EoN,1.92,100000,100,7,8775316,83b4e1da2783f17377cf65d5f9c270629dd633191f581ff139c5b60c5d080e99,500000,10.0,2.0,1.0,0.4458030990208499,0.2226798619958572,0.6684829610167071,98723,20,35,3,1219,10,30000,24012,5eaf91891a3a041c9e62150ec11d4239010b4b83633bca1c89bc2deffb7f1bcf,2026-09-23T19:19:51.292727+00:00
scenario_01,EoN,1.92,100000,100,8,8775317,83b4e1da2783f17377cf65d5f9c270629dd633191f581ff139c5b60c5d080e99,500000,10.0,2.0,1.0,0.44209642699570395,0.2292923289933242,0.6713887559890281,98869,19,44,0,1068,10,30000,24072,1932bf64fe498519e36d4218ea980420a6a89adbb736c354dfee367020207728,2026-09-23T19:19:52.436511+00:00
scenario_01,EoN,1.92,100000,100,9,8775318,83b4e1da2783f17377cf65d5f9c270629dd633191f581ff139c5b60c5d080e99,500000,10.0,2.0,1.0,0.46907279899460264,0.226536242000293,0.6956090409948956,98710,26,39,5,1220,12,30000,24021,f21011afdf7bba7c82243ede7f36374a9889df8381845d1aaf5e0c2d39f31320,2026-09-23T19:19:53.621483+00:00
scenario_01,EoN,1.92,100000,100,10,8775319,83b4e1da2783f17377cf65d5f9c270629dd633191f581ff139c5b60c5d080e99,500000,10.0,2.0,1.0,0.441855841956567,0.2230693210149184,0.6649251629714854,98727,16,34,2,1221,11,30000,23981,ceac3212257f7f0b1848a4dff708210d60bbce9b7687ba700275851be63630da,2026-09-23T19:19:54.756019+00:00
scenario_01,EoN,1.92,100000,100,11,8775320,83b4e1da2783f17377cf65d5f9c270629dd633191f581ff139c5b60c5d080e99,500000,10.0,2.0,1.0,0.46211253901128657,0.24472951801726595,0.7068420570285525,98701,30,55,3,1211,8,30000,23942,637a009b7b6b625e937a7d706e9b4e48bef87929652cac61ee5d96fb5b39b36a,2026-09-23T19:19:55.960879+00:00
scenario_01,EoN,1.92,100000,100,12,8775321,83b4e1da2783f17377cf65d5f9c270629dd633191f581ff139c5b60c5d080e99,500000,10.0,2.0,1.0,0.4390770070021972,0.22746049301349558,0.6665375000156928,98713,20,45,1,1221,12,30000,24060,45205d5959c99cbc4ebaeaad78d1421fade418bc59518fb2b84dab5a43a2a6c6,2026-09-23T19:19:57.107178+00:00
scenario_01,EoN,1.92,100000,100,13,8775322,83b4e1da2783f17377cf65d5f9c270629dd633191f581ff139c5b60c5d080e99,500000,10.0,2.0,1.0,0.44669139303732663,0.2341347939800471,0.6808261870173737,98791,20,46,1,1142,9,30000,24013,01143a39a2f930977712f28fd85463cd686c40df7135a0e0dfe6e695dc37df1f,2026-09-23T19:19:58.261217+00:00
scenario_01,EoN,1.92,100000,100,14,8775323,83b4e1da2783f17377cf65d5f9c270629dd633191f581ff139c5b60c5d080e99,500000,10.0,2.0,1.0,0.4471479340281803,0.23330058497958817,0.6804485190077685,98444,39,45,3,1469,14,30000,23912,ea0806fcb8e32f43e9ac35096cd88903cb2c8c8e720cd4168700929e341a4e39,2026-09-23T19:19:59.427892+00:00
scenario_01,EoN,1.92,100000,100,15,8775324,83b4e1da2783f17377cf65d5f9c270629dd633191f581ff139c5b60c5d080e99,500000,10.0,2.0,1.0,0.4605312860221602,0.24795018997974694,0.7084814760019071,98549,18,42,1,1390,9,30000,23905,2e8863a67c3fee757d17d79d375de989fc314ae8a9475eb77b7db31db5171078,2026-09-23T19:20:00.621138+00:00
scenario_01,EoN,1.92,100000,100,16,8775325,83b4e1da2783f17377cf65d5f9c270629dd633191f581ff139c5b60c5d080e99,500000,10.0,2.0,1.0,0.4553541539935395,0.22840436999103986,0.6837585239845794,98838,13,17,3,1129,12,30000,23988,aac90410ecdd35146c54d2f0ff68bae8b0c67fdd0a54ef19bdfce0f040612500,2026-09-23T19:20:01.788985+00:00
scenario_01,EoN,1.92,100000,100,17,8775326,83b4e1da2783f17377cf65d5f9c270629dd633191f581ff139c5b60c5d080e99,500000,10.0,2.0,1.0,0.4386095050140284,0.23512746297637932,0.6737369679904077,98237,43,76,1,1643,12,30000,24095,edbf17efcbd97cfdc2a17622383f389c391c5a0b3be2d468ef76e5e7b027514d,2026-09-23T19:20:02.956803+00:00
scenario_01,EoN,1.92,100000,100,18,8775327,83b4e1da2783f17377cf65d5f9c270629dd633191f581ff139c5b60c5d080e99,500000,10.0,2.0,1.0,0.44597251602681354,0.21902523099561222,0.6649977470224258,98753,20,46,3,1178,9,30000,23960,5bc7b53b41a8e0ec6d6c0ee1befebfbdbc2a5c213aad713ba8fda909eb550a65,2026-09-23T19:20:04.116428+00:00
scenario_01,EoN,1.92,100000,100,19,8775328,83b4e1da2783f17377cf65d5f9c270629dd633191f581ff139c5b60c5d080e99,500000,10.0,2.0,1.0,0.4454941829899326,0.23250704200472683,0.6780012249946594,98588,18,31,0,1363,12,30000,23878,b619f0731ede76fc0caee0bc4684c11f39e5a02d99430de2a3f0d28a42955bf5,2026-09-23T19:20:05.294111+00:00
scenario_01,EoN,1.92,100000,100,20,8775329,83b4e1da2783f17377cf65d5f9c270629dd633191f581ff139c5b60c5d080e99,500000,10.0,2.0,1.0,0.4456057649804279,0.22673161802231334,0.6723373830027413,98863,11,29,5,1092,11,30000,24043,cc6553270ef6bdec9d99d1d09ad01b6bbda07e6b0e6f279c1dd5cbefbf9fe110,2026-09-23T19:20:06.449543+00:00
scenario_01,EoN,1.92,100000,100,21,8775330,83b4e1da2783f17377cf65d5f9c270629dd633191f581ff139c5b60c5d080e99,500000,10.0,2.0,1.0,0.45129952297429554,0.23537333801505156,0.6866728609893471,98186,18,51,1,1744,13,30000,23982,2c6ef9761e404dfc20e4c885ecc2d003819defa1e2c7415927a69087e03af8d1,2026-09-23T19:20:07.618477+00:00
scenario_01,EoN,1.92,100000,100,22,8775331,83b4e1da2783f17377cf65d5f9c270629dd633191f581ff139c5b60c5d080e99,500000,10.0,2.0,1.0,0.4493918960215524,0.22229886098648421,0.6716907570080366,98696,23,37,2,1242,11,30000,24018,bf235a835dd50f50b2af8606ded63fa6e72b3ed20bb30821c924e2ac460dab17,2026-09-23T19:20:08.787101+00:00
scenario_01,EoN,1.92,100000,100,23,8775332,83b4e1da2783f17377cf65d5f9c270629dd633191f581ff139c5b60c5d080e99,500000,10.0,2.0,1.0,0.4434702610305976,0.22457294797641225,0.6680432090070099,98531,23,47,2,1397,11,30000,23845,a87e2d41f9dbad0159434fc79638940a9318fdffae0254d62355c254a2ed2d02,2026-09-23T19:20:09.932558+00:00
scenario_01,EoN,1.92,100000,100,24,8775333,83b4e1da2783f17377cf65d5f9c270629dd633191f581ff139c5b60c5d080e99,500000,10.0,2.0,1.0,0.43054745098925196,0.2320512919977773,0.6625987429870293,98814,11,20,1,1154,14,30000,23957,6587ff260e5ea3dca4a4d4042236b07bdcdb84200b0f6e5aa6301e90067a916e,2026-09-23T19:20:11.070620+00:00
scenario_01,EoN,1.92,100000,100,25,8775334,83b4e1da2783f17377cf65d5f9c270629dd633191f581ff139c5b60c5d080e99,500000,10.0,2.0,1.0,0.4404342159978114,0.22664328399696387,0.6670774999947753,98561,31,55,6,1347,12,30000,24015,8f40625caae1d672256e1ce9e51b294dec64e83f049ae5dc4ec2e06c9fc3779c,2026-09-23T19:20:12.220811+00:00
scenario_01,EoN,1.92,100000,100,26,8775335,83b4e1da2783f17377cf65d5f9c270629dd633191f581ff139c5b60c5d080e99,500000,10.0,2.0,1.0,0.440760090976255,0.22942049702396616,0.6701805880002212,98709,22,53,2,1214,12,30000,23994,c2d3d70b500c2d67bd90fd64ea2ce405c1cb5a7f5e25e980caba79d211cca085,2026-09-23T19:20:13.371138+00:00
scenario_01,EoN,1.92,100000,100,27,8775336,83b4e1da2783f17377cf65d5f9c270629dd633191f581ff139c5b60c5d080e99,500000,10.0,2.0,1.0,0.4508502719691023,0.22116490101325326,0.6720151729823556,99009,16,37,1,937,7,30000,23961,de6e65283958554dfee83f75cd90497d76d755d16cf45172967c8cd7f4e1c8e3,2026-09-23T19:20:14.516966+00:00
scenario_01,EoN,1.92,100000,100,28,8775337,83b4e1da2783f17377cf65d5f9c270629dd633191f581ff139c5b60c5d080e99,500000,10.0,2.0,1.0,0.4477801009779796,0.23483962900354527,0.6826197299815249,98558,20,43,2,1377,9,30000,24066,30e826bf913d61aae2cd2220674aaf3365d68bd9ce43bda1252bcf76714c6eae,2026-09-23T19:20:15.682844+00:00
scenario_01,EoN,1.92,100000,100,29,8775338,83b4e1da2783f17377cf65d5f9c270629dd633191f581ff139c5b60c5d080e99,500000,10.0,2.0,1.0,0.4507089810213074,0.22384861297905445,0.6745575940003619,98799,22,37,2,1140,12,30000,23855,7921ec4065cb8ca733d1bdc017915c10b66390f15cb9a29d1c31c0fb488830f1,2026-09-23T19:20:16.845657+00:00
scenario_01,EoN,1.92,100000,100,30,8775339,83b4e1da2783f17377cf65d5f9c270629dd633191f581ff139c5b60c5d080e99,500000,10.0,2.0,1.0,0.44604664100916125,0.2237203629920259,0.6697670040011872,98734,10,33,2,1221,9,30000,23994,7c5830e4092bc4ff9f0f489d2ccfc45c8e235486dd78ba8e9f14f68942d3f729,2026-09-23T19:20:18.002439+00:00
scenario_01,EoN,1.92,100000,100,31,8775340,83b4e1da2783f17377cf65d5f9c270629dd633191f581ff139c5b60c5d080e99,500000,10.0,2.0,1.0,0.4536089439934585,0.22370619600405917,0.6773151399975177,98756,23,41,3,1177,7,30000,24048,404e757c15f763c2d3610a22f3eaa11c8e519fdc53918f5dda7ef8383a38f5f5,2026-09-23T19:20:19.156181+00:00
scenario_01,EoN,1.92,100000,100,32,8775341,83b4e1da2783f17377cf65d5f9c270629dd633191f581ff139c5b60c5d080e99,500000,10.0,2.0,1.0,0.4361746269860305,0.22396419700817205,0.6601388239942025,98843,15,33,1,1108,8,30000,24096,ad3cfc8e0ffdd51a77d81a0422371e6fb17f0389142fe72004c5aeb0e8d29f7c,2026-09-23T19:20:20.293334+00:00
scenario_01,EoN,1.92,100000,100,33,8775342,83b4e1da2783f17377cf65d5f9c270629dd633191f581ff139c5b60c5d080e99,500000,10.0,2.0,1.0,0.446214722993318,0.22418053101864643,0.6703952540119644,98741,22,40,1,1196,12,30000,24046,cc50dff6164d6769902993941d026ee6169ed1fc2a79e644c81c20aede21174a,2026-09-23T19:20:21.441106+00:00
scenario_01,EoN,1.92,100000,100,34,8775343,83b4e1da2783f17377cf65d5f9c270629dd633191f581ff139c5b60c5d080e99,500000,10.0,2.0,1.0,0.4564402810356114,0.22538807298406027,0.6818283540196717,98716,16,36,2,1230,10,30000,23988,10a451e2640d33a60a3720ec8dd56df6b6a7f65aaa2cbadaffa814ec7117d7bd,2026-09-23T19:20:22.633276+00:00
scenario_01,EoN,1.92,100000,100,35,8775344,83b4e1da2783f17377cf65d5f9c270629dd633191f581ff139c5b60c5d080e99,500000,10.0,2.0,1.0,0.44073125801514834,0.2282191189879086,0.6689503770030569,98478,24,60,6,1432,10,30000,23903,e5cd874341335526d42c95c83f8c40cdb57611e516dc41006cf2333f00e28953,2026-09-23T19:20:23.776157+00:00
scenario_01,EoN,1.92,100000,100,36,8775345,83b4e1da2783f17377cf65d5f9c270629dd633191f581ff139c5b60c5d080e99,500000,10.0,2.0,1.0,0.4348169570148457,0.2217514439835213,0.656568400998367,98798,18,32,1,1151,11,30000,24002,41d158336f38dffb6dbded62d488e0aa4a0f5c267c039ad774761ed741aabca6,2026-09-23T19:20:24.903013+00:00
scenario_01,EoN,1.92,100000,100,37,8775346,83b4e1da2783f17377cf65d5f9c270629dd633191f581ff139c5b60c5d080e99,500000,10.0,2.0,1.0,0.4716455520247109,0.2514704449858982,0.7231159970106091,98307,38,74,0,1581,14,30000,24070,40aa7bed6304b8b932f4bdc5499026a47a4eeb63f64b706304b8ab636555225e,2026-09-23T19:20:26.101231+00:00
scenario_01,EoN,1.92,100000,100,38,8775347,83b4e1da2783f17377cf65d5f9c270629dd633191f581ff139c5b60c5d080e99,500000,10.0,2.0,1.0,0.4744555979850702,0.2283290780032985,0.7027846759883687,98735,19,33,4,1209,11,30000,24019,6e421ee43a52cc81fc388b248e3e4ce2f1bc014f310bd815e8c3d99d7fcea105,2026-09-23T19:20:27.296852+00:00
scenario_01,EoN,1.92,100000,100,39,8775348,83b4e1da2783f17377cf65d5f9c270629dd633191f581ff139c5b60c5d080e99,500000,10.0,2.0,1.0,0.4499891469895374,0.23247800100944005,0.6824671479989775,98663,24,52,4,1257,7,30000,24056,464400a60d1e304bd707016145c455caa4b80857648d2edb0f8636af805d6382,2026-09-23T19:20:28.452500+00:00
scenario_01,EoN,1.92,100000,100,40,8775349,83b4e1da2783f17377cf65d5f9c270629dd633191f581ff139c5b60c5d080e99,500000,10.0,2.0,1.0,0.4469982670270838,0.2292957049794495,0.6762939720065333,98564,26,39,3,1368,10,30000,23954,43ddb443ee7cdd3e03079b3cc7ab855748f5b908c7c73665241f4a225877a726,2026-09-23T19:20:29.642207+00:00
scenario_01,EoN,1.92,100000,100,41,8775350,83b4e1da2783f17377cf65d5f9c270629dd633191f581ff139c5b60c5d080e99,500000,10.0,2.0,1.0,0.43825246300548315,0.2246841559826862,0.6629366189881694,98482,15,43,1,1459,9,30000,23945,44f51c7fca506f58fb0c2e4ed278e1a25e753fe1e7c2a2170e35b71b9ced8963,2026-09-23T19:20:30.786591+00:00
scenario_01,EoN,1.92,100000,100,42,8775351,83b4e1da2783f17377cf65d5f9c270629dd633191f581ff139c5b60c5d080e99,500000,10.0,2.0,1.0,0.43862225499469787,0.22487190601532348,0.6634941610100213,98550,20,44,1,1385,11,30000,23928,b158af3a314a9cdb8bdc9a42b3e66f31806287e3191fbc57185bc21c95b3a0be,2026-09-23T19:20:31.930145+00:00
scenario_01,EoN,1.92,100000,100,43,8775352,83b4e1da2783f17377cf65d5f9c270629dd633191f581ff139c5b60c5d080e99,500000,10.0,2.0,1.0,0.4387082560278941,0.22287177797988988,0.661580034007784,98851,13,24,1,1111,10,30000,24093,c4fdf47fe1a96b4eea5e99df102759152cbf1e731e80a852fe4d4b9c7ace9ef7,2026-09-23T19:20:33.107759+00:00
scenario_01,EoN,1.92,100000,100,44,8775353,83b4e1da2783f17377cf65d5f9c270629dd633191f581ff139c5b60c5d080e99,500000,10.0,2.0,1.0,0.4313820779789239,0.22845895300270058,0.6598410309816245,98360,37,67,5,1531,12,30000,24142,01b2167ededb71b4d582b4d0f0841688754a0b373f91fc00d4a554a45c2b193c,2026-09-23T19:20:34.237497+00:00
scenario_01,EoN,1.92,100000,100,45,8775354,83b4e1da2783f17377cf65d5f9c270629dd633191f581ff139c5b60c5d080e99,500000,10.0,2.0,1.0,0.43078028497984633,0.2263712419953663,0.6571515269752126,98708,17,40,3,1232,11,30000,24010,9f27120e69d2a237ca86f4648c97ca87c229133d66b752c533802a70dc93c169,2026-09-23T19:20:35.357659+00:00
scenario_01,EoN,1.92,100000,100,46,8775355,83b4e1da2783f17377cf65d5f9c270629dd633191f581ff139c5b60c5d080e99,500000,10.0,2.0,1.0,0.4697438839939423,0.22230290199513547,0.6920467859890778,98838,15,21,1,1125,11,30000,24108,2136f5a17f8bd2afcb18e6f18934d54c7ca0043ba8edfef050fbe1445ebd1907,2026-09-23T19:20:36.519272+00:00
scenario_01,EoN,1.92,100000,100,47,8775356,83b4e1da2783f17377cf65d5f9c270629dd633191f581ff139c5b60c5d080e99,500000,10.0,2.0,1.0,0.4432063869899139,0.24245368200354278,0.6856600689934567,98780,18,20,1,1181,9,30000,24002,d48d3c80a44751cd8217a205a0a4702feaa45a1c99464e613adc5d771fd27717,2026-09-23T19:20:37.695583+00:00
scenario_01,EoN,1.92,100000,100,48,8775357,83b4e1da2783f17377cf65d5f9c270629dd633191f581ff139c5b60c5d080e99,500000,10.0,2.0,1.0,0.4538872350240126,0.23593858900130726,0.6898258240253199,98666,17,39,3,1275,10,30000,24125,fa1eb43043d4906946bb8ffe04430a6b0b7505d6ae5bdb1b1893d8c0e9045a5b,2026-09-23T19:20:38.901422+00:00
scenario_01,EoN,1.92,100000,100,49,8775358,83b4e1da2783f17377cf65d5f9c270629dd633191f581ff139c5b60c5d080e99,500000,10.0,2.0,1.0,0.4436438459670171,0.23316858502221294,0.67681243098923,98632,21,47,1,1299,10,30000,24072,2eda5d5ad19b0c339153cab6621cbc838aa904953dfa5ea355ddaf49de5830d9,2026-09-23T19:20:40.073014+00:00
scenario_01,EoN,1.92,100000,100,50,8775359,83b4e1da2783f17377cf65d5f9c270629dd633191f581ff139c5b60c5d080e99,500000,10.0,2.0,1.0,0.4369858360150829,0.22115231800125912,0.658138154016342,98719,30,49,2,1200,10,30000,23992,81450c039acda2a87b799cf447b6ab4765ca16cf9e990d1f26a501ae85aef54b,2026-09-23T19:20:41.230468+00:00
scenario_01,EoN,1.92,100000,100,51,8775360,83b4e1da2783f17377cf65d5f9c270629dd633191f581ff139c5b60c5d080e99,500000,10.0,2.0,1.0,0.44131271698279306,0.22162673500133678,0.6629394519841298,99011,18,24,2,945,8,30000,24037,5563696b47961461e3757347b9b92b69b3e0b64561e3f7244cdc2243f096d828,2026-09-23T19:20:42.367298+00:00
scenario_01,EoN,1.92,100000,100,52,8775361,83b4e1da2783f17377cf65d5f9c270629dd633191f581ff139c5b60c5d080e99,500000,10.0,2.0,1.0,0.4457973490061704,0.22792745201149955,0.67372480101767,98547,35,63,3,1352,8,30000,24044,4c4d8d4ba6675bbf3eb9c8266c833d10400827cfa2bc1f1ddeff25f9befe49d4,2026-09-23T19:20:43.527082+00:00
scenario_01,EoN,1.92,100000,100,53,8775362,83b4e1da2783f17377cf65d5f9c270629dd633191f581ff139c5b60c5d080e99,500000,10.0,2.0,1.0,0.43571566801983863,0.22186285999487154,0.6575785280147102,98686,17,32,2,1263,9,30000,24084,7627523633ae0c53abfe6a41495354ebfbcbdde5affa827352954d5f7b16cad7,2026-09-23T19:20:44.659688+00:00
scenario_01,EoN,1.92,100000,100,54,8775363,83b4e1da2783f17377cf65d5f9c270629dd633191f581ff139c5b60c5d080e99,500000,10.0,2.0,1.0,0.4369111690321006,0.22388527999282815,0.6607964490249287,98827,17,32,1,1123,12,30000,24038,5432ff5ca525680ed8f99367311ff4ee85df4e678fa6a4680b6db945177cf9c1,2026-09-23T19:20:45.793283+00:00
scenario_01,EoN,1.92,100000,100,55,8775364,83b4e1da2783f17377cf65d5f9c270629dd633191f581ff139c5b60c5d080e99,500000,10.0,2.0,1.0,0.45732228201813996,0.23014991398667917,0.6874721960048191,98719,21,47,4,1209,10,30000,24012,0bc9a6ff4ebd187a423090f39c6b672ff0ec795e43515a6b39eb2468dae6e26e,2026-09-23T19:20:46.963414+00:00
scenario_01,EoN,1.92,100000,100,56,8775365,83b4e1da2783f17377cf65d5f9c270629dd633191f581ff139c5b60c5d080e99,500000,10.0,2.0,1.0,0.47259501201915555,0.27961302699986845,0.752208039019024,98651,27,35,2,1285,10,30000,24030,afe556a3656b2f63055ff39de112288a60fbd9c35f876f35de7d58e30537b3b5,2026-09-23T19:20:48.235763+00:00
scenario_01,EoN,1.92,100000,100,57,8775366,83b4e1da2783f17377cf65d5f9c270629dd633191f581ff139c5b60c5d080e99,500000,10.0,2.0,1.0,0.4691422580217477,0.2417683469830081,0.7109106050047558,98729,19,31,0,1221,12,30000,24127,0b59d30c84d06915944f835981360ae224b7b6bed88724d17ea1221ba6168fb8,2026-09-23T19:20:49.501068+00:00
scenario_01,EoN,1.92,100000,100,58,8775367,83b4e1da2783f17377cf65d5f9c270629dd633191f581ff139c5b60c5d080e99,500000,10.0,2.0,1.0,0.47114234301261604,0.2335667939914856,0.7047091370041016,98604,43,55,6,1292,10,30000,24136,770d92cf6f60afd9926c026c762db8c4995c334717c22f7d8d30e5cd8fe9e0ad,2026-09-23T19:20:50.723013+00:00
scenario_01,EoN,1.92,100000,100,59,8775368,83b4e1da2783f17377cf65d5f9c270629dd633191f581ff139c5b60c5d080e99,500000,10.0,2.0,1.0,0.4484909769962542,0.2297740390058607,0.6782650160021149,98810,18,38,0,1134,9,30000,24069,08a305d8af2fd797c1690221412a730b3927e1e8099d0f9034ccd711d475832d,2026-09-23T19:20:51.887071+00:00
scenario_01,EoN,1.92,100000,100,60,8775369,83b4e1da2783f17377cf65d5f9c270629dd633191f581ff139c5b60c5d080e99,500000,10.0,2.0,1.0,0.4422266770270653,0.2293064539844636,0.6715331310115289,98639,21,44,0,1296,11,30000,24019,864b13909963117271e3e0eaacc46059117bbe4b528c1a8e970efaa65655aabe,2026-09-23T19:20:53.052619+00:00
scenario_01,EoN,1.92,100000,100,61,8775370,83b4e1da2783f17377cf65d5f9c270629dd633191f581ff139c5b60c5d080e99,500000,10.0,2.0,1.0,0.4532971099833958,0.22730753500945866,0.6806046449928544,98757,29,48,4,1162,12,30000,23882,a878dda650590a27283f28977317d483b93ca41285e99a77921ed83ab66eef5e,2026-09-23T19:20:54.245685+00:00
scenario_01,EoN,1.92,100000,100,62,8775371,83b4e1da2783f17377cf65d5f9c270629dd633191f581ff139c5b60c5d080e99,500000,10.0,2.0,1.0,0.44947635402786545,0.22659770099562593,0.6760740550234914,98895,19,35,3,1048,11,30000,24030,ebdafd1edce680a1f25b8d31b1fe0bc5e6552bd8513e326cfa63e71183e4bf9f,2026-09-23T19:20:55.407214+00:00
scenario_01,EoN,1.92,100000,100,63,8775372,83b4e1da2783f17377cf65d5f9c270629dd633191f581ff139c5b60c5d080e99,500000,10.0,2.0,1.0,0.4430555939907208,0.23261941800592467,0.6756750119966455,98750,21,32,2,1195,9,30000,24052,e0c7468020c50ed19a992b0a33b9e36f23009176932037b0f63182a1fb117cf9,2026-09-23T19:20:56.551446+00:00
scenario_01,EoN,1.92,100000,100,64,8775373,83b4e1da2783f17377cf65d5f9c270629dd633191f581ff139c5b60c5d080e99,500000,10.0,2.0,1.0,0.44114955101395026,0.23047470601159148,0.6716242570255417,98776,14,36,0,1174,9,30000,23874,b8bbec456e55c2800c1a1ac4494f3a72ff4ffd0fd8e72ff456047710f00dc63b,2026-09-23T19:20:57.698843+00:00
scenario_01,EoN,1.92,100000,100,65,8775374,83b4e1da2783f17377cf65d5f9c270629dd633191f581ff139c5b60c5d080e99,500000,10.0,2.0,1.0,0.4448449720221106,0.24542272798134945,0.69026770000346,98847,19,24,3,1107,9,30000,23981,d032524da46989d1f2cb33ca3af5536a432e081afb50b7f2cc79d4776cb9d197,2026-09-23T19:20:58.869380+00:00
scenario_01,EoN,1.92,100000,100,66,8775375,83b4e1da2783f17377cf65d5f9c270629dd633191f581ff139c5b60c5d080e99,500000,10.0,2.0,1.0,0.45367669299594127,0.22428940600366332,0.6779660989996046,98889,20,30,2,1059,8,30000,24038,10c863af7eecc95d28fde59e3d5f2dd8af048e9527e5eb82fec7e3452f2694b3,2026-09-23T19:21:00.031781+00:00
scenario_01,EoN,1.92,100000,100,67,8775376,83b4e1da2783f17377cf65d5f9c270629dd633191f581ff139c5b60c5d080e99,500000,10.0,2.0,1.0,0.44836380999186076,0.2346877540112473,0.6830515640031081,98851,26,37,5,1081,10,30000,23958,8e874d716797b6dd6545d829ad42a2c384b7134b662630ef3a52f6091b4080f2,2026-09-23T19:21:01.205516+00:00
scenario_01,EoN,1.92,100000,100,68,8775377,83b4e1da2783f17377cf65d5f9c270629dd633191f581ff139c5b60c5d080e99,500000,10.0,2.0,1.0,0.46119049601838924,0.23690925698610954,0.6980997530044988,98715,17,37,1,1230,10,30000,23941,9e4b3f6f407fb18b9fd386e40d8554a960644d229bd97572d46506ab9176f81a,2026-09-23T19:21:02.392135+00:00
scenario_01,EoN,1.92,100000,100,69,8775378,83b4e1da2783f17377cf65d5f9c270629dd633191f581ff139c5b60c5d080e99,500000,10.0,2.0,1.0,0.4670760039880406,0.22844882801291533,0.6955248320009559,98671,11,26,5,1287,7,30000,24083,767dae73e4e14e43d7deecb40c5780304e5117c048d9f58406f3b2b129208589,2026-09-23T19:21:03.592867+00:00
scenario_01,EoN,1.92,100000,100,70,8775379,83b4e1da2783f17377cf65d5f9c270629dd633191f581ff139c5b60c5d080e99,500000,10.0,2.0,1.0,0.4844991549907718,0.23918021799181588,0.7236793729825877,98650,44,60,1,1245,10,30000,24082,1cd5824c695fdcccb607bfabbf61047772c22e0f7c582944acc36218d0cb1aae,2026-09-23T19:21:04.832672+00:00
scenario_01,EoN,1.92,100000,100,71,8775380,83b4e1da2783f17377cf65d5f9c270629dd633191f581ff139c5b60c5d080e99,500000,10.0,2.0,1.0,0.45665669700247236,0.2384133430023212,0.6950700400047936,98177,25,51,1,1746,11,30000,23994,08549bf404e2cefbcd5b848df1827c08899072c5b5443e8bfaa9eec80b0c1d9f,2026-09-23T19:21:06.025630+00:00
scenario_01,EoN,1.92,100000,100,72,8775381,83b4e1da2783f17377cf65d5f9c270629dd633191f581ff139c5b60c5d080e99,500000,10.0,2.0,1.0,0.4449747640173882,0.2276418689871207,0.6726166330045089,98528,38,62,5,1367,10,30000,23948,aee35df44f68a3882f01ecd06a4c0451ae33cd0b9d8664741855dfe070f0487c,2026-09-23T19:21:07.185191+00:00
scenario_01,EoN,1.92,100000,100,73,8775382,83b4e1da2783f17377cf65d5f9c270629dd633191f581ff139c5b60c5d080e99,500000,10.0,2.0,1.0,0.4405218409956433,0.22982653899816796,0.6703483799938112,98618,27,64,5,1286,12,30000,24136,2bddecad97d4eb32193d1b1965e76a27153664f19155a0d07c47ae910cb0c230,2026-09-23T19:21:08.337877+00:00
scenario_01,EoN,1.92,100000,100,74,8775383,83b4e1da2783f17377cf65d5f9c270629dd633191f581ff139c5b60c5d080e99,500000,10.0,2.0,1.0,0.5114036089798901,0.26780288500594907,0.7792064939858392,98570,28,51,2,1349,10,30000,24046,3da319ec77a948effdb778ca2806337b20ed75e9de02f88d888831972d6ce0b8,2026-09-23T19:21:09.599706+00:00
scenario_01,EoN,1.92,100000,100,75,8775384,83b4e1da2783f17377cf65d5f9c270629dd633191f581ff139c5b60c5d080e99,500000,10.0,2.0,1.0,0.44404284699703567,0.22640194999985397,0.6704447969968896,98632,32,44,1,1291,8,30000,24031,f14166e67e9eb50b3b076a5ddd6d927cf485dc976bb84cbfba4c17b3491c4d22,2026-09-23T19:21:10.794792+00:00
scenario_01,EoN,1.92,100000,100,76,8775385,83b4e1da2783f17377cf65d5f9c270629dd633191f581ff139c5b60c5d080e99,500000,10.0,2.0,1.0,0.4405130899976939,0.22748728599981405,0.668000375997508,98613,33,46,2,1306,11,30000,24007,ae825c42bdb2dfb27b76088889ded17b205cd9c819856c2fe0f3c9f9514cabc1,2026-09-23T19:21:11.932436+00:00
scenario_01,EoN,1.92,100000,100,77,8775386,83b4e1da2783f17377cf65d5f9c270629dd633191f581ff139c5b60c5d080e99,500000,10.0,2.0,1.0,0.4451159320306033,0.22444582197931595,0.6695617540099192,98766,21,32,1,1180,9,30000,23953,2cc92280dbbb1b991a39b42ee6341a82beba5008a37c10fdc55247d3f1ced963,2026-09-23T19:21:13.069765+00:00
scenario_01,EoN,1.92,100000,100,78,8775387,83b4e1da2783f17377cf65d5f9c270629dd633191f581ff139c5b60c5d080e99,500000,10.0,2.0,1.0,0.47766068700002506,0.23757084101089276,0.7152315280109178,98950,5,20,2,1023,12,30000,24003,d78ec05bef9fac7a061e3301067401a33d80bf0e51ef82d3e26383cc9f542b91,2026-09-23T19:21:14.280421+00:00
scenario_01,EoN,1.92,100000,100,79,8775388,83b4e1da2783f17377cf65d5f9c270629dd633191f581ff139c5b60c5d080e99,500000,10.0,2.0,1.0,0.4715253440081142,0.24252718201023526,0.7140525260183495,98530,18,37,3,1412,11,30000,23950,afe223756f09d5b31307f19bfcfebb934e3a532718811501b6a9c29e9440e3c9,2026-09-23T19:21:15.513510+00:00
scenario_01,EoN,1.92,100000,100,80,8775389,83b4e1da2783f17377cf65d5f9c270629dd633191f581ff139c5b60c5d080e99,500000,10.0,2.0,1.0,0.4653829190065153,0.24030442800722085,0.7056873470137361,98620,21,56,7,1296,9,30000,23991,62d222708dc41c2b224cdb53efc360c0af2fd53560a429b53e219612f47d80f0,2026-09-23T19:21:16.724347+00:00
scenario_01,EoN,1.92,100000,100,81,8775390,83b4e1da2783f17377cf65d5f9c270629dd633191f581ff139c5b60c5d080e99,500000,10.0,2.0,1.0,0.4654060429893434,0.22329673799686134,0.6887027809862047,98834,16,25,2,1123,11,30000,24084,9bd9b073e803940e68ba7db55484ba1cd1fb0024ca1351f88d6821635b515788,2026-09-23T19:21:17.913416+00:00
scenario_01,EoN,1.92,100000,100,82,8775391,83b4e1da2783f17377cf65d5f9c270629dd633191f581ff139c5b60c5d080e99,500000,10.0,2.0,1.0,0.44723176799016073,0.22226331901038066,0.6694950870005414,98953,23,43,1,980,9,30000,23987,07e23d65170159ff61b5ed82258fdbb57261bdb9903fe383697a938be8feeefd,2026-09-23T19:21:19.057061+00:00
scenario_01,EoN,1.92,100000,100,83,8775392,83b4e1da2783f17377cf65d5f9c270629dd633191f581ff139c5b60c5d080e99,500000,10.0,2.0,1.0,0.4497453130315989,0.24415426797349937,0.6938995810050983,98676,23,45,5,1251,14,30000,23787,db4e61d878840ab87f4381eb6c3df4d69c19265a42234cc7677c82c135edda6f,2026-09-23T19:21:20.235436+00:00
scenario_01,EoN,1.92,100000,100,84,8775393,83b4e1da2783f17377cf65d5f9c270629dd633191f581ff139c5b60c5d080e99,500000,10.0,2.0,1.0,0.4505228979687672,0.22738982600276358,0.6779127239715308,98720,19,37,0,1224,10,30000,24019,28dea1bf61d0bc8bfd05837b9df939eee0ce8615002a4add8cc3ceb2913e4248,2026-09-23T19:21:21.395755+00:00
scenario_01,EoN,1.92,100000,100,85,8775394,83b4e1da2783f17377cf65d5f9c270629dd633191f581ff139c5b60c5d080e99,500000,10.0,2.0,1.0,0.44167934302822687,0.2359708389849402,0.6776501820131671,98263,34,68,7,1628,15,30000,24018,337af3713f6b45cafd13600f36198779f9736c00e2cc1652b24c7bd74460a8bb,2026-09-23T19:21:22.552305+00:00
scenario_01,EoN,1.92,100000,100,86,8775395,83b4e1da2783f17377cf65d5f9c270629dd633191f581ff139c5b60c5d080e99,500000,10.0,2.0,1.0,0.4441711379622575,0.23040724801830947,0.674578385980567,98622,21,51,3,1303,8,30000,24085,96ef309a080c20fab013ced659433b4f5b298559240f2dfdb03eed632daa0dc9,2026-09-23T19:21:23.692363+00:00
scenario_01,EoN,1.92,100000,100,87,8775396,83b4e1da2783f17377cf65d5f9c270629dd633191f581ff139c5b60c5d080e99,500000,10.0,2.0,1.0,0.4673427549714688,0.2457115200231783,0.7130542749946471,98497,24,43,4,1432,11,30000,23951,a9a78609b793c5f39dffc78f8c754e2442d8d0b02f24eba847fd4788d9f34765,2026-09-23T19:21:24.891261+00:00
scenario_01,EoN,1.92,100000,100,88,8775397,83b4e1da2783f17377cf65d5f9c270629dd633191f581ff139c5b60c5d080e99,500000,10.0,2.0,1.0,0.4701230500359088,0.24851931497687474,0.7186423650127836,98815,12,28,2,1143,11,30000,24037,33d8020f1c522780d8e8dda7f41bc4fad4f6fa82608b0b0014ac93d3aeb5b775,2026-09-23T19:21:26.129721+00:00
scenario_01,EoN,1.92,100000,100,89,8775398,83b4e1da2783f17377cf65d5f9c270629dd633191f581ff139c5b60c5d080e99,500000,10.0,2.0,1.0,0.5146326989925001,0.25105436000740156,0.7656870589999016,98757,22,33,2,1186,10,30000,23968,b18b1186a12a276e0bdf3256eaf6cb780a862e5b82cfe8eea46d5ac3fa5243c5,2026-09-23T19:21:27.455680+00:00
scenario_01,EoN,1.92,100000,100,90,8775399,83b4e1da2783f17377cf65d5f9c270629dd633191f581ff139c5b60c5d080e99,500000,10.0,2.0,1.0,0.4564714050211478,0.24457522699958645,0.7010466320207343,98732,32,56,3,1177,9,30000,23983,23ed2f5a4715ffb754c1721e1283575f48c52a08bd6f5d855c35f80e09cafd8e,2026-09-23T19:21:28.687083+00:00
scenario_01,EoN,1.92,100000,100,91,8775400,83b4e1da2783f17377cf65d5f9c270629dd633191f581ff139c5b60c5d080e99,500000,10.0,2.0,1.0,0.43786850399919786,0.2229811949946452,0.660849698993843,98858,14,21,2,1105,9,30000,23916,448e7579c50547cc923c2dbd45e5a9d07ff4792ddeabce6120d6bf2d2c4bbcc7,2026-09-23T19:21:29.833390+00:00
scenario_01,EoN,1.92,100000,100,92,8775401,83b4e1da2783f17377cf65d5f9c270629dd633191f581ff139c5b60c5d080e99,500000,10.0,2.0,1.0,0.4585213260143064,0.23723667400190607,0.6957580000162125,99011,10,18,0,961,13,30000,23968,6204ca961583d048a888c052e4e0dec57f310f547c468946c6bf15fa35f7ed49,2026-09-23T19:21:31.018709+00:00
scenario_01,EoN,1.92,100000,100,93,8775402,83b4e1da2783f17377cf65d5f9c270629dd633191f581ff139c5b60c5d080e99,500000,10.0,2.0,1.0,0.45027210598345846,0.2304921640024986,0.6807642699859571,98731,9,19,1,1240,9,30000,24108,e7bc720fbdf0842b46716b3948584aa35beb4de758b2f3e7b3e4edf54ed18d36,2026-09-23T19:21:32.194928+00:00
scenario_01,EoN,1.92,100000,100,94,8775403,83b4e1da2783f17377cf65d5f9c270629dd633191f581ff139c5b60c5d080e99,500000,10.0,2.0,1.0,0.44326676096534356,0.2269677430158481,0.6702345039811917,98570,25,42,3,1360,10,30000,24009,d2a404a2f89f62bf24d805187d54e0ea24efdb587ee06573188353818e10dfb9,2026-09-23T19:21:33.345388+00:00
scenario_01,EoN,1.92,100000,100,95,8775404,83b4e1da2783f17377cf65d5f9c270629dd633191f581ff139c5b60c5d080e99,500000,10.0,2.0,1.0,0.44316605298081413,0.22978837200207636,0.6729544249828905,98669,32,66,7,1226,12,30000,23929,d3ac404f13fb8dd8cff0576be1333c662001f867edd1272a189ca83c57be2e34,2026-09-23T19:21:34.488964+00:00
scenario_01,EoN,1.92,100000,100,96,8775405,83b4e1da2783f17377cf65d5f9c270629dd633191f581ff139c5b60c5d080e99,500000,10.0,2.0,1.0,0.43502337401150726,0.22111023499746807,0.6561336090089753,98770,23,49,6,1152,8,30000,23949,f360b0ddd6633d07bc5b07fd718a1bf5f00f0fc81799e1126c31f1d0fe6d4c0f,2026-09-23T19:21:35.608520+00:00
scenario_01,EoN,1.92,100000,100,97,8775406,83b4e1da2783f17377cf65d5f9c270629dd633191f581ff139c5b60c5d080e99,500000,10.0,2.0,1.0,0.4691555489844177,0.23600933901616372,0.7051648880005814,98818,20,45,2,1115,9,30000,23903,f3efa2bb5433321288d935213c8109d6cc96216342072d548bb96c01732b88d6,2026-09-23T19:21:36.807735+00:00
scenario_01,EoN,1.92,100000,100,98,8775407,83b4e1da2783f17377cf65d5f9c270629dd633191f581ff139c5b60c5d080e99,500000,10.0,2.0,1.0,0.4506285219977144,0.23531458800425753,0.685943110001972,98589,25,58,2,1326,15,30000,23969,32d3747a3d2790466d8d6591cd8da79de7459854947b24c337f8d21eada32ec7,2026-09-23T19:21:37.975459+00:00
scenario_01,EoN,1.92,100000,100,99,8775408,83b4e1da2783f17377cf65d5f9c270629dd633191f581ff139c5b60c5d080e99,500000,10.0,2.0,1.0,0.43549975100904703,0.2291761619853787,0.6646759129944257,98555,26,59,4,1356,9,30000,24056,377d0471875e2a25a03b3d52afebeb7005123bb1aaa209c8805f9c39a7714f1b,2026-09-23T19:21:39.157321+00:00
scenario_01,EoN,1.92,100000,100,100,8775409,83b4e1da2783f17377cf65d5f9c270629dd633191f581ff139c5b60c5d080e99,500000,10.0,2.0,1.0,0.44650926598114893,0.22848653700202703,0.674995802983176,98566,31,49,6,1348,13,30000,23934,470b85fdd1e53cad64ec91c781394d48efe666f0f88b941a0e953efcea0d803e,2026-09-23T19:21:40.317106+00:00
scenario_01,covasim,3.1.8,1000,10,1,8675310,7635ee4af91779574edf0c51b32dfc52852948c78f93ddb8b67c2c94252c023d,5000,10.0,2.0,1.0,0.06484521896345541,0.009467852010857314,0.07431307097431272,965,16,19,0,0,0,300,238,78769370d99b54ad0e3d366c678a7809e402491c2913a7459dacca6d02721ff5,2026-09-23T18:41:51.799872+00:00
scenario_01,covasim,3.1.8,10000,100,1,8675310,a81eb8a7b4c49dbd245a57ae13561b313c2c060fc6f00249c6dda8fb36336134,50000,10.0,2.0,0.715,0.06032631199923344,0.06423276299028657,0.12455907498952001,8942,11,12,1,1034,12,3000,2400,b8682ab7c00f56eed253411cbdfa144f639f3ffb16a2405e906f1f67e350aecf,2026-09-23T19:00:49.140602+00:00
scenario_01,covasim,3.1.8,10000,100,2,8675311,a81eb8a7b4c49dbd245a57ae13561b313c2c060fc6f00249c6dda8fb36336134,50000,10.0,2.0,0.715,0.0589116069895681,0.06377247199998237,0.12268407898955047,9056,6,9,1,928,9,3000,2393,8b884d5d993a49bc2e07c01fb69a848798ebae7d473b0dbed20351693eaa9fc8,2026-09-23T19:00:49.938614+00:00
scenario_01,covasim,3.1.8,10000,100,3,8675312,a81eb8a7b4c49dbd245a57ae13561b313c2c060fc6f00249c6dda8fb36336134,50000,10.0,2.0,0.715,0.06431138698826544,0.06246530800126493,0.12677669498953037,8979,11,13,1,996,11,3000,2386,486918084158cb10d120f8b68309bf8cfc797a6632a292de1d9aa66080d1a0ec,2026-09-23T19:00:50.755095+00:00
scenario_01,covasim,3.1.8,10000,100,4,8675313,a81eb8a7b4c49dbd245a57ae13561b313c2c060fc6f00249c6dda8fb36336134,50000,10.0,2.0,0.715,0.057724027981748804,0.06408971999189816,0.12181374797364697,8812,17,27,2,1142,10,3000,2374,5f6b54381b60f79821fb3f8aa3f7ab9883150451946f269a87fc02726979674c,2026-09-23T19:00:51.533713+00:00
scenario_01,covasim,3.1.8,10000,100,5,8675314,a81eb8a7b4c49dbd245a57ae13561b313c2c060fc6f00249c6dda8fb36336134,50000,10.0,2.0,0.715,0.05623553102486767,0.06252451697946526,0.11876004800433293,8797,18,45,1,1139,11,3000,2418,a788b726952fe8df948152c3d60f0a7c95df86e51716e555de9086b9db2492ea,2026-09-23T19:00:52.306802+00:00
scenario_01,covasim,3.1.8,10000,100,6,8675315,a81eb8a7b4c49dbd245a57ae13561b313c2c060fc6f00249c6dda8fb36336134,50000,10.0,2.0,0.715,0.05567499200697057,0.062323641002876684,0.11799863300984725,8829,9,18,0,1144,14,3000,2386,65710e56fadf399908b13e10cab7d99c78b58e22792592cf8b2e9f73ad118087,2026-09-23T19:00:53.065437+00:00
scenario_01,covasim,3.1.8,10000,100,7,8675316,a81eb8a7b4c49dbd245a57ae13561b313c2c060fc6f00249c6dda8fb36336134,50000,10.0,2.0,0.715,0.05561286601005122,0.061793892993591726,0.11740675900364295,8841,7,18,2,1132,11,3000,2395,7459f81d99911ffe55c6ce153f700cf70170e8c34f1de0b1bbc6758bcfd60882,2026-09-23T19:00:53.841620+00:00
scenario_01,covasim,3.1.8,10000,100,8,8675317,a81eb8a7b4c49dbd245a57ae13561b313c2c060fc6f00249c6dda8fb36336134,50000,10.0,2.0,0.715,0.056672071979846805,0.060323104000417516,0.11699517598026432,9265,4,9,1,721,8,3000,2401,b902beafeb9daaadb2fde86694b7a3861f6a024da591782e7e71a4c340efc598,2026-09-23T19:00:54.599218+00:00
scenario_01,covasim,3.1.8,10000,100,9,8675318,a81eb8a7b4c49dbd245a57ae13561b313c2c060fc6f00249c6dda8fb36336134,50000,10.0,2.0,0.715,0.05866331700235605,0.07268944999668747,0.13135276699904352,8943,12,20,2,1023,9,3000,2382,93ff2dd27f28a1bc1325194d7d7ee93745f8c3aff94ff5939646d150493a6a1b,2026-09-23T19:00:55.375113+00:00
scenario_01,covasim,3.1.8,10000,100,10,8675319,a81eb8a7b4c49dbd245a57ae13561b313c2c060fc6f00249c6dda8fb36336134,50000,10.0,2.0,0.715,0.05491336801787838,0.06292830698657781,0.11784167500445619,8958,10,19,1,1012,11,3000,2403,87b9f782732c64a5d91093cdc1003974735d05565428ea64ad6349f34ab32258,2026-09-23T19:00:56.213551+00:00
scenario_01,covasim,3.1.8,10000,100,11,8675320,a81eb8a7b4c49dbd245a57ae13561b313c2c060fc6f00249c6dda8fb36336134,50000,10.0,2.0,0.715,0.05526428300072439,0.06314793199999258,0.11841221500071697,8863,18,28,3,1088,11,3000,2410,47f2e4945c082b4418b9287dc99cee2fa4022358efd93ee3d3c5810de267d339,2026-09-23T19:00:57.012588+00:00
scenario_01,covasim,3.1.8,10000,100,12,8675321,a81eb8a7b4c49dbd245a57ae13561b313c2c060fc6f00249c6dda8fb36336134,50000,10.0,2.0,0.715,0.05615144901094027,0.06179680899367668,0.11794825800461695,9017,0,10,1,972,9,3000,2398,f3f231a6534bafcf8dec6b53da385b94cfccd87f423fe9bdc75ec27fbee1fffd,2026-09-23T19:00:57.819147+00:00
scenario_01,covasim,3.1.8,10000,100,13,8675322,a81eb8a7b4c49dbd245a57ae13561b313c2c060fc6f00249c6dda8fb36336134,50000,10.0,2.0,0.715,0.059276648971717805,0.06614009101758711,0.12541673998930492,8803,12,25,1,1159,12,3000,2387,4b77f3b72ba01c136c97e98bb946ecb73352638c58d5fdd8a354083e3ad129ae,2026-09-23T19:00:58.612180+00:00
scenario_01,covasim,3.1.8,10000,100,14,8675323,a81eb8a7b4c49dbd245a57ae13561b313c2c060fc6f00249c6dda8fb36336134,50000,10.0,2.0,0.715,0.059632565011270344,0.06614138299482875,0.1257739480060991,9023,1,5,1,970,11,3000,2360,28944e53a244ed53e4c796157a327587c36aca09408bd996d548484e95e9c886,2026-09-23T19:00:59.459147+00:00
scenario_01,covasim,3.1.8,10000,100,15,8675324,a81eb8a7b4c49dbd245a57ae13561b313c2c060fc6f00249c6dda8fb36336134,50000,10.0,2.0,0.715,0.06902941700536758,0.06903375100228004,0.13806316800764762,8912,10,21,2,1055,13,3000,2413,f984b48b95c388c99c377f15c88e0f8ff8d28f91ea65c040c31a8e6aaec7135c,2026-09-23T19:01:00.370407+00:00
scenario_01,covasim,3.1.8,10000,100,16,8675325,a81eb8a7b4c49dbd245a57ae13561b313c2c060fc6f00249c6dda8fb36336134,50000,10.0,2.0,0.715,0.0777238119917456,0.08048401499399915,0.15820782698574476,8682,11,23,4,1280,15,3000,2365,eef1f4a3e0ab3beabf59ef05498bd9e238eb00ff07e861f9e28243a10273c1ba,2026-09-23T19:01:01.716358+00:00
scenario_01,covasim,3.1.8,10000,100,17,8675326,a81eb8a7b4c49dbd245a57ae13561b313c2c060fc6f00249c6dda8fb36336134,50000,10.0,2.0,0.715,0.05801815100130625,0.061580644018249586,0.11959879501955584,8975,7,16,1,1001,15,3000,2424,10a68d39287236cdacc8d90fc12e615fb4c274e4a95746adab0866b18c56c1e8,2026-09-23T19:01:02.641866+00:00
scenario_01,covasim,3.1.8,10000,100,18,8675327,a81eb8a7b4c49dbd245a57ae13561b313c2c060fc6f00249c6dda8fb36336134,50000,10.0,2.0,0.715,0.05819923599483445,0.061459560005459934,0.11965879600029439,9048,11,15,1,925,13,3000,2383,53766012115f786efe4097467180c14489c702b13784a10618f17524010555d8,2026-09-23T19:01:03.472178+00:00
scenario_01,covasim,3.1.8,10000,100,19,8675328,a81eb8a7b4c49dbd245a57ae13561b313c2c060fc6f00249c6dda8fb36336134,50000,10.0,2.0,0.715,0.06924087498919107,0.06624417399871163,0.1354850489879027,9039,5,10,0,946,11,3000,2421,2d075472dafa0af5679d1b2d666984a09fe455f7767df001e1e76eafe8ca71f6,2026-09-23T19:01:04.341961+00:00
scenario_01,covasim,3.1.8,10000,100,20,8675329,a81eb8a7b4c49dbd245a57ae13561b313c2c060fc6f00249c6dda8fb36336134,50000,10.0,2.0,0.715,0.06005002197343856,0.06756096202298068,0.12761098399641924,9010,14,27,0,949,9,3000,2392,91f00c3fe7219436d52d992354b8cf02c651b1f9248e0e958298f2b2c8bb6467,2026-09-23T19:01:05.217376+00:00
scenario_01,covasim,3.1.8,10000,100,21,8675330,a81eb8a7b4c49dbd245a57ae13561b313c2c060fc6f00249c6dda8fb36336134,50000,10.0,2.0,0.715,0.06647738098399714,0.07861031100037508,0.1450876919843722,9040,6,24,1,929,11,3000,2414,1827953f7fa146ec6d5454d05c89c11dd43c255f1ff7c80ea876fd578351a92d,2026-09-23T19:01:06.117702+00:00
scenario_01,covasim,3.1.8,10000,100,22,8675331,a81eb8a7b4c49dbd245a57ae13561b313c2c060fc6f00249c6dda8fb36336134,50000,10.0,2.0,0.715,0.05930144101148471,0.0711256199865602,0.1304270609980449,8863,5,21,0,1111,15,3000,2427,a6f72197faa65f9918a75b1c66bc2fe3df98aa80e559341d44cc3118f43afd6a,2026-09-23T19:01:07.078109+00:00
scenario_01,covasim,3.1.8,10000,100,23,8675332,a81eb8a7b4c49dbd245a57ae13561b313c2c060fc6f00249c6dda8fb36336134,50000,10.0,2.0,0.715,0.0557676580210682,0.06275205698329955,0.11851971500436775,9044,18,16,4,918,8,3000,2422,ec92bbb64a6537e523dd01964bbec989b4308ca81379fcb3e706302359075e27,2026-09-23T19:01:07.876457+00:00
scenario_01,covasim,3.1.8,10000,100,24,8675333,a81eb8a7b4c49dbd245a57ae13561b313c2c060fc6f00249c6dda8fb36336134,50000,10.0,2.0,0.715,0.0570775700325612,0.06499801098834723,0.12207558102090843,8875,7,18,0,1100,13,3000,2376,b7e879234ee167df8d69440a8b3c43ddf161a3ec19ba516df7965d0b9e436f82,2026-09-23T19:01:08.644789+00:00
scenario_01,covasim,3.1.8,10000,100,25,8675334,a81eb8a7b4c49dbd245a57ae13561b313c2c060fc6f00249c6dda8fb36336134,50000,10.0,2.0,0.715,0.0585095259884838,0.06500246800715104,0.12351199399563484,8925,11,16,0,1048,11,3000,2413,2a2218290279ebfefeae84d21759886435438468bd4a8fda82597d378fd2d986,2026-09-23T19:01:09.468059+00:00
scenario_01,covasim,3.1.8,10000,100,26,8675335,a81eb8a7b4c49dbd245a57ae13561b313c2c060fc6f00249c6dda8fb36336134,50000,10.0,2.0,0.715,0.06201276803039946,0.0658259239862673,0.12783869201666676,8975,2,8,1,1014,14,3000,2394,04434c2c5d22d69a6041b6cff8c9db8efbb9fa4c0c193a44ccf6fbd078389df1,2026-09-23T19:01:10.309457+00:00
scenario_01,covasim,3.1.8,10000,100,27,8675336,a81eb8a7b4c49dbd245a57ae13561b313c2c060fc6f00249c6dda8fb36336134,50000,10.0,2.0,0.715,0.058445651025976986,0.06234397497610189,0.12078962600207888,8909,4,18,0,1069,9,3000,2388,cbd7d63ff3a230d33f53d853474969143b3edbc2530722986bd39439858b3c49,2026-09-23T19:01:11.096505+00:00
scenario_01,covasim,3.1.8,10000,100,28,8675337,a81eb8a7b4c49dbd245a57ae13561b313c2c060fc6f00249c6dda8fb36336134,50000,10.0,2.0,0.715,0.062297266005771235,0.06408013799227774,0.12637740399804898,9011,5,9,0,975,8,3000,2400,c3896b681dfdd212cbccfc1f95f59b2c915d4593a5390778e6bd6830e5e39d3e,2026-09-23T19:01:11.952087+00:00
scenario_01,covasim,3.1.8,10000,100,29,8675338,a81eb8a7b4c49dbd245a57ae13561b313c2c060fc6f00249c6dda8fb36336134,50000,10.0,2.0,0.715,0.05617123900447041,0.061585935996845365,0.11775717500131577,9207,2,8,0,783,11,3000,2403,f0ec6cec408e6fd9cbbeb353d118a84f70c68eccb6a16c14bd618b487d5484b4,2026-09-23T19:01:12.755402+00:00
scenario_01,covasim,3.1.8,10000,100,30,8675339,a81eb8a7b4c49dbd245a57ae13561b313c2c060fc6f00249c6dda8fb36336134,50000,10.0,2.0,0.715,0.05622228200081736,0.06198476700228639,0.11820704900310375,8991,6,7,1,995,13,3000,2405,35aadda74966254a4def1db4cd99c6f3fd8884db5a74f917751178a41c0c3f0f,2026-09-23T19:01:13.512278+00:00
scenario_01,covasim,3.1.8,10000,100,31,8675340,a81eb8a7b4c49dbd245a57ae13561b313c2c060fc6f00249c6dda8fb36336134,50000,10.0,2.0,0.715,0.05935123297967948,0.06515771799604408,0.12450895097572356,8988,8,10,0,994,15,3000,2403,22dfad572ac4327a5da585d1f7e46b670c9c82d5233db2cafaf7a93e9a9fa049,2026-09-23T19:01:14.316382+00:00
scenario_01,covasim,3.1.8,10000,100,32,8675341,a81eb8a7b4c49dbd245a57ae13561b313c2c060fc6f00249c6dda8fb36336134,50000,10.0,2.0,0.715,0.06784983701072633,0.0717691189784091,0.13961895598913543,8932,8,13,0,1047,8,3000,2424,894ed2b9fb6db7bd0eb90eb7fad5812dc70831cc15d3d9832fb6a8b64b3bf86e,2026-09-23T19:01:15.211647+00:00
scenario_01,covasim,3.1.8,10000,100,33,8675342,a81eb8a7b4c49dbd245a57ae13561b313c2c060fc6f00249c6dda8fb36336134,50000,10.0,2.0,0.715,0.05988768901443109,0.06549850897863507,0.12538619799306616,9008,4,5,1,982,10,3000,2389,e453fcd60daad67616e797cca12dbda5b5375430401c0c2b6fd0308aa7424cea,2026-09-23T19:01:16.076657+00:00
scenario_01,covasim,3.1.8,10000,100,34,8675343,a81eb8a7b4c49dbd245a57ae13561b313c2c060fc6f00249c6dda8fb36336134,50000,10.0,2.0,0.715,0.08597991900751367,0.08232959298766218,0.16830951199517585,8966,11,12,0,1011,9,3000,2404,d2487195f2ef88a3a717f77fe06d85f1cd704780e675c6147e4d124854fcba8c,2026-09-23T19:01:18.066073+00:00
scenario_01,covasim,3.1.8,10000,100,35,8675344,a81eb8a7b4c49dbd245a57ae13561b313c2c060fc6f00249c6dda8fb36336134,50000,10.0,2.0,0.715,0.060195522994035855,0.06428896999568678,0.12448449298972264,8706,14,30,5,1245,11,3000,2438,b9534aebcbd94d23553ab476dd368e98950e97b4c56809b3332d264deba3035f,2026-09-23T19:01:19.037831+00:00
scenario_01,covasim,3.1.8,10000,100,36,8675345,a81eb8a7b4c49dbd245a57ae13561b313c2c060fc6f00249c6dda8fb36336134,50000,10.0,2.0,0.715,0.060683937976136804,0.06771521200425923,0.12839914998039603,8835,9,16,2,1138,13,3000,2371,a0e0748e2491d2483c5324340ec0b5628066116e9614a471b4c33f9e6a6e8c40,2026-09-23T19:01:20.221187+00:00
scenario_01,covasim,3.1.8,10000,100,37,8675346,a81eb8a7b4c49dbd245a57ae13561b313c2c060fc6f00249c6dda8fb36336134,50000,10.0,2.0,0.715,0.06473642797209322,0.06988720601657405,0.13462363398866728,8841,3,18,0,1138,13,3000,2432,838d9faa4100626cdb309a3b3f818277fbfbc125537f1190bc2dfb8d94d9bc36,2026-09-23T19:01:21.293275+00:00
scenario_01,covasim,3.1.8,10000,100,38,8675347,a81eb8a7b4c49dbd245a57ae13561b313c2c060fc6f00249c6dda8fb36336134,50000,10.0,2.0,0.715,0.06207476701820269,0.06719992199214175,0.12927468901034445,8911,7,19,1,1062,11,3000,2424,76718ac3024fb7d36347ec5e679da2cc3f0894636abdddd8218afe6d5635f7b1,2026-09-23T19:01:22.192710+00:00
scenario_01,covasim,3.1.8,10000,100,39,8675348,a81eb8a7b4c49dbd245a57ae13561b313c2c060fc6f00249c6dda8fb36336134,50000,10.0,2.0,0.715,0.06723242098814808,0.06869621001533233,0.1359286310034804,8871,17,29,3,1080,10,3000,2384,48a5213468a3ac8a278d9ee48cb0312f09d5a844f697704e2183c7552a3b5754,2026-09-23T19:01:23.121682+00:00
scenario_01,covasim,3.1.8,10000,100,40,8675349,a81eb8a7b4c49dbd245a57ae13561b313c2c060fc6f00249c6dda8fb36336134,50000,10.0,2.0,0.715,0.12674294598400593,0.2161933540191967,0.34293630000320263,8985,3,14,0,998,11,3000,2403,bda921216a6735273dadaf3c13b84122e81436e19978df53e486344b60cb6bba,2026-09-23T19:01:24.594268+00:00
scenario_01,covasim,3.1.8,10000,100,41,8675350,a81eb8a7b4c49dbd245a57ae13561b313c2c060fc6f00249c6dda8fb36336134,50000,10.0,2.0,0.715,0.07311307502095588,0.07575060898670927,0.14886368400766514,8931,7,15,3,1044,8,3000,2406,d9f203e2363a5180300b588303719386fbdcb0bf5bf50bd8055a2e71aa71de6f,2026-09-23T19:01:26.133276+00:00
scenario_01,covasim,3.1.8,10000,100,42,8675351,a81eb8a7b4c49dbd245a57ae13561b313c2c060fc6f00249c6dda8fb36336134,50000,10.0,2.0,0.715,0.06342184700770304,0.07285040800343268,0.1362722550111357,8962,6,15,1,1016,10,3000,2401,c511d97a075c2fc955d657348ecb973d4ace2c1ae4cddcb8408b7bec8f27597b,2026-09-23T19:01:27.208723+00:00
scenario_01,covasim,3.1.8,10000,100,43,8675352,a81eb8a7b4c49dbd245a57ae13561b313c2c060fc6f00249c6dda8fb36336134,50000,10.0,2.0,0.715,0.06132801898638718,0.07111032900866121,0.1324383479950484,9023,15,21,3,938,11,3000,2370,03c6b37d8cad215e97bcd033990d4ec01b6d2edbd2dcc6e1e20838831bc919ce,2026-09-23T19:01:28.182509+00:00
scenario_01,covasim,3.1.8,10000,100,44,8675353,a81eb8a7b4c49dbd245a57ae13561b313c2c060fc6f00249c6dda8fb36336134,50000,10.0,2.0,0.715,0.06132772596902214,0.0673477970121894,0.12867552298121154,9010,7,9,1,973,15,3000,2387,44a93b9f82058a76dd9002c062005fd0113fa9d6fd5f0711442885d0b5c49b0b,2026-09-23T19:01:29.076938+00:00
scenario_01,covasim,3.1.8,10000,100,45,8675354,a81eb8a7b4c49dbd245a57ae13561b313c2c060fc6f00249c6dda8fb36336134,50000,10.0,2.0,0.715,0.06858612599899061,0.08094451398937963,0.14953063998837024,8803,9,15,2,1171,12,3000,2417,3181fc2bad04c75ed7e56be5570edd2cbe78122dce45fe69960d6cac9e46659a,2026-09-23T19:01:30.232232+00:00
scenario_01,covasim,3.1.8,10000,100,46,8675355,a81eb8a7b4c49dbd245a57ae13561b313c2c060fc6f00249c6dda8fb36336134,50000,10.0,2.0,0.715,0.06095556099899113,0.06199168399325572,0.12294724499224685,8947,0,3,1,1049,9,3000,2401,1c3fcc60f2da74afd5056c63a4e34c234b27ca084cd49a021486155e9c738066,2026-09-23T19:01:31.113097+00:00
scenario_01,covasim,3.1.8,10000,100,47,8675356,a81eb8a7b4c49dbd245a57ae13561b313c2c060fc6f00249c6dda8fb36336134,50000,10.0,2.0,0.715,0.05684436298906803,0.06246205800562166,0.11930642099468969,9025,15,19,2,939,9,3000,2394,9d2ade139e7af271c294788c4b8954c743c006e18ed9aed2929d02f844feb21c,2026-09-23T19:01:31.958371+00:00
scenario_01,covasim,3.1.8,10000,100,48,8675357,a81eb8a7b4c49dbd245a57ae13561b313c2c060fc6f00249c6dda8fb36336134,50000,10.0,2.0,0.715,0.19955181097611785,0.08946878500864841,0.28902059598476626,9019,4,10,0,967,11,3000,2407,07299540b7a9e4c4d1f08e0217886ab02d6b91fd4a2bf4b5e10ff159c984685e,2026-09-23T19:01:32.975575+00:00
scenario_01,covasim,3.1.8,10000,100,49,8675358,a81eb8a7b4c49dbd245a57ae13561b313c2c060fc6f00249c6dda8fb36336134,50000,10.0,2.0,0.715,0.07078378801816143,0.09876992899808101,0.16955371701624244,8978,6,9,2,1005,11,3000,2371,a777a2d46b27ba71299cf6f90aa5cb6ea04c0b399b574f4c9300643c681e500e,2026-09-23T19:01:34.182405+00:00
scenario_01,covasim,3.1.8,10000,100,50,8675359,a81eb8a7b4c49dbd245a57ae13561b313c2c060fc6f00249c6dda8fb36336134,50000,10.0,2.0,0.715,0.10433279097196646,0.08180042801541276,0.18613321898737922,8858,13,24,1,1104,10,3000,2367,9746d18ccc5e18ca880315e9e19837d5bf6062c719b73cfb0002107a189d511c,2026-09-23T19:01:35.238880+00:00
scenario_01,covasim,3.1.8,10000,100,51,8675360,a81eb8a7b4c49dbd245a57ae13561b313c2c060fc6f00249c6dda8fb36336134,50000,10.0,2.0,0.715,0.0707199549942743,0.08555704401805997,0.15627699901233427,8893,9,13,4,1081,13,3000,2343,7f1171da2e408f7e3c93fcc1f5fb0187662779ccd7c90e4327f1c1ba61165fe7,2026-09-23T19:01:36.219778+00:00
scenario_01,covasim,3.1.8,10000,100,52,8675361,a81eb8a7b4c49dbd245a57ae13561b313c2c060fc6f00249c6dda8fb36336134,50000,10.0,2.0,0.715,0.06647038101800717,0.07824381199316122,0.1447141930111684,9046,9,18,1,926,11,3000,2364,76cd35e3252e22a3637ce13d18d9223adcc5f1e7b8b8c72ee02d92fdcd828119,2026-09-23T19:01:37.152122+00:00
scenario_01,covasim,3.1.8,10000,100,53,8675362,a81eb8a7b4c49dbd245a57ae13561b313c2c060fc6f00249c6dda8fb36336134,50000,10.0,2.0,0.715,0.08970328400027938,0.11656809400301427,0.20627137800329365,8896,12,22,3,1067,9,3000,2387,a4b2f29b9a4162c104d7c84d9c36c5e2f3c8fd4b102de1e7da8dab8f1a43865c,2026-09-23T19:01:39.306023+00:00
scenario_01,covasim,3.1.8,10000,100,54,8675363,a81eb8a7b4c49dbd245a57ae13561b313c2c060fc6f00249c6dda8fb36336134,50000,10.0,2.0,0.715,0.06922004200168885,0.06803062799735926,0.1372506699990481,8772,15,23,1,1189,12,3000,2406,217faf68f23ee222d007b88ce36d92f2a664af3eb72441a9ad9b24da77e19a6f,2026-09-23T19:01:40.716579+00:00
scenario_01,covasim,3.1.8,10000,100,55,8675364,a81eb8a7b4c49dbd245a57ae13561b313c2c060fc6f00249c6dda8fb36336134,50000,10.0,2.0,0.715,0.07019670700537972,0.07254432499757968,0.1427410320029594,9002,6,14,0,978,13,3000,2401,ae3dcb701af38764e955f5d3e276914414da6c08bc06c57d407627b0a3f79003,2026-09-23T19:01:41.621704+00:00
scenario_01,covasim,3.1.8,10000,100,56,8675365,a81eb8a7b4c49dbd245a57ae13561b313c2c060fc6f00249c6dda8fb36336134,50000,10.0,2.0,0.715,0.0720757009985391,0.0776124800031539,0.149688181001693,8859,18,28,1,1094,12,3000,2375,236923cf8fd64cb233eddc04171b0102eba8b6f0e5cc005a81980dfa425b8720,2026-09-23T19:01:42.757279+00:00
scenario_01,covasim,3.1.8,10000,100,57,8675366,a81eb8a7b4c49dbd245a57ae13561b313c2c060fc6f00249c6dda8fb36336134,50000,10.0,2.0,0.715,0.06247218302451074,0.0734163649904076,0.13588854801491834,8867,6,10,0,1117,12,3000,2401,056684f94b0d0b2a9a826caf7c4e17aaf78f77a88800df934d6fb061149a6690,2026-09-23T19:01:43.757908+00:00
scenario_01,covasim,3.1.8,10000,100,58,8675367,a81eb8a7b4c49dbd245a57ae13561b313c2c060fc6f00249c6dda8fb36336134,50000,10.0,2.0,0.715,0.07546936097787693,0.07385594700463116,0.1493253079825081,8818,6,20,2,1154,10,3000,2409,8cb2721809a506258fd0b2d1dec6487b59ec07553d6562d014ea0e9da1a2a644,2026-09-23T19:01:44.783128+00:00
scenario_01,covasim,3.1.8,10000,100,59,8675368,a81eb8a7b4c49dbd245a57ae13561b313c2c060fc6f00249c6dda8fb36336134,50000,10.0,2.0,0.715,0.0597548560181167,0.0680522529873997,0.1278071090055164,8896,5,10,0,1089,13,3000,2437,3220d45daee5fc1586caabdb90fb1a347847ee9d4fa00256a03ca552217f023f,2026-09-23T19:01:45.650567+00:00
scenario_01,covasim,3.1.8,10000,100,60,8675369,a81eb8a7b4c49dbd245a57ae13561b313c2c060fc6f00249c6dda8fb36336134,50000,10.0,2.0,0.715,0.06654063198948279,0.0643448029877618,0.13088543497724459,8932,9,22,1,1036,12,3000,2388,e228f5fdd80dfe67a76192dcdf1163c8be1057c919994e55a04a64e59f3619dc,2026-09-23T19:01:46.510290+00:00
scenario_01,covasim,3.1.8,10000,100,61,8675370,a81eb8a7b4c49dbd245a57ae13561b313c2c060fc6f00249c6dda8fb36336134,50000,10.0,2.0,0.715,0.06400888800271787,0.07239440898410976,0.13640329698682763,8783,17,16,2,1182,14,3000,2398,bad60f1742a732ac6c8dec709ac21398ce55bcfdfe44cb461ea9c58d2fbc76fb,2026-09-23T19:01:47.365540+00:00
scenario_01,covasim,3.1.8,10000,100,62,8675371,a81eb8a7b4c49dbd245a57ae13561b313c2c060fc6f00249c6dda8fb36336134,50000,10.0,2.0,0.715,0.06438197000534274,0.07351561498944648,0.1378975849947892,9078,4,12,1,905,10,3000,2415,f2944827ad5e31e3091baf4716d659639670146ab770e3a5e75fd35ac4cb5035,2026-09-23T19:01:48.260234+00:00
scenario_01,covasim,3.1.8,10000,100,63,8675372,a81eb8a7b4c49dbd245a57ae13561b313c2c060fc6f00249c6dda8fb36336134,50000,10.0,2.0,0.715,0.05921560697606765,0.06938995802192949,0.12860556499799713,8820,8,15,1,1156,13,3000,2419,cdcf37e68be31442c63767b3450378400c1aebf7822f037fcbf830fc4a2e02b8,2026-09-23T19:01:49.123121+00:00
scenario_01,covasim,3.1.8,10000,100,64,8675373,a81eb8a7b4c49dbd245a57ae13561b313c2c060fc6f00249c6dda8fb36336134,50000,10.0,2.0,0.715,0.060535146010806784,0.06420238700229675,0.12473753301310353,9202,3,6,0,789,11,3000,2392,74e47769705aff14a9ede4ffb7f509f59455f7e388c36c846579a699af07e033,2026-09-23T19:01:50.026251+00:00
scenario_01,covasim,3.1.8,10000,100,65,8675374,a81eb8a7b4c49dbd245a57ae13561b313c2c060fc6f00249c6dda8fb36336134,50000,10.0,2.0,0.715,0.05784711099113338,0.06571892500505783,0.1235660359961912,9021,10,18,2,949,7,3000,2413,161ae9159f29812197be0bdddea7a77ff2d712e7ac85f759895e429d4a966bb8,2026-09-23T19:01:50.890891+00:00
scenario_01,covasim,3.1.8,10000,100,66,8675375,a81eb8a7b4c49dbd245a57ae13561b313c2c060fc6f00249c6dda8fb36336134,50000,10.0,2.0,0.715,0.05868944199755788,0.06547055099508725,0.12415999299264513,8972,5,15,1,1007,10,3000,2402,04668782a61f2e3e23e68875bdbbcc5d861fe25614807c952ae98028a211026e,2026-09-23T19:01:51.735080+00:00
scenario_01,covasim,3.1.8,10000,100,67,8675376,a81eb8a7b4c49dbd245a57ae13561b313c2c060fc6f00249c6dda8fb36336134,50000,10.0,2.0,0.715,0.06641404799302109,0.07222482599900104,0.13863887399202213,9012,3,10,0,975,15,3000,2386,52c678b9520eb338f145c4a709e9ce2eff56869d6d7ae759e9fd730fe3151996,2026-09-23T19:01:52.745293+00:00
scenario_01,covasim,3.1.8,10000,100,68,8675377,a81eb8a7b4c49dbd245a57ae13561b313c2c060fc6f00249c6dda8fb36336134,50000,10.0,2.0,0.715,0.06246151702362113,0.06570842498331331,0.12816994200693443,9104,10,21,1,864,9,3000,2413,69bd806dabdc6c81ce8fe7217dc8ba6179028951caee1df6f0d50358249c1bc0,2026-09-23T19:01:53.623071+00:00
scenario_01,covasim,3.1.8,10000,100,69,8675378,a81eb8a7b4c49dbd245a57ae13561b313c2c060fc6f00249c6dda8fb36336134,50000,10.0,2.0,0.715,0.06000210597994737,0.06717588001629338,0.12717798599624075,8882,12,13,0,1093,13,3000,2410,ca5f46150e6d75cc1d3eec80a74debd3e1744d2d5ce34af78ed07892dce58877,2026-09-23T19:01:54.487158+00:00
scenario_01,covasim,3.1.8,10000,100,70,8675379,a81eb8a7b4c49dbd245a57ae13561b313c2c060fc6f00249c6dda8fb36336134,50000,10.0,2.0,0.715,0.06219776699435897,0.06490009400295094,0.1270978609973099,9111,4,7,1,877,8,3000,2363,b106d4827c8792c14d529565ac7c1e5e6ebd7c7934e3fafdaffffc037b6c253e,2026-09-23T19:01:55.398627+00:00
scenario_01,covasim,3.1.8,10000,100,71,8675380,a81eb8a7b4c49dbd245a57ae13561b313c2c060fc6f00249c6dda8fb36336134,50000,10.0,2.0,0.715,0.05907377498806454,0.06638808999559842,0.12546186498366296,8950,13,27,0,1010,9,3000,2388,c5fe61e1bbffeaea726a8caa310819d08722160b875e98ea29dcd12ddcfd1723,2026-09-23T19:01:56.254055+00:00
scenario_01,covasim,3.1.8,10000,100,72,8675381,a81eb8a7b4c49dbd245a57ae13561b313c2c060fc6f00249c6dda8fb36336134,50000,10.0,2.0,0.715,0.05774494499200955,0.0635960130020976,0.12134095799410716,8815,5,17,3,1160,15,3000,2393,4f0faec76d630938efb90db42f85bb94f43fb43b3c7ca58cff44cf443be623a9,2026-09-23T19:01:57.116446+00:00
scenario_01,covasim,3.1.8,10000,100,73,8675382,a81eb8a7b4c49dbd245a57ae13561b313c2c060fc6f00249c6dda8fb36336134,50000,10.0,2.0,0.715,0.061113937030313537,0.0754408179782331,0.13655475500854664,8900,11,24,1,1064,12,3000,2399,52e56d1ec292bac1c0eac65313988bb1663156898732dac036fc9f1ac8052d30,2026-09-23T19:01:58.010063+00:00
scenario_01,covasim,3.1.8,10000,100,74,8675383,a81eb8a7b4c49dbd245a57ae13561b313c2c060fc6f00249c6dda8fb36336134,50000,10.0,2.0,0.715,0.05903273302828893,0.0658641749760136,0.12489690800430253,9000,7,9,0,984,11,3000,2378,4d60d4f7a4b341412ad98626d01aac1dec4c8c02b5f80cde03466fb5535d2bb3,2026-09-23T19:01:58.948070+00:00
scenario_01,covasim,3.1.8,10000,100,75,8675384,a81eb8a7b4c49dbd245a57ae13561b313c2c060fc6f00249c6dda8fb36336134,50000,10.0,2.0,0.715,0.05964014900382608,0.0687282090075314,0.1283683580113575,9011,7,10,2,970,12,3000,2397,f2db65946dc358069b744251bce4c8323a692de6402b4ece7946ad73fa2a3113,2026-09-23T19:01:59.822009+00:00
scenario_01,covasim,3.1.8,10000,100,76,8675385,a81eb8a7b4c49dbd245a57ae13561b313c2c060fc6f00249c6dda8fb36336134,50000,10.0,2.0,0.715,0.06732917099725455,0.06961058301385492,0.13693975401110947,8808,9,13,2,1168,11,3000,2407,6a5857dbc1269024e26afdee35fbdca7c839853ddd06c8c0e6c8861c4656ad0d,2026-09-23T19:02:00.857473+00:00
scenario_01,covasim,3.1.8,10000,100,77,8675386,a81eb8a7b4c49dbd245a57ae13561b313c2c060fc6f00249c6dda8fb36336134,50000,10.0,2.0,0.715,0.06001539700082503,0.06665050599258393,0.12666590299340896,8900,10,24,0,1066,10,3000,2452,4eec5b1959f8444d95ff2ebdd1c1400d0a1c165b9d9f3dd485451cd4292a15c6,2026-09-23T19:02:01.738691+00:00
scenario_01,covasim,3.1.8,10000,100,78,8675387,a81eb8a7b4c49dbd245a57ae13561b313c2c060fc6f00249c6dda8fb36336134,50000,10.0,2.0,0.715,0.0632537650235463,0.06646583997644484,0.12971960499999113,8744,13,32,2,1209,13,3000,2421,db93f96ab198f483804f1b66290fa90a53ca78c1cbe9977d6d32bcea9a9daf7c,2026-09-23T19:02:02.612826+00:00
scenario_01,covasim,3.1.8,10000,100,79,8675388,a81eb8a7b4c49dbd245a57ae13561b313c2c060fc6f00249c6dda8fb36336134,50000,10.0,2.0,0.715,0.06144951801979914,0.06595488300081342,0.12740440102061257,8997,7,31,0,965,7,3000,2448,09e74992ef98684f2d93a891ef80e36f0aada3967d35dd740d552b65e78cbe1c,2026-09-23T19:02:03.477886+00:00
scenario_01,covasim,3.1.8,10000,100,80,8675389,a81eb8a7b4c49dbd245a57ae13561b313c2c060fc6f00249c6dda8fb36336134,50000,10.0,2.0,0.715,0.059280524001223966,0.06727108798804693,0.1265516119892709,8956,9,19,1,1015,14,3000,2423,ff0302655e8b2266d597f9c86e48b72cefb55aefff7c025387cafd24a449b555,2026-09-23T19:02:04.424431+00:00
scenario_01,covasim,3.1.8,10000,100,81,8675390,a81eb8a7b4c49dbd245a57ae13561b313c2c060fc6f00249c6dda8fb36336134,50000,10.0,2.0,0.715,0.060185272013768554,0.06709604698698968,0.12728131900075823,8661,16,27,3,1293,11,3000,2380,e9922ea0da2d1d33398976de0a1da9f0424bd6d0ed8760e1c4a61f66c4f1e5c5,2026-09-23T19:02:05.298243+00:00
scenario_01,covasim,3.1.8,10000,100,82,8675391,a81eb8a7b4c49dbd245a57ae13561b313c2c060fc6f00249c6dda8fb36336134,50000,10.0,2.0,0.715,0.058800941973458976,0.06533538401708938,0.12413632599054836,9003,7,13,2,975,7,3000,2394,e758f526032224aa040e0fb1733b6fb0e604a2477af28ed5090be71713e2581f,2026-09-23T19:02:06.203975+00:00
scenario_01,covasim,3.1.8,10000,100,83,8675392,a81eb8a7b4c49dbd245a57ae13561b313c2c060fc6f00249c6dda8fb36336134,50000,10.0,2.0,0.715,0.05885260799550451,0.0642298870079685,0.12308249500347301,8792,10,11,1,1186,14,3000,2428,abc46254e63972736a1faabdadbbefca9622263dc81d74202844eeeb1e9fec06,2026-09-23T19:02:07.046570+00:00
scenario_01,covasim,3.1.8,10000,100,84,8675393,a81eb8a7b4c49dbd245a57ae13561b313c2c060fc6f00249c6dda8fb36336134,50000,10.0,2.0,0.715,0.06065722901257686,0.0649817599914968,0.12563898900407366,8888,12,17,1,1082,10,3000,2397,1fa691948f1ad3775d4200723e76ab3efb78391547dbd703e396539b0e14920a,2026-09-23T19:02:07.926336+00:00
scenario_01,covasim,3.1.8,10000,100,85,8675394,a81eb8a7b4c49dbd245a57ae13561b313c2c060fc6f00249c6dda8fb36336134,50000,10.0,2.0,0.715,0.060437895997893065,0.06475909499567933,0.1251969909935724,9160,5,6,0,829,8,3000,2430,469266a2482e678ad79e7704f719c833e4462edf8271c7f00e9aae87180869a4,2026-09-23T19:02:08.841268+00:00
scenario_01,covasim,3.1.8,10000,100,86,8675395,a81eb8a7b4c49dbd245a57ae13561b313c2c060fc6f00249c6dda8fb36336134,50000,10.0,2.0,0.715,0.0649129270168487,0.07042570598423481,0.1353386330010835,8827,7,22,1,1143,13,3000,2395,e5d3b011733a1f2501e1ff91e0b15782d7f98a7b93d9177223f1440f3fca94a2,2026-09-23T19:02:09.819499+00:00
scenario_01,covasim,3.1.8,10000,100,87,8675396,a81eb8a7b4c49dbd245a57ae13561b313c2c060fc6f00249c6dda8fb36336134,50000,10.0,2.0,0.715,0.057932819006964564,0.0689977089932654,0.12693052800022997,8738,9,13,4,1236,11,3000,2412,4353c27d5b2f7c907246fe51b243acdf73a55e9f17aa4385079f23f8b3d91316,2026-09-23T19:02:10.786030+00:00
scenario_01,covasim,3.1.8,10000,100,88,8675397,a81eb8a7b4c49dbd245a57ae13561b313c2c060fc6f00249c6dda8fb36336134,50000,10.0,2.0,0.715,0.05941423197509721,0.06555400902288966,0.12496824099798687,8963,8,19,0,1010,8,3000,2383,149fa85df5ed188d8090da09f6bfe3917a201a08c62c8b574e6546d7cde81c19,2026-09-23T19:02:11.673391+00:00
scenario_01,covasim,3.1.8,10000,100,89,8675398,a81eb8a7b4c49dbd245a57ae13561b313c2c060fc6f00249c6dda8fb36336134,50000,10.0,2.0,0.715,0.05956202300149016,0.06282776599982753,0.1223897890013177,9096,2,10,0,892,9,3000,2391,92227c42cacf10112c4d2218493fd50da5aa5db851fcce107d43047f14c3dd56,2026-09-23T19:02:12.525731+00:00
scenario_01,covasim,3.1.8,10000,100,90,8675399,a81eb8a7b4c49dbd245a57ae13561b313c2c060fc6f00249c6dda8fb36336134,50000,10.0,2.0,0.715,0.05935989899444394,0.0680590030096937,0.12741890200413764,8897,8,14,2,1079,14,3000,2403,dfc9ac29e5b1bdf0cea76250f33b74be6e4bb013503be886ddaa0ddb588daf68,2026-09-23T19:02:13.386743+00:00
scenario_01,covasim,3.1.8,10000,100,91,8675400,a81eb8a7b4c49dbd245a57ae13561b313c2c060fc6f00249c6dda8fb36336134,50000,10.0,2.0,0.715,0.0622710160096176,0.06648529900121503,0.12875631501083262,8986,6,13,1,994,10,3000,2412,506946b3006ba5b6104182171ab5a6f35098facced8dcb1ea5187e0dfd932402,2026-09-23T19:02:14.327830+00:00
scenario_01,covasim,3.1.8,10000,100,92,8675401,a81eb8a7b4c49dbd245a57ae13561b313c2c060fc6f00249c6dda8fb36336134,50000,10.0,2.0,0.715,0.06431659602094442,0.06689962997916155,0.13121622600010596,8828,12,24,0,1136,13,3000,2423,eaa0e2e50596973e436bb301a2818e57456e2defbe0c6315e25f0bc3082f7f83,2026-09-23T19:02:15.176915+00:00
scenario_01,covasim,3.1.8,10000,100,93,8675402,a81eb8a7b4c49dbd245a57ae13561b313c2c060fc6f00249c6dda8fb36336134,50000,10.0,2.0,0.715,0.057760610012337565,0.06457701200270094,0.1223376220150385,8936,12,18,1,1033,14,3000,2370,347a3e15df51fd4aa2627fc3ed0d53f157c023fb89c8b12e59bece8a1d27beb8,2026-09-23T19:02:16.068574+00:00
scenario_01,covasim,3.1.8,10000,100,94,8675403,a81eb8a7b4c49dbd245a57ae13561b313c2c060fc6f00249c6dda8fb36336134,50000,10.0,2.0,0.715,0.06517030199756846,0.06793341902084649,0.13310372101841494,8919,6,9,1,1065,14,3000,2382,4b97b17002e65f6b87e6c39c31235a7750b617d22d9d838c8a4376217c93a86f,2026-09-23T19:02:17.066759+00:00
scenario_01,covasim,3.1.8,10000,100,95,8675404,a81eb8a7b4c49dbd245a57ae13561b313c2c060fc6f00249c6dda8fb36336134,50000,10.0,2.0,0.715,0.06620150699745864,0.06988987399381585,0.1360913809912745,9006,5,15,1,973,8,3000,2402,5dff57a54d3ff9057713706a6c6272f0350e565ebdc96ebf8264b602f58d67c1,2026-09-23T19:02:18.178659+00:00
scenario_01,covasim,3.1.8,10000,100,96,8675405,a81eb8a7b4c49dbd245a57ae13561b313c2c060fc6f00249c6dda8fb36336134,50000,10.0,2.0,0.715,0.06285255600232631,0.06989029099349864,0.13274284699582495,9110,6,10,0,874,9,3000,2434,a0f14ab9800edc799d33df92a0a0e589dcda70855030df5b38dfab27a686da8c,2026-09-23T19:02:19.249606+00:00
scenario_01,covasim,3.1.8,10000,100,97,8675406,a81eb8a7b4c49dbd245a57ae13561b313c2c060fc6f00249c6dda8fb36336134,50000,10.0,2.0,0.715,0.06696558900875971,0.07084099599160254,0.13780658500036225,8997,12,17,3,971,8,3000,2333,216b4677f909064f004e743949be0e471123f148ed666be83fc5a7a015825bb5,2026-09-23T19:02:20.286851+00:00
scenario_01,covasim,3.1.8,10000,100,98,8675407,a81eb8a7b4c49dbd245a57ae13561b313c2c060fc6f00249c6dda8fb36336134,50000,10.0,2.0,0.715,0.06369467999320477,0.06977770701632835,0.13347238700953312,9020,3,5,0,972,11,3000,2391,0ca0095f8a6706ff31922ae1e7ca0e1e1eb61c89669e205641fcf3828a94d8f5,2026-09-23T19:02:21.317235+00:00
scenario_01,covasim,3.1.8,10000,100,99,8675408,a81eb8a7b4c49dbd245a57ae13561b313c2c060fc6f00249c6dda8fb36336134,50000,10.0,2.0,0.715,0.059970854985294864,0.06648638201295398,0.12645723699824885,8998,11,15,3,973,12,3000,2413,a67bf04be2c8b876af577a89db3dc11faf4a44f38fc01343813dd39ba7e7d6f4,2026-09-23T19:02:22.278056+00:00
scenario_01,covasim,3.1.8,10000,100,100,8675409,a81eb8a7b4c49dbd245a57ae13561b313c2c060fc6f00249c6dda8fb36336134,50000,10.0,2.0,0.715,0.05866102600703016,0.06621675699716434,0.1248777830041945,8978,3,9,1,1009,9,3000,2428,bd21d22ff6f20a81a171c1576ae094f66551be29e389658e28958ea6ec200121,2026-09-23T19:02:23.128003+00:00
scenario_01,covasim,3.1.8,100000,100,1,8775310,83b4e1da2783f17377cf65d5f9c270629dd633191f581ff139c5b60c5d080e99,500000,10.0,2.0,0.71,0.22186652701930143,0.35406888398574665,0.5759354110050481,98790,12,20,1,1177,15,30000,24061,0cb0f2a0c3ebe14239d73ee1ba1b173323c8d75e1328d548c1078fc0dffc918f,2026-09-23T19:17:31.753544+00:00
scenario_01,covasim,3.1.8,100000,100,2,8775311,83b4e1da2783f17377cf65d5f9c270629dd633191f581ff139c5b60c5d080e99,500000,10.0,2.0,0.71,0.20596200399450026,0.3523146730149165,0.5582766770094167,98871,5,11,1,1112,13,30000,24019,e3f510d491168266a13337434efc7c8203f0e980d71f721091a50fceac4bbdca,2026-09-23T19:17:33.048486+00:00
scenario_01,covasim,3.1.8,100000,100,3,8775312,83b4e1da2783f17377cf65d5f9c270629dd633191f581ff139c5b60c5d080e99,500000,10.0,2.0,0.71,0.19660132503486238,0.35592784397886135,0.5525291690137237,98754,13,25,0,1208,11,30000,24026,18870fab11cc1795e7a9a93f0cd9f928f215d8f1b4669c65351d303f68c7449b,2026-09-23T19:17:34.324681+00:00
scenario_01,covasim,3.1.8,100000,100,4,8775313,83b4e1da2783f17377cf65d5f9c270629dd633191f581ff139c5b60c5d080e99,500000,10.0,2.0,0.71,0.2048690449737478,0.36389781400794163,0.5687668589816894,98953,15,35,1,996,10,30000,23903,05f33ce5bbf681f7283b56c3a208cfc4699be58b9ae66b17325ca06d5d338569,2026-09-23T19:17:35.609861+00:00
scenario_01,covasim,3.1.8,100000,100,5,8775314,83b4e1da2783f17377cf65d5f9c270629dd633191f581ff139c5b60c5d080e99,500000,10.0,2.0,0.71,0.2028985829965677,0.35402988400892355,0.5569284670054913,98853,14,26,0,1107,10,30000,24035,ee2df41aa97def2e5ef2e8a013f3d08867016c5dfeb13c37244cd1af0279836c,2026-09-23T19:17:36.896064+00:00
scenario_01,covasim,3.1.8,100000,100,6,8775315,83b4e1da2783f17377cf65d5f9c270629dd633191f581ff139c5b60c5d080e99,500000,10.0,2.0,0.71,0.20236191601725295,0.385548761987593,0.587910678004846,98619,15,45,0,1321,13,30000,24047,4de3854548fdd32e2a53dcf913c9b8c7a1c2d40fd05ef92fe150b4cf5604d2a9,2026-09-23T19:17:38.241109+00:00
scenario_01,covasim,3.1.8,100000,100,7,8775316,83b4e1da2783f17377cf65d5f9c270629dd633191f581ff139c5b60c5d080e99,500000,10.0,2.0,0.71,0.2096275509975385,0.3569024709868245,0.566530021984363,98621,12,26,1,1340,10,30000,24012,90ee8c5e48fba5d42b370ec111738f3fb04a9d6d0343c4674e87ba102b5e10f6,2026-09-23T19:17:39.552582+00:00
scenario_01,covasim,3.1.8,100000,100,8,8775317,83b4e1da2783f17377cf65d5f9c270629dd633191f581ff139c5b60c5d080e99,500000,10.0,2.0,0.71,0.19899361897842027,0.3586251820088364,0.5576188009872567,98904,10,22,3,1061,13,30000,24072,3463dd4296f241b762119969114fb7cea0cf348c650a6534e637b56269ce5b0c,2026-09-23T19:17:40.847742+00:00
scenario_01,covasim,3.1.8,100000,100,9,8775318,83b4e1da2783f17377cf65d5f9c270629dd633191f581ff139c5b60c5d080e99,500000,10.0,2.0,0.71,0.20478408600320108,0.35445705099846236,0.5592411370016634,98757,10,14,1,1218,12,30000,24021,751b1153737e58d92cd6b2437e427dce6ad331e5f9893f0308e579456d0f4a9c,2026-09-23T19:17:42.124196+00:00
scenario_01,covasim,3.1.8,100000,100,10,8775319,83b4e1da2783f17377cf65d5f9c270629dd633191f581ff139c5b60c5d080e99,500000,10.0,2.0,0.71,0.20662492199335247,0.35492709299433045,0.5615520149876829,98781,10,20,2,1187,11,30000,23981,8792115bd67cef04e115139fdcdd5aa59bcd01c1dd8e401044af81877fd6c23b,2026-09-23T19:17:43.455375+00:00
scenario_01,covasim,3.1.8,100000,100,11,8775320,83b4e1da2783f17377cf65d5f9c270629dd633191f581ff139c5b60c5d080e99,500000,10.0,2.0,0.71,0.20970292697893456,0.3536919660109561,0.5633948929898906,99099,9,17,0,875,11,30000,23942,ddcf8e849def5b9089f04dde93fc058e92c29e53a39195662796e0b0cbb8a0e5,2026-09-23T19:17:44.747969+00:00
scenario_01,covasim,3.1.8,100000,100,12,8775321,83b4e1da2783f17377cf65d5f9c270629dd633191f581ff139c5b60c5d080e99,500000,10.0,2.0,0.71,0.2124751379888039,0.35848280700156465,0.5709579449903686,98630,30,47,3,1290,11,30000,24060,398f3a276b3ee76c26b282e63c4f702c427f3a1ee917c39940bc0c3de608b2cf,2026-09-23T19:17:46.060743+00:00
scenario_01,covasim,3.1.8,100000,100,13,8775322,83b4e1da2783f17377cf65d5f9c270629dd633191f581ff139c5b60c5d080e99,500000,10.0,2.0,0.71,0.20537075298489071,0.353747757995734,0.5591185109806247,98929,8,14,2,1047,13,30000,24013,11c38c18bd2839bc69b04ae55b626e1fc5406f7255fb93ad275534fef204dded,2026-09-23T19:17:47.357198+00:00
scenario_01,covasim,3.1.8,100000,100,14,8775323,83b4e1da2783f17377cf65d5f9c270629dd633191f581ff139c5b60c5d080e99,500000,10.0,2.0,0.71,0.2106657609983813,0.35388025900465436,0.5645460200030357,98830,7,15,3,1145,9,30000,23912,79d6b7b091b7f01efff42ca5e1ac04d19605d1d3268cb7a37ad4b6df176bf1e5,2026-09-23T19:17:48.659095+00:00
scenario_01,covasim,3.1.8,100000,100,15,8775324,83b4e1da2783f17377cf65d5f9c270629dd633191f581ff139c5b60c5d080e99,500000,10.0,2.0,0.71,0.20263258201885037,0.35707334699691273,0.5597059290157631,98708,22,36,2,1232,10,30000,23905,5094ea3e8819604f421a87a16d45a281b87b37410cbba30db14fbf54f260a6be,2026-09-23T19:17:49.943580+00:00
scenario_01,covasim,3.1.8,100000,100,16,8775325,83b4e1da2783f17377cf65d5f9c270629dd633191f581ff139c5b60c5d080e99,500000,10.0,2.0,0.71,0.2051687539787963,0.3571164710156154,0.5622852249944117,98667,21,43,1,1268,10,30000,23988,c5290beaa2fbfc10e4a279c5168c7f76616d35efa5de7242a48658039dcd4939,2026-09-23T19:17:51.216573+00:00
scenario_01,covasim,3.1.8,100000,100,17,8775326,83b4e1da2783f17377cf65d5f9c270629dd633191f581ff139c5b60c5d080e99,500000,10.0,2.0,0.71,0.20219104099669494,0.354602926003281,0.556793966999976,98564,26,49,2,1359,14,30000,24095,f001d18b724c4cc74f78713f429e1d5f0b93809b591f7f92e7228b812b5df396,2026-09-23T19:17:52.482688+00:00
scenario_01,covasim,3.1.8,100000,100,18,8775327,83b4e1da2783f17377cf65d5f9c270629dd633191f581ff139c5b60c5d080e99,500000,10.0,2.0,0.71,0.20813588201417588,0.3579810559749603,0.5661169379891362,98915,7,21,0,1057,12,30000,23960,15978105965d4b6faf3c17bfc63f76eb187f007fc9ae3f436797f09d10cebb54,2026-09-23T19:17:53.776073+00:00
scenario_01,covasim,3.1.8,100000,100,19,8775328,83b4e1da2783f17377cf65d5f9c270629dd633191f581ff139c5b60c5d080e99,500000,10.0,2.0,0.71,0.1991493280220311,0.3546127179870382,0.5537620460090693,98909,9,17,1,1064,11,30000,23878,c0b9991703067c663cf123ee86f0b7343363912a61c7e1fd9f3a8d6e07f7d863,2026-09-23T19:17:55.055893+00:00
scenario_01,covasim,3.1.8,100000,100,20,8775329,83b4e1da2783f17377cf65d5f9c270629dd633191f581ff139c5b60c5d080e99,500000,10.0,2.0,0.71,0.21251126399147324,0.35738138802116737,0.5698926520126406,99020,8,19,1,952,13,30000,24043,b2dd6dee5bed8d49c9d8284c5494313b345001ed5db064f1fe4968cf05e527da,2026-09-23T19:17:56.366547+00:00
scenario_01,covasim,3.1.8,100000,100,21,8775330,83b4e1da2783f17377cf65d5f9c270629dd633191f581ff139c5b60c5d080e99,500000,10.0,2.0,0.71,0.20725563098676503,0.35195283900247887,0.5592084699892439,98788,15,23,4,1170,12,30000,23982,67f0f007ddfa23e9a784ab1cbb5b9808a6eacb0d7ac37284b70d9cc29a2c2ea1,2026-09-23T19:17:57.654855+00:00
scenario_01,covasim,3.1.8,100000,100,22,8775331,83b4e1da2783f17377cf65d5f9c270629dd633191f581ff139c5b60c5d080e99,500000,10.0,2.0,0.71,0.21113317797426134,0.3633825220167637,0.574515699991025,98700,12,22,2,1264,14,30000,24018,99a8534ecd612cc8ff48458647720844d571e612171519f0f45013555837a364,2026-09-23T19:17:58.956841+00:00
scenario_01,covasim,3.1.8,100000,100,23,8775332,83b4e1da2783f17377cf65d5f9c270629dd633191f581ff139c5b60c5d080e99,500000,10.0,2.0,0.71,0.2083633000147529,0.355011134990491,0.5633744350052439,98723,1,10,4,1262,17,30000,23845,b6227e9086b763ba18d83f2e1aba2b1cb03fdb4f6f3da01b1dae9158f6b1103e,2026-09-23T19:18:00.251437+00:00
scenario_01,covasim,3.1.8,100000,100,24,8775333,83b4e1da2783f17377cf65d5f9c270629dd633191f581ff139c5b60c5d080e99,500000,10.0,2.0,0.71,0.20373062600265257,0.3526206320093479,0.5563512580120005,98756,13,30,0,1201,11,30000,23957,b015f8807fb9d718272ecb44068fca2946af434f23ff7102224cbf64e2561a07,2026-09-23T19:18:01.521663+00:00
scenario_01,covasim,3.1.8,100000,100,25,8775334,83b4e1da2783f17377cf65d5f9c270629dd633191f581ff139c5b60c5d080e99,500000,10.0,2.0,0.71,0.20191287298803218,0.3519641309976578,0.55387700398569,98713,21,27,1,1238,10,30000,24015,bf0dc844c75972d69aa3830b11b696aa8fd33ae14db6555c1a8fcb79693fb903,2026-09-23T19:18:02.799024+00:00
scenario_01,covasim,3.1.8,100000,100,26,8775335,83b4e1da2783f17377cf65d5f9c270629dd633191f581ff139c5b60c5d080e99,500000,10.0,2.0,0.71,0.2050695029902272,0.3683759460109286,0.5734454490011558,98953,7,10,0,1030,10,30000,23994,9e33bc6dd2c4104c40d90b3c5fe013545d6f3ae667726233db6cfd2c79b19f4d,2026-09-23T19:18:04.084348+00:00
scenario_01,covasim,3.1.8,100000,100,27,8775336,83b4e1da2783f17377cf65d5f9c270629dd633191f581ff139c5b60c5d080e99,500000,10.0,2.0,0.71,0.20743963101995178,0.35224975598976016,0.5596893870097119,99016,4,9,0,971,9,30000,23961,fc06227c39ddd0540b1021580161bc2c2fa61c005613468b5c89289a2fbbbab7,2026-09-23T19:18:05.371556+00:00
scenario_01,covasim,3.1.8,100000,100,28,8775337,83b4e1da2783f17377cf65d5f9c270629dd633191f581ff139c5b60c5d080e99,500000,10.0,2.0,0.71,0.20451716901152395,0.38140838098479435,0.5859255499963183,98889,5,5,0,1101,13,30000,24066,87b8844ac7b9d3a87c2fb463896f07e32dca44c2e1ff2bf185b9dbaafbc55156,2026-09-23T19:18:06.688453+00:00
scenario_01,covasim,3.1.8,100000,100,29,8775338,83b4e1da2783f17377cf65d5f9c270629dd633191f581ff139c5b60c5d080e99,500000,10.0,2.0,0.71,0.20432508498197421,0.34974066901486367,0.5540657539968379,98978,10,20,0,992,10,30000,23855,c7bd68ecd5187fb91d561b9d3d7cd1f1ec55e9baa60114326c34122c915b367f,2026-09-23T19:18:08.115626+00:00
scenario_01,covasim,3.1.8,100000,100,30,8775339,83b4e1da2783f17377cf65d5f9c270629dd633191f581ff139c5b60c5d080e99,500000,10.0,2.0,0.71,0.2026619160315022,0.3674405279743951,0.5701024440058973,98758,9,13,0,1220,12,30000,23994,329afad555a983f5a13c63b7ba21baa2830a5913d2b8d8d3032105bad2f8e239,2026-09-23T19:18:09.403173+00:00
scenario_01,covasim,3.1.8,100000,100,31,8775340,83b4e1da2783f17377cf65d5f9c270629dd633191f581ff139c5b60c5d080e99,500000,10.0,2.0,0.71,0.20257662498624995,0.3542395920085255,0.5568162169947755,98987,9,23,2,979,8,30000,24048,d1501acce6b82e169ae5f1c7a25e0ff11b1f708936494e3bf71a3c7b0fa7436b,2026-09-23T19:18:10.658729+00:00
scenario_01,covasim,3.1.8,100000,100,32,8775341,83b4e1da2783f17377cf65d5f9c270629dd633191f581ff139c5b60c5d080e99,500000,10.0,2.0,0.71,0.20245678999344818,0.3531475909985602,0.5556043809920084,98995,7,12,2,984,11,30000,24096,1a9ebcbcdbaeb3ac5132bf5eabf01c40d1c8ef77e382f120b8d0c7a7a94b8971,2026-09-23T19:18:11.924761+00:00
scenario_01,covasim,3.1.8,100000,100,33,8775342,83b4e1da2783f17377cf65d5f9c270629dd633191f581ff139c5b60c5d080e99,500000,10.0,2.0,0.71,0.2045120850089006,0.3604153929918539,0.5649274780007545,99129,16,18,4,833,7,30000,24046,684eae9be26802548965eea4df63b542deba892d8b54c8e92fbc68d803957f12,2026-09-23T19:18:13.212893+00:00
scenario_01,covasim,3.1.8,100000,100,34,8775343,83b4e1da2783f17377cf65d5f9c270629dd633191f581ff139c5b60c5d080e99,500000,10.0,2.0,0.71,0.2046257100009825,0.3777754600159824,0.5824011700169649,98705,17,46,8,1224,10,30000,23988,3a170f456578d305c699b86d59b0dca644d3fa7f98e5b33770451bef75a77b81,2026-09-23T19:18:14.512684+00:00
scenario_01,covasim,3.1.8,100000,100,35,8775344,83b4e1da2783f17377cf65d5f9c270629dd633191f581ff139c5b60c5d080e99,500000,10.0,2.0,0.71,0.2061312129953876,0.3603416009864304,0.566472813981818,98681,8,21,2,1288,13,30000,23903,2da42faae9a408157b4024ce2aefde953e8e8650e4c3f807736b687440aa7ba4,2026-09-23T19:18:15.843643+00:00
scenario_01,covasim,3.1.8,100000,100,36,8775345,83b4e1da2783f17377cf65d5f9c270629dd633191f581ff139c5b60c5d080e99,500000,10.0,2.0,0.71,0.20251312499749474,0.3532330489833839,0.5557461739808787,98844,8,20,2,1126,10,30000,24002,2b054ef450165060071ea5d04a3c7a87151761bea98416223caa519de2f71f7f,2026-09-23T19:18:17.158294+00:00
scenario_01,covasim,3.1.8,100000,100,37,8775346,83b4e1da2783f17377cf65d5f9c270629dd633191f581ff139c5b60c5d080e99,500000,10.0,2.0,0.71,0.19809961802093312,0.3545736759842839,0.552673294005217,98506,20,35,2,1437,13,30000,24070,8e1837241432e6c9517aba07e7e6ca18daef987b2c01107cf14e76e736f91a08,2026-09-23T19:18:18.445961+00:00
scenario_01,covasim,3.1.8,100000,100,38,8775347,83b4e1da2783f17377cf65d5f9c270629dd633191f581ff139c5b60c5d080e99,500000,10.0,2.0,0.71,0.19981341299717315,0.3675309859972913,0.5673443989944644,98770,18,35,4,1173,12,30000,24019,1aee510be947242ac5f245d813ea9a7ccff512eb042b976f058b77fa1fe21111,2026-09-23T19:18:19.741015+00:00
scenario_01,covasim,3.1.8,100000,100,39,8775348,83b4e1da2783f17377cf65d5f9c270629dd633191f581ff139c5b60c5d080e99,500000,10.0,2.0,0.71,0.20095524701173417,0.351616964006098,0.5525722110178322,98711,20,43,6,1220,14,30000,24056,1fba3d1d92fc3cb9af4e0322bbe112578c0158a933d489025bf3bc7274c83a07,2026-09-23T19:18:21.022841+00:00
scenario_01,covasim,3.1.8,100000,100,40,8775349,83b4e1da2783f17377cf65d5f9c270629dd633191f581ff139c5b60c5d080e99,500000,10.0,2.0,0.71,0.20162428996991366,0.3516174220130779,0.5532417119829915,98677,12,25,0,1286,12,30000,23954,e2d3873422296daad2a13f17d20463b0ce29b66b90a2d11c0c1b00a631c7578d,2026-09-23T19:18:22.304333+00:00
scenario_01,covasim,3.1.8,100000,100,41,8775350,83b4e1da2783f17377cf65d5f9c270629dd633191f581ff139c5b60c5d080e99,500000,10.0,2.0,0.71,0.20539596199523658,0.3511643380043097,0.5565602999995463,98961,20,37,2,980,9,30000,23945,550cea0f11ccfda03fb30311cb9778af9c9a6347b9c15a02fb440ceea4d52d55,2026-09-23T19:18:23.566613+00:00
scenario_01,covasim,3.1.8,100000,100,42,8775351,83b4e1da2783f17377cf65d5f9c270629dd633191f581ff139c5b60c5d080e99,500000,10.0,2.0,0.71,0.2046627109812107,0.35610417800489813,0.5607668889861088,98653,22,42,0,1283,10,30000,23928,b5efa3d8a656ebdc143234ca9a96f483d514255b6cbc5a2dbadb308b4d74bba6,2026-09-23T19:18:24.832721+00:00
scenario_01,covasim,3.1.8,100000,100,43,8775352,83b4e1da2783f17377cf65d5f9c270629dd633191f581ff139c5b60c5d080e99,500000,10.0,2.0,0.71,0.2020544989791233,0.3585661820252426,0.5606206810043659,98774,10,25,0,1191,10,30000,24093,483b459bfb51f9fd805212619f2b6b01e96b47960716be5f5e61f387be4fcc37,2026-09-23T19:18:26.155534+00:00
scenario_01,covasim,3.1.8,100000,100,44,8775353,83b4e1da2783f17377cf65d5f9c270629dd633191f581ff139c5b60c5d080e99,500000,10.0,2.0,0.71,0.20517925400054082,0.3588362229929771,0.564015476993518,98568,21,45,2,1364,15,30000,24142,bc171ce7998d2849b0a9f1f82cf246beb8097f46c3dd213252ca195bb24aa511,2026-09-23T19:18:27.485322+00:00
scenario_01,covasim,3.1.8,100000,100,45,8775354,83b4e1da2783f17377cf65d5f9c270629dd633191f581ff139c5b60c5d080e99,500000,10.0,2.0,0.71,0.20611729501979426,0.3650964419939555,0.5712137370137498,98777,15,34,3,1171,10,30000,24010,56c9105fc4e1e083fa4001b2c4393401b211ac1d1eb78473ff155d48e8a65629,2026-09-23T19:18:28.802285+00:00
scenario_01,covasim,3.1.8,100000,100,46,8775355,83b4e1da2783f17377cf65d5f9c270629dd633191f581ff139c5b60c5d080e99,500000,10.0,2.0,0.71,0.22567965800408274,0.37841416799346916,0.6040938259975519,99083,7,27,3,880,10,30000,24108,5904c817b47c79cc0616ddea0467c251fe7d48eb58ab560e4bcb6126a3d39393,2026-09-23T19:18:30.198197+00:00
scenario_01,covasim,3.1.8,100000,100,47,8775356,83b4e1da2783f17377cf65d5f9c270629dd633191f581ff139c5b60c5d080e99,500000,10.0,2.0,0.71,0.22697636799421161,0.38746055599767715,0.6144369239918888,98907,10,19,5,1059,11,30000,24002,44fca617d842b6532327bec0e1c96bc5d364b688ce3fae64bcc94d07977da3d7,2026-09-23T19:18:31.702815+00:00
scenario_01,covasim,3.1.8,100000,100,48,8775357,83b4e1da2783f17377cf65d5f9c270629dd633191f581ff139c5b60c5d080e99,500000,10.0,2.0,0.71,0.2280442859919276,0.38498509500641376,0.6130293809983414,98605,19,41,3,1332,18,30000,24125,36d136a9e437b53f41cba1906577f4ef0e653376450d14dea3db09b2dcb7f54a,2026-09-23T19:18:33.165948+00:00
scenario_01,covasim,3.1.8,100000,100,49,8775358,83b4e1da2783f17377cf65d5f9c270629dd633191f581ff139c5b60c5d080e99,500000,10.0,2.0,0.71,0.2298964970104862,0.37051544900168665,0.6004119460121728,98937,7,30,0,1026,11,30000,24072,9e06274c5a6b4043debc9b5dd9b4c3f408c9525c756d5dde5d224c4e57d20d10,2026-09-23T19:18:34.645519+00:00
scenario_01,covasim,3.1.8,100000,100,50,8775359,83b4e1da2783f17377cf65d5f9c270629dd633191f581ff139c5b60c5d080e99,500000,10.0,2.0,0.71,0.23588642201502807,0.3902261439943686,0.6261125660093967,98546,27,49,5,1373,19,30000,23992,2e8b52f45a56a0f1af0dd4cfa19a9aa861427172606ab1eb14e4465068e13f57,2026-09-23T19:18:36.101750+00:00
scenario_01,covasim,3.1.8,100000,100,51,8775360,83b4e1da2783f17377cf65d5f9c270629dd633191f581ff139c5b60c5d080e99,500000,10.0,2.0,0.71,0.21488843401311897,0.3641734809789341,0.5790619149920531,98679,23,40,7,1251,15,30000,24037,752ecc91ec34d1003b6cdb61343abc8669a637fbf838830e17824a91f4c400c3,2026-09-23T19:18:37.507584+00:00
scenario_01,covasim,3.1.8,100000,100,52,8775361,83b4e1da2783f17377cf65d5f9c270629dd633191f581ff139c5b60c5d080e99,500000,10.0,2.0,0.71,0.2108215949847363,0.3679973199905362,0.5788189149752725,98532,29,54,2,1383,14,30000,24044,cdb8eb982eb62084f00ac4f41ca816156609762762cefb306a8f03b226f01a26,2026-09-23T19:18:38.835896+00:00
scenario_01,covasim,3.1.8,100000,100,53,8775362,83b4e1da2783f17377cf65d5f9c270629dd633191f581ff139c5b60c5d080e99,500000,10.0,2.0,0.71,0.2078850899997633,0.35558888598461635,0.5634739759843796,98573,22,42,4,1359,11,30000,24084,738f7abfe1f9494741c69a5e468fb76ced8ccaf96cea00a8fcdc45a5607406df,2026-09-23T19:18:40.150753+00:00
scenario_01,covasim,3.1.8,100000,100,54,8775363,83b4e1da2783f17377cf65d5f9c270629dd633191f581ff139c5b60c5d080e99,500000,10.0,2.0,0.71,0.22121323400642723,0.3626078960078303,0.5838211300142575,98859,16,21,1,1103,14,30000,24038,c48cfb23991bfe836e99c533726f4a9c25c031fe3362edf6f2a7a83714362c40,2026-09-23T19:18:41.489788+00:00
scenario_01,covasim,3.1.8,100000,100,55,8775364,83b4e1da2783f17377cf65d5f9c270629dd633191f581ff139c5b60c5d080e99,500000,10.0,2.0,0.71,0.2128379310015589,0.3599461420089938,0.5727840730105527,98905,7,26,1,1061,9,30000,24012,2a361dc93198cb3f9672715f73dc18029ff5a6d15373a999e65bb06ff6a11267,2026-09-23T19:18:42.799668+00:00
scenario_01,covasim,3.1.8,100000,100,56,8775365,83b4e1da2783f17377cf65d5f9c270629dd633191f581ff139c5b60c5d080e99,500000,10.0,2.0,0.71,0.2109460530045908,0.38084542198339477,0.5917914749879856,98825,8,24,1,1142,10,30000,24030,9d538ee4ce103c03e5f48dfa74f7aa7f0ea8df4f5c570a8838a84d7711929715,2026-09-23T19:18:44.147075+00:00
scenario_01,covasim,3.1.8,100000,100,57,8775366,83b4e1da2783f17377cf65d5f9c270629dd633191f581ff139c5b60c5d080e99,500000,10.0,2.0,0.71,0.223838113975944,0.38653626301675104,0.610374376992695,98933,5,5,1,1056,12,30000,24127,4d269a367f6b5cdd99601364d36317a4393e70b7ffd7868769401ceca99635c0,2026-09-23T19:18:45.584356+00:00
scenario_01,covasim,3.1.8,100000,100,58,8775367,83b4e1da2783f17377cf65d5f9c270629dd633191f581ff139c5b60c5d080e99,500000,10.0,2.0,0.71,0.2213663180009462,0.39391306598554365,0.6152793839864898,98909,6,17,0,1068,16,30000,24136,85a131a66a9ecf308496e2cc856eed7667c2c57ea438186cb3eeec6046938f93,2026-09-23T19:18:47.046611+00:00
scenario_01,covasim,3.1.8,100000,100,59,8775368,83b4e1da2783f17377cf65d5f9c270629dd633191f581ff139c5b60c5d080e99,500000,10.0,2.0,0.71,0.21371293099946342,0.35946014200453646,0.5731730730039999,98714,14,23,1,1248,12,30000,24069,b1a676753f558076e8514c1bb6135c80668346bee5dbfa87f1bb84e839099888,2026-09-23T19:18:48.459321+00:00
scenario_01,covasim,3.1.8,100000,100,60,8775369,83b4e1da2783f17377cf65d5f9c270629dd633191f581ff139c5b60c5d080e99,500000,10.0,2.0,0.71,0.19922582898288965,0.3608606430061627,0.5600864719890524,98808,19,38,2,1133,9,30000,24019,47b21f65e235a3668aa251768df1c74cc15ff0d712fe05385ce21e1287819a6a,2026-09-23T19:18:49.779534+00:00
scenario_01,covasim,3.1.8,100000,100,61,8775370,83b4e1da2783f17377cf65d5f9c270629dd633191f581ff139c5b60c5d080e99,500000,10.0,2.0,0.71,0.2116376789927017,0.3584989740047604,0.5701366529974621,98928,13,29,3,1027,12,30000,23882,5b410f4130285f4661a2ee911f298c875c3108e1b59e5ba6639c31d10bf0bf46,2026-09-23T19:18:51.103221+00:00
scenario_01,covasim,3.1.8,100000,100,62,8775371,83b4e1da2783f17377cf65d5f9c270629dd633191f581ff139c5b60c5d080e99,500000,10.0,2.0,0.71,0.2077668810088653,0.36099639398162253,0.5687632749904878,98846,15,32,1,1106,11,30000,24030,55c4772b8019909af950d69704cac2d863fff647d5aa0430753447e24d107fb3,2026-09-23T19:18:52.455833+00:00
scenario_01,covasim,3.1.8,100000,100,63,8775372,83b4e1da2783f17377cf65d5f9c270629dd633191f581ff139c5b60c5d080e99,500000,10.0,2.0,0.71,0.20288287400035188,0.36114126900793053,0.5640241430082824,98713,34,60,2,1191,8,30000,24052,76101a2b33e87c1ad4d9e287f77c2822f1678df0ecb822db5d5774061dc04d76,2026-09-23T19:18:53.762694+00:00
scenario_01,covasim,3.1.8,100000,100,64,8775373,83b4e1da2783f17377cf65d5f9c270629dd633191f581ff139c5b60c5d080e99,500000,10.0,2.0,0.71,0.20400600097491406,0.3563735540083144,0.5603795549832284,98880,10,25,0,1085,8,30000,23874,fa60f67ef06aefb363e6e8168b75a611a1aed387f9be7bb87a61ca6012959c6e,2026-09-23T19:18:55.055832+00:00
scenario_01,covasim,3.1.8,100000,100,65,8775374,83b4e1da2783f17377cf65d5f9c270629dd633191f581ff139c5b60c5d080e99,500000,10.0,2.0,0.71,0.2067094219964929,0.3631850630044937,0.5698944850009866,98727,15,31,0,1227,9,30000,23981,c480d3f0ae43d66e512f4c0cb7449a10a1eb406bb0a9eff5eeeea23d910057fe,2026-09-23T19:18:56.363317+00:00
scenario_01,covasim,3.1.8,100000,100,66,8775375,83b4e1da2783f17377cf65d5f9c270629dd633191f581ff139c5b60c5d080e99,500000,10.0,2.0,0.71,0.21202213800279424,0.3649429409997538,0.576965079002548,98948,14,16,1,1021,10,30000,24038,635118a1184c0c3fdcc7d1d279e80645c933a0e7268d79f9ee0eecfd7510ca20,2026-09-23T19:18:57.719451+00:00
scenario_01,covasim,3.1.8,100000,100,67,8775376,83b4e1da2783f17377cf65d5f9c270629dd633191f581ff139c5b60c5d080e99,500000,10.0,2.0,0.71,0.2062770459742751,0.3583337650052272,0.5646108109795023,98736,13,36,0,1215,12,30000,23958,76cf9b6d36e05c05973428b44f1a41017b80264b1571de5058396b4d6cdc3137,2026-09-23T19:18:59.026130+00:00
scenario_01,covasim,3.1.8,100000,100,68,8775377,83b4e1da2783f17377cf65d5f9c270629dd633191f581ff139c5b60c5d080e99,500000,10.0,2.0,0.71,0.2114543869975023,0.3634241480031051,0.5748785350006074,98741,3,14,2,1240,8,30000,23941,bbbbad3cfd7c9dfec5335da52ce4366060d9338bf2e12095c2320dff794d2e09,2026-09-23T19:19:00.347122+00:00
scenario_01,covasim,3.1.8,100000,100,69,8775378,83b4e1da2783f17377cf65d5f9c270629dd633191f581ff139c5b60c5d080e99,500000,10.0,2.0,0.71,0.20506291900528595,0.3575976809952408,0.5626606000005268,98682,12,20,3,1283,14,30000,24083,8a1cd20d10f8b5a73909be427d300625f8f424ff4e8291f2d08741933a7fee49,2026-09-23T19:19:01.664254+00:00
scenario_01,covasim,3.1.8,100000,100,70,8775379,83b4e1da2783f17377cf65d5f9c270629dd633191f581ff139c5b60c5d080e99,500000,10.0,2.0,0.71,0.20656979599152692,0.35977668399573304,0.56634647998726,99022,12,21,3,942,8,30000,24082,d74be610bfe63edd0814f99a665752d7b08bad85b86f364e9362cc2ee49f6787,2026-09-23T19:19:03.006961+00:00
scenario_01,covasim,3.1.8,100000,100,71,8775380,83b4e1da2783f17377cf65d5f9c270629dd633191f581ff139c5b60c5d080e99,500000,10.0,2.0,0.71,0.20576046197675169,0.3591216830245685,0.5648821450013202,98646,15,27,5,1307,11,30000,23994,5794672c169e8e93e15c086ee06eb23b757dd9348e9aa2c2580087c29c85e914,2026-09-23T19:19:04.315850+00:00
scenario_01,covasim,3.1.8,100000,100,72,8775381,83b4e1da2783f17377cf65d5f9c270629dd633191f581ff139c5b60c5d080e99,500000,10.0,2.0,0.71,0.20895992600708269,0.3583147639874369,0.5672746899945196,98867,6,16,0,1111,8,30000,23948,a3d620ea448716fb9db241bfd1cf4c2476a2d12450576cad05e92f8084c1722e,2026-09-23T19:19:05.653633+00:00
scenario_01,covasim,3.1.8,100000,100,73,8775382,83b4e1da2783f17377cf65d5f9c270629dd633191f581ff139c5b60c5d080e99,500000,10.0,2.0,0.71,0.2065641299705021,0.3568310550181195,0.5633951849886216,99050,6,13,0,931,9,30000,24136,c3af86d45eb8e8824a0005d618d306bb190ecbdc6c1ae5c192609e5d04e4a2d2,2026-09-23T19:19:06.988918+00:00
scenario_01,covasim,3.1.8,100000,100,74,8775383,83b4e1da2783f17377cf65d5f9c270629dd633191f581ff139c5b60c5d080e99,500000,10.0,2.0,0.71,0.2069196299999021,0.35697005499969237,0.5638896849995945,98806,8,17,0,1169,11,30000,24046,bef48001e28f62d6a5fb662494f1da40a24ee6f44cd786bf1c61567e0712bc86,2026-09-23T19:19:08.329719+00:00
scenario_01,covasim,3.1.8,100000,100,75,8775384,83b4e1da2783f17377cf65d5f9c270629dd633191f581ff139c5b60c5d080e99,500000,10.0,2.0,0.71,0.20931242598453537,0.3636684810044244,0.5729809069889598,98639,17,45,2,1297,12,30000,24031,6cf74481c4abaad82d4c02f81c4732e2905f357d075b920a4f3835874a2bf10d,2026-09-23T19:19:09.656063+00:00
scenario_01,covasim,3.1.8,100000,100,76,8775385,83b4e1da2783f17377cf65d5f9c270629dd633191f581ff139c5b60c5d080e99,500000,10.0,2.0,0.71,0.20583521199296229,0.358804515999509,0.5646397279924713,98679,15,34,0,1272,13,30000,24007,69501b3e838e01355de3116beda96fbb333d3bc0e625b84179cb91dd77666e51,2026-09-23T19:19:10.961827+00:00
scenario_01,covasim,3.1.8,100000,100,77,8775386,83b4e1da2783f17377cf65d5f9c270629dd633191f581ff139c5b60c5d080e99,500000,10.0,2.0,0.71,0.20749450699076988,0.35199792200000957,0.5594924289907794,98799,9,21,0,1171,12,30000,23953,13bd5730d4195628fe3e0d1bd88beff870efb0f648b54a75b209af2399bf1273,2026-09-23T19:19:12.271637+00:00
scenario_01,covasim,3.1.8,100000,100,78,8775387,83b4e1da2783f17377cf65d5f9c270629dd633191f581ff139c5b60c5d080e99,500000,10.0,2.0,0.71,0.2065686720306985,0.3602340589859523,0.5668027310166508,98834,15,26,0,1125,12,30000,24003,1d3f75448840815fb3c0a38671f3dd699606c86cd2f7c7aba9cf893d2d880156,2026-09-23T19:19:13.607490+00:00
scenario_01,covasim,3.1.8,100000,100,79,8775388,83b4e1da2783f17377cf65d5f9c270629dd633191f581ff139c5b60c5d080e99,500000,10.0,2.0,0.71,0.20568013002048247,0.3545492169796489,0.5602293470001314,98998,8,16,0,978,9,30000,23950,b6b87fb40e7d345eca73de208466abcfd937f072da5de9fe1f71ebd1f71f913f,2026-09-23T19:19:14.926132+00:00
scenario_01,covasim,3.1.8,100000,100,80,8775389,83b4e1da2783f17377cf65d5f9c270629dd633191f581ff139c5b60c5d080e99,500000,10.0,2.0,0.71,0.20666646302561276,0.36090876898379065,0.5675752320094034,98965,16,31,2,986,8,30000,23991,f334809a0c0393968cb8c3e53d6bccc76e3a999e8d324eaacccc7fda8c0a7995,2026-09-23T19:19:16.220979+00:00
scenario_01,covasim,3.1.8,100000,100,81,8775390,83b4e1da2783f17377cf65d5f9c270629dd633191f581ff139c5b60c5d080e99,500000,10.0,2.0,0.71,0.20821934103150852,0.3710726579884067,0.5792919990199152,98920,14,24,2,1040,9,30000,24084,6b790af4be6ad53a3c7799303fd542dd0aab93c6aef80818d998ae2048028747,2026-09-23T19:19:17.535598+00:00
scenario_01,covasim,3.1.8,100000,100,82,8775391,83b4e1da2783f17377cf65d5f9c270629dd633191f581ff139c5b60c5d080e99,500000,10.0,2.0,0.71,0.20188687401241623,0.3549439259804785,0.5568307999928948,98934,2,7,0,1057,12,30000,23987,2b25effdf8692528c2668bd9af77ae5540730c0c09f1ecf19c4c397897a2d074,2026-09-23T19:19:18.848749+00:00
scenario_01,covasim,3.1.8,100000,100,83,8775392,83b4e1da2783f17377cf65d5f9c270629dd633191f581ff139c5b60c5d080e99,500000,10.0,2.0,0.71,0.20567487899097614,0.35617826200905256,0.5618531410000287,98901,5,12,1,1081,10,30000,23787,24c80a666d35e77a7900afe7e6d9418c5b7b6609c1f8fd13d845546a30e20233,2026-09-23T19:19:20.146211+00:00
scenario_01,covasim,3.1.8,100000,100,84,8775393,83b4e1da2783f17377cf65d5f9c270629dd633191f581ff139c5b60c5d080e99,500000,10.0,2.0,0.71,0.20719034000649117,0.3603933090053033,0.5675836490117945,98820,20,36,0,1124,8,30000,24019,cf906d58ae8821b356f9f5e2e07543a93b9fcf68191c35420f022db2d52febf9,2026-09-23T19:19:21.477867+00:00
scenario_01,covasim,3.1.8,100000,100,85,8775394,83b4e1da2783f17377cf65d5f9c270629dd633191f581ff139c5b60c5d080e99,500000,10.0,2.0,0.71,0.20898563400260173,0.37101665799855255,0.5800022920011543,98576,16,50,2,1356,16,30000,24018,a0128a50e574d0c060490f0b38b9d907613d5f36aac42e858895e0a7619f9637,2026-09-23T19:19:22.790670+00:00
scenario_01,covasim,3.1.8,100000,100,86,8775395,83b4e1da2783f17377cf65d5f9c270629dd633191f581ff139c5b60c5d080e99,500000,10.0,2.0,0.71,0.21034225999028422,0.36107060199719854,0.5714128619874828,99064,14,23,1,898,15,30000,24085,96ba982e5ed24d39a4b93ae6e49d7807c359da6f5229333fa8ec01c364149664,2026-09-23T19:19:24.152539+00:00
scenario_01,covasim,3.1.8,100000,100,87,8775396,83b4e1da2783f17377cf65d5f9c270629dd633191f581ff139c5b60c5d080e99,500000,10.0,2.0,0.71,0.20762992298114114,0.35434309201082215,0.5619730149919633,98939,5,19,1,1036,11,30000,23951,131fd304278fc81fd4b6e786a14b982fb9fa0934e7763438ea3c3efb79e8dc00,2026-09-23T19:19:25.476135+00:00
scenario_01,covasim,3.1.8,100000,100,88,8775397,83b4e1da2783f17377cf65d5f9c270629dd633191f581ff139c5b60c5d080e99,500000,10.0,2.0,0.71,0.2056352529907599,0.36681290200795047,0.5724481549987104,98834,4,14,2,1146,12,30000,24037,718868202e48f866b91c51fc7814392c09409352e9d80854c7218ff39801bbce,2026-09-23T19:19:26.790747+00:00
scenario_01,covasim,3.1.8,100000,100,89,8775398,83b4e1da2783f17377cf65d5f9c270629dd633191f581ff139c5b60c5d080e99,500000,10.0,2.0,0.71,0.2179635209904518,0.38434438599506393,0.6023079069855157,98614,14,42,3,1327,15,30000,23968,3234a7255fed500cd0e32cd61ead24d8f253cd167e234135a1bb764086dd1fe1,2026-09-23T19:19:28.176592+00:00
scenario_01,covasim,3.1.8,100000,100,90,8775399,83b4e1da2783f17377cf65d5f9c270629dd633191f581ff139c5b60c5d080e99,500000,10.0,2.0,0.71,0.21546789299463853,0.38066867098677903,0.5961365639814176,98825,14,26,2,1133,8,30000,23983,b338702282db70d6de0a9bdba23f775d10e43d1a7bb9c73d72eb9571b64d57a5,2026-09-23T19:19:29.600742+00:00
scenario_01,covasim,3.1.8,100000,100,91,8775400,83b4e1da2783f17377cf65d5f9c270629dd633191f581ff139c5b60c5d080e99,500000,10.0,2.0,0.71,0.21443643301608972,0.37427166299312375,0.5887080960092135,98615,21,29,1,1334,11,30000,23916,95bbf1329ee70cc13d0abd47389031383012a715e4732d1bc3a2dec222a8f56e,2026-09-23T19:19:30.991514+00:00
scenario_01,covasim,3.1.8,100000,100,92,8775401,83b4e1da2783f17377cf65d5f9c270629dd633191f581ff139c5b60c5d080e99,500000,10.0,2.0,0.71,0.20660721400054172,0.3614922690030653,0.568099483003607,98779,13,28,3,1177,9,30000,23968,5658afdc66dcb3bfd5f42ed653f34ff62b001fc8ef9a69c1b0987b359defd7e9,2026-09-23T19:19:32.317883+00:00
scenario_01,covasim,3.1.8,100000,100,93,8775402,83b4e1da2783f17377cf65d5f9c270629dd633191f581ff139c5b60c5d080e99,500000,10.0,2.0,0.71,0.2101180519675836,0.3564125530247111,0.5665306049922947,98714,16,30,2,1238,13,30000,24108,ffc4f383a7c8d7141ea4c8b3f69650e887a94686b9b1961000f87d8ba63ab6e3,2026-09-23T19:19:33.621245+00:00
scenario_01,covasim,3.1.8,100000,100,94,8775403,83b4e1da2783f17377cf65d5f9c270629dd633191f581ff139c5b60c5d080e99,500000,10.0,2.0,0.71,0.21235747099854052,0.35131742199882865,0.5636748929973692,99042,5,10,0,943,11,30000,24009,1904166ef49f6b6f48b955cb320949b9de2a335ee7d1a3af4189f3165e27922d,2026-09-23T19:19:34.950043+00:00
scenario_01,covasim,3.1.8,100000,100,95,8775404,83b4e1da2783f17377cf65d5f9c270629dd633191f581ff139c5b60c5d080e99,500000,10.0,2.0,0.71,0.20944892699480988,0.35851143099716865,0.5679603579919785,98848,13,21,1,1117,13,30000,23929,33bb3f93172a1158b3cbe619ed57d3b33f7544a0a6775e21decabad229a6e1cf,2026-09-23T19:19:36.262553+00:00
scenario_01,covasim,3.1.8,100000,100,96,8775405,83b4e1da2783f17377cf65d5f9c270629dd633191f581ff139c5b60c5d080e99,500000,10.0,2.0,0.71,0.205521296011284,0.3761857899953611,0.5817070860066451,98889,11,16,1,1083,12,30000,23949,3974fd3d49125f52c8ab355a7615d27b98ba41b89be4f588ef867508edb3c87a,2026-09-23T19:19:37.590131+00:00
scenario_01,covasim,3.1.8,100000,100,97,8775406,83b4e1da2783f17377cf65d5f9c270629dd633191f581ff139c5b60c5d080e99,500000,10.0,2.0,0.71,0.2393720099935308,0.3757186649891082,0.615090674982639,98578,18,28,0,1376,13,30000,23903,a6f9369ff1c42477d15a8934cd3c82aca342f9f4df9bc06111c0d74c2372fe2c,2026-09-23T19:19:39.120312+00:00
scenario_01,covasim,3.1.8,100000,100,98,8775407,83b4e1da2783f17377cf65d5f9c270629dd633191f581ff139c5b60c5d080e99,500000,10.0,2.0,0.71,0.20904671799507923,0.36063322599511594,0.5696799439901952,98873,8,19,0,1100,10,30000,23969,1878a227cb3dad5c49b4dee895862853bdc8296da380c8c6fb0d8cff5727fafe,2026-09-23T19:19:40.502818+00:00
scenario_01,covasim,3.1.8,100000,100,99,8775408,83b4e1da2783f17377cf65d5f9c270629dd633191f581ff139c5b60c5d080e99,500000,10.0,2.0,0.71,0.20753113098908216,0.3591501830087509,0.5666813139978331,98811,15,24,4,1146,14,30000,24056,a842355c62c7e841b5661495f3cf4698a660e71158db1544ba74ebf4b1e6ee17,2026-09-23T19:19:41.799835+00:00
scenario_01,covasim,3.1.8,100000,100,100,8775409,83b4e1da2783f17377cf65d5f9c270629dd633191f581ff139c5b60c5d080e99,500000,10.0,2.0,0.71,0.20729313197080046,0.35546667702146806,0.5627598089922685,99010,10,30,2,948,11,30000,23934,d0b8cdba82e735c67d21e71d7075e79a4f62230007a4cf10593c18f982330412,2026-09-23T19:19:43.100061+00:00
scenario_01,epiworldR,0.15.1.0,1000,10,1,8675310,7635ee4af91779574edf0c51b32dfc52852948c78f93ddb8b67c2c94252c023d,5000,10,2,1,0.032,0.001,0.033,973,5,10,1,11,1,300,238,3bc3f5e24e84f8677ad760ab82ea1bdfbaecd279d92db52628b945b40a56b21c,2026-09-23 18:41:50 UTC
scenario_01,epiworldR,0.15.1.0,10000,100,1,8675310,a81eb8a7b4c49dbd245a57ae13561b313c2c060fc6f00249c6dda8fb36336134,50000,10,2,1,0.034,0.014,0.048,8973,15,32,2,978,7,3000,2401,b6209325d6d7c9babb176f1184fe3ba80d821818a8f2f3310b00320129a5b616,2026-09-23 19:31:09 UTC
scenario_01,epiworldR,0.15.1.0,10000,100,2,8675311,a81eb8a7b4c49dbd245a57ae13561b313c2c060fc6f00249c6dda8fb36336134,50000,10,2,1,0.034,0.014,0.048,8821,13,35,0,1131,7,3000,2432,051e35910d49747543be7934465a627094ba936f9119a75695e6d0ffd8a64385,2026-09-23 19:31:09 UTC
scenario_01,epiworldR,0.15.1.0,10000,100,3,8675312,a81eb8a7b4c49dbd245a57ae13561b313c2c060fc6f00249c6dda8fb36336134,50000,10,2,1,0.036,0.012,0.048,9087,7,19,1,886,5,3000,2442,f1263421522873ec9957e0e50b967d605225d2613ae06e1d7aeceddf67ff5947,2026-09-23 19:31:09 UTC
scenario_01,epiworldR,0.15.1.0,10000,100,4,8675313,a81eb8a7b4c49dbd245a57ae13561b313c2c060fc6f00249c6dda8fb36336134,50000,10,2,1,0.035,0.012,0.047,8922,11,35,0,1032,9,3000,2409,95f82fa9383241ba1f8c06157cdad32d13207bc59bdd29d0a28a3a213c11e61d,2026-09-23 19:31:09 UTC
scenario_01,epiworldR,0.15.1.0,10000,100,5,8675314,a81eb8a7b4c49dbd245a57ae13561b313c2c060fc6f00249c6dda8fb36336134,50000,10,2,1,0.033,0.014,0.047,8737,13,28,1,1221,12,3000,2380,f56d57d6ca350530b4b63ba1c265911caf27adb25af585e9dec139525717ef61,2026-09-23 19:31:09 UTC
scenario_01,epiworldR,0.15.1.0,10000,100,6,8675315,a81eb8a7b4c49dbd245a57ae13561b313c2c060fc6f00249c6dda8fb36336134,50000,10,2,1,0.035,0.016,0.051,8570,15,42,3,1370,9,3000,2394,9535027f6a14ebf7f771d7a269dc49d6d9f3c943cc20a16a55b5ba51b1bf70d9,2026-09-23 19:31:09 UTC
scenario_01,epiworldR,0.15.1.0,10000,100,7,8675316,a81eb8a7b4c49dbd245a57ae13561b313c2c060fc6f00249c6dda8fb36336134,50000,10,2,1,0.033,0.016,0.049,8732,37,64,5,1162,5,3000,2413,cd08505f00919f8185e0aaa76a0125fad5ec22231622febc31f9db8094358bc5,2026-09-23 19:31:10 UTC
scenario_01,epiworldR,0.15.1.0,10000,100,8,8675317,a81eb8a7b4c49dbd245a57ae13561b313c2c060fc6f00249c6dda8fb36336134,50000,10,2,1,0.037,0.013,0.05,8854,9,36,3,1098,9,3000,2462,115f801b1b61a798d946d95388e813b15b6039eb3b510e04dac412e1958f408f,2026-09-23 19:31:10 UTC
scenario_01,epiworldR,0.15.1.0,10000,100,9,8675318,a81eb8a7b4c49dbd245a57ae13561b313c2c060fc6f00249c6dda8fb36336134,50000,10,2,1,0.034,0.015,0.049,8770,17,41,1,1171,10,3000,2387,9f435ab3529eeda13dac82c4e64b5c01d163b0bc6ad1332d03c6da2758eeb38d,2026-09-23 19:31:10 UTC
scenario_01,epiworldR,0.15.1.0,10000,100,10,8675319,a81eb8a7b4c49dbd245a57ae13561b313c2c060fc6f00249c6dda8fb36336134,50000,10,2,1,0.038,0.018,0.056,8804,10,25,1,1160,8,3000,2421,5712846fd156e82cedaf366abf158a5e247d0839c6543b518f1caa590b912cc4,2026-09-23 19:31:10 UTC
scenario_01,epiworldR,0.15.1.0,10000,100,11,8675320,a81eb8a7b4c49dbd245a57ae13561b313c2c060fc6f00249c6dda8fb36336134,50000,10,2,1,0.037,0.012,0.049,9106,4,16,0,874,10,3000,2407,d0048bd3177c3c20841a67b806ad1f2e47dcd5b9292fd10a2ab8ee98b54c2397,2026-09-23 19:31:10 UTC
scenario_01,epiworldR,0.15.1.0,10000,100,12,8675321,a81eb8a7b4c49dbd245a57ae13561b313c2c060fc6f00249c6dda8fb36336134,50000,10,2,1,0.037,0.014,0.051,8823,16,30,3,1128,9,3000,2415,0344dded2dc32286b3aca896a672b6882e2ffbfa7355e4e69d1548ddc831628b,2026-09-23 19:31:10 UTC
scenario_01,epiworldR,0.15.1.0,10000,100,13,8675322,a81eb8a7b4c49dbd245a57ae13561b313c2c060fc6f00249c6dda8fb36336134,50000,10,2,1,0.036,0.013,0.049,8925,22,37,2,1014,8,3000,2383,3328482abbdeaebe332e41ed79d269b3ca9aa0c0130e4af53f1705ab8af08e8c,2026-09-23 19:31:11 UTC
scenario_01,epiworldR,0.15.1.0,10000,100,14,8675323,a81eb8a7b4c49dbd245a57ae13561b313c2c060fc6f00249c6dda8fb36336134,50000,10,2,1,0.038,0.012,0.05,9077,2,23,0,898,9,3000,2389,2e4e36979a0e0b513e59f80773ee2ca1d001b203b32c41cae59fdd6fc68caae2,2026-09-23 19:31:11 UTC
scenario_01,epiworldR,0.15.1.0,10000,100,15,8675324,a81eb8a7b4c49dbd245a57ae13561b313c2c060fc6f00249c6dda8fb36336134,50000,10,2,1,0.036,0.013,0.049,8924,24,26,3,1023,6,3000,2366,94754cdeff6234bd2d0dc3615a90237e83a325a32a7785fce377db81aa62ed2c,2026-09-23 19:31:11 UTC
scenario_01,epiworldR,0.15.1.0,10000,100,16,8675325,a81eb8a7b4c49dbd245a57ae13561b313c2c060fc6f00249c6dda8fb36336134,50000,10,2,1,0.036,0.013,0.049,8902,23,53,3,1019,7,3000,2412,7bdc82cef0bc3aa2992f8af86d1879e754dd79230d8ae11cd38aab0f24c6dfaa,2026-09-23 19:31:11 UTC
scenario_01,epiworldR,0.15.1.0,10000,100,17,8675326,a81eb8a7b4c49dbd245a57ae13561b313c2c060fc6f00249c6dda8fb36336134,50000,10,2,1,0.034,0.015,0.049,8768,27,44,1,1160,9,3000,2363,dee487a202b9af1ba30e9479523e44bb81a4d9719b9ebc500aa88da8044c5d45,2026-09-23 19:31:11 UTC
scenario_01,epiworldR,0.15.1.0,10000,100,18,8675327,a81eb8a7b4c49dbd245a57ae13561b313c2c060fc6f00249c6dda8fb36336134,50000,10,2,1,0.042,0.015,0.057,8846,11,36,2,1105,9,3000,2401,4562cfaf0288a6740c0ebacd7e703a7771acc50a31f380e67b7121c45594a16a,2026-09-23 19:31:12 UTC
scenario_01,epiworldR,0.15.1.0,10000,100,19,8675328,a81eb8a7b4c49dbd245a57ae13561b313c2c060fc6f00249c6dda8fb36336134,50000,10,2,1,0.042,0.013,0.055,8850,14,41,0,1095,7,3000,2368,8e4045b58e99255e391adadb0a11ad403bb8f62553ded4a879ce534fa7525915,2026-09-23 19:31:12 UTC
scenario_01,epiworldR,0.15.1.0,10000,100,20,8675329,a81eb8a7b4c49dbd245a57ae13561b313c2c060fc6f00249c6dda8fb36336134,50000,10,2,1,0.035,0.012,0.047,9063,8,17,1,911,6,3000,2364,42f51fbfde40c32796d25ac7c075caf4ecbcc0746723fcd3dad030eeb1bc016f,2026-09-23 19:31:12 UTC
scenario_01,epiworldR,0.15.1.0,10000,100,21,8675330,a81eb8a7b4c49dbd245a57ae13561b313c2c060fc6f00249c6dda8fb36336134,50000,10,2,1,0.034,0.013,0.047,8909,12,30,1,1048,7,3000,2374,5d663b516037d866825f24c2015b9f6d61fdff3e0d902fe7d3b940d602af5b33,2026-09-23 19:31:12 UTC
scenario_01,epiworldR,0.15.1.0,10000,100,22,8675331,a81eb8a7b4c49dbd245a57ae13561b313c2c060fc6f00249c6dda8fb36336134,50000,10,2,1,0.033,0.012,0.045,9001,21,23,1,954,6,3000,2404,755ecc68b496f54c5851dd3e78b6c19363cffaa016d659aac3e87675ccb661f3,2026-09-23 19:31:12 UTC
scenario_01,epiworldR,0.15.1.0,10000,100,23,8675332,a81eb8a7b4c49dbd245a57ae13561b313c2c060fc6f00249c6dda8fb36336134,50000,10,2,1,0.034,0.013,0.047,8813,22,29,1,1135,9,3000,2418,64737679fdd08b24b026ba9fb97217903a56db935b3e4c84a74429d37f63c65e,2026-09-23 19:31:12 UTC
scenario_01,epiworldR,0.15.1.0,10000,100,24,8675333,a81eb8a7b4c49dbd245a57ae13561b313c2c060fc6f00249c6dda8fb36336134,50000,10,2,1,0.034,0.014,0.048,8619,18,49,1,1313,8,3000,2422,b9a4754338c48a3d1f643144143bd2aa7b1bd7f3c9dc0382110ea68ddf962e62,2026-09-23 19:31:13 UTC
scenario_01,epiworldR,0.15.1.0,10000,100,25,8675334,a81eb8a7b4c49dbd245a57ae13561b313c2c060fc6f00249c6dda8fb36336134,50000,10,2,1,0.034,0.015,0.049,8692,25,54,2,1227,5,3000,2429,57104d636ff9ee712ba029c222d9c0b68f73a13ffc673469b9a9cb82a0d7e552,2026-09-23 19:31:13 UTC
scenario_01,epiworldR,0.15.1.0,10000,100,26,8675335,a81eb8a7b4c49dbd245a57ae13561b313c2c060fc6f00249c6dda8fb36336134,50000,10,2,1,0.035,0.012,0.047,9108,20,17,0,855,8,3000,2388,3910efa8f31598f0cb5d8bd998419a378cd8925768209cdb51c0020a7fbb3709,2026-09-23 19:31:13 UTC
scenario_01,epiworldR,0.15.1.0,10000,100,27,8675336,a81eb8a7b4c49dbd245a57ae13561b313c2c060fc6f00249c6dda8fb36336134,50000,10,2,1,0.034,0.012,0.046,8999,16,28,2,955,8,3000,2459,ffed5b737201b2978d2ae13d9192bc9a708ff46d212a35c9a0557a80ac2b9b6a,2026-09-23 19:31:13 UTC
scenario_01,epiworldR,0.15.1.0,10000,100,28,8675337,a81eb8a7b4c49dbd245a57ae13561b313c2c060fc6f00249c6dda8fb36336134,50000,10,2,1,0.034,0.012,0.046,8995,20,29,1,955,9,3000,2385,6da4679460f66efafd36423132aac8ffabe939a5346ff4b176a7eaa327966d64,2026-09-23 19:31:13 UTC
scenario_01,epiworldR,0.15.1.0,10000,100,29,8675338,a81eb8a7b4c49dbd245a57ae13561b313c2c060fc6f00249c6dda8fb36336134,50000,10,2,1,0.034,0.013,0.047,8944,11,29,1,1015,7,3000,2404,d94dc613a05ea7837c45e9bdc7e8d953d4649d380c6cdf0421fbbc6f2a8b756e,2026-09-23 19:31:13 UTC
scenario_01,epiworldR,0.15.1.0,10000,100,30,8675339,a81eb8a7b4c49dbd245a57ae13561b313c2c060fc6f00249c6dda8fb36336134,50000,10,2,1,0.033,0.015,0.048,8712,22,39,6,1221,7,3000,2385,193dee8bd688d2b5234e910b6eac24243084553d2155099e96d9194414bdad19,2026-09-23 19:31:14 UTC
scenario_01,epiworldR,0.15.1.0,10000,100,31,8675340,a81eb8a7b4c49dbd245a57ae13561b313c2c060fc6f00249c6dda8fb36336134,50000,10,2,1,0.034,0.016,0.05,8649,15,39,1,1296,10,3000,2432,13c5a38df6292b52d04e1143b38ea219b44d08ecc14ac56d45ad3108f6ca0dee,2026-09-23 19:31:14 UTC
scenario_01,epiworldR,0.15.1.0,10000,100,32,8675341,a81eb8a7b4c49dbd245a57ae13561b313c2c060fc6f00249c6dda8fb36336134,50000,10,2,1,0.035,0.014,0.049,8763,21,34,7,1175,8,3000,2453,16b28790264d053107e39be6de3d094a3a54510550d83c87249ccc176f6b6565,2026-09-23 19:31:14 UTC
scenario_01,epiworldR,0.15.1.0,10000,100,33,8675342,a81eb8a7b4c49dbd245a57ae13561b313c2c060fc6f00249c6dda8fb36336134,50000,10,2,1,0.033,0.014,0.047,8667,23,60,3,1247,9,3000,2411,43bbc8e261010d257161573cfd047a3418506f2f74ab6017ff53dc4b891939dc,2026-09-23 19:31:14 UTC
scenario_01,epiworldR,0.15.1.0,10000,100,34,8675343,a81eb8a7b4c49dbd245a57ae13561b313c2c060fc6f00249c6dda8fb36336134,50000,10,2,1,0.034,0.014,0.048,8753,26,47,2,1172,8,3000,2402,59731b1eeb058ca7a693eda82a501df670812579e47117d4ba6e0b3a1f569488,2026-09-23 19:31:14 UTC
scenario_01,epiworldR,0.15.1.0,10000,100,35,8675344,a81eb8a7b4c49dbd245a57ae13561b313c2c060fc6f00249c6dda8fb36336134,50000,10,2,1,0.035,0.014,0.049,8851,14,38,0,1097,9,3000,2414,7c3204cc12d09fd07c39b194e2be31c439dfca43a34aae8060017640a426486c,2026-09-23 19:31:14 UTC
scenario_01,epiworldR,0.15.1.0,10000,100,36,8675345,a81eb8a7b4c49dbd245a57ae13561b313c2c060fc6f00249c6dda8fb36336134,50000,10,2,1,0.032,0.014,0.046,8815,29,55,2,1099,9,3000,2366,b1516be0f80980e96fbcafe2287f1e139770c3ebf5774ec901622c33b0146f82,2026-09-23 19:31:15 UTC
scenario_01,epiworldR,0.15.1.0,10000,100,37,8675346,a81eb8a7b4c49dbd245a57ae13561b313c2c060fc6f00249c6dda8fb36336134,50000,10,2,1,0.033,0.013,0.046,9039,15,25,2,919,6,3000,2377,f53b4ba005bdaff496be5b33d6edf81727ad0ae6dde9f1a0046f5d177e9e0221,2026-09-23 19:31:15 UTC
scenario_01,epiworldR,0.15.1.0,10000,100,38,8675347,a81eb8a7b4c49dbd245a57ae13561b313c2c060fc6f00249c6dda8fb36336134,50000,10,2,1,0.034,0.015,0.049,8694,19,27,2,1258,8,3000,2382,7d902a8254c724a694d518604fc2c762fded3bf4531100df715ba09249479348,2026-09-23 19:31:15 UTC
scenario_01,epiworldR,0.15.1.0,10000,100,39,8675348,a81eb8a7b4c49dbd245a57ae13561b313c2c060fc6f00249c6dda8fb36336134,50000,10,2,1,0.033,0.012,0.045,9073,2,11,1,913,7,3000,2409,8ab756369cbe40f53787392dd007550e53e9f803b9812a8cddb5fe2c61b50cdf,2026-09-23 19:31:15 UTC
scenario_01,epiworldR,0.15.1.0,10000,100,40,8675349,a81eb8a7b4c49dbd245a57ae13561b313c2c060fc6f00249c6dda8fb36336134,50000,10,2,1,0.037,0.015,0.052,8666,24,47,2,1261,9,3000,2421,e0ce4a337a71860f30553faf1c02fe815a8622e2354da5e868fbee06f4eefbea,2026-09-23 19:31:15 UTC
scenario_01,epiworldR,0.15.1.0,10000,100,41,8675350,a81eb8a7b4c49dbd245a57ae13561b313c2c060fc6f00249c6dda8fb36336134,50000,10,2,1,0.038,0.013,0.051,9047,24,31,1,897,6,3000,2440,70796e7d25aa90b63222618bd70bbcb28b7cf5c4274fc89dbe55ce3aeda433f0,2026-09-23 19:31:15 UTC
scenario_01,epiworldR,0.15.1.0,10000,100,42,8675351,a81eb8a7b4c49dbd245a57ae13561b313c2c060fc6f00249c6dda8fb36336134,50000,10,2,1,0.031,0.014,0.045,8886,9,24,3,1078,8,3000,2451,ffb6933a88c551575a9cd1f943bfaa038a9b2d40821a23cf754b6414b003307c,2026-09-23 19:31:16 UTC
scenario_01,epiworldR,0.15.1.0,10000,100,43,8675352,a81eb8a7b4c49dbd245a57ae13561b313c2c060fc6f00249c6dda8fb36336134,50000,10,2,1,0.034,0.014,0.048,8745,6,18,2,1229,8,3000,2357,a2a4248e276fd3b70111bc54eae71393ffabb90c889f228b2d4b548aca23b334,2026-09-23 19:31:16 UTC
scenario_01,epiworldR,0.15.1.0,10000,100,44,8675353,a81eb8a7b4c49dbd245a57ae13561b313c2c060fc6f00249c6dda8fb36336134,50000,10,2,1,0.035,0.013,0.048,8788,13,39,2,1158,10,3000,2412,b922dad9d17663546542b6cc6c3e7e2e742f1597b8b5cc33c4a9c659c42ee477,2026-09-23 19:31:16 UTC
scenario_01,epiworldR,0.15.1.0,10000,100,45,8675354,a81eb8a7b4c49dbd245a57ae13561b313c2c060fc6f00249c6dda8fb36336134,50000,10,2,1,0.035,0.014,0.049,8684,12,26,1,1277,8,3000,2400,41775081af401a9b4487ec21f3eda71e6ae58c0f7ef2f3eecc61466c1f4f6dce,2026-09-23 19:31:16 UTC
scenario_01,epiworldR,0.15.1.0,10000,100,46,8675355,a81eb8a7b4c49dbd245a57ae13561b313c2c060fc6f00249c6dda8fb36336134,50000,10,2,1,0.035,0.014,0.049,8776,20,33,3,1168,9,3000,2385,82364459c30d4ab6508e6aff820f18cd4f484142372188fc1f514b8fb79a2365,2026-09-23 19:31:16 UTC
scenario_01,epiworldR,0.15.1.0,10000,100,47,8675356,a81eb8a7b4c49dbd245a57ae13561b313c2c060fc6f00249c6dda8fb36336134,50000,10,2,1,0.035,0.013,0.048,8878,4,11,2,1105,12,3000,2426,e0c09d81a00a9eac3ddce6d9a67d21555c8e7797e1bf3ae968f29304d0751aed,2026-09-23 19:31:16 UTC
scenario_01,epiworldR,0.15.1.0,10000,100,48,8675357,a81eb8a7b4c49dbd245a57ae13561b313c2c060fc6f00249c6dda8fb36336134,50000,10,2,1,0.034,0.014,0.048,8778,20,35,1,1166,10,3000,2407,a2c4c74eddee987b34826778ad7e8d2e517f75bc74973381010ef6d2327cd71e,2026-09-23 19:31:17 UTC
scenario_01,epiworldR,0.15.1.0,10000,100,49,8675358,a81eb8a7b4c49dbd245a57ae13561b313c2c060fc6f00249c6dda8fb36336134,50000,10,2,1,0.035,0.014,0.049,8856,26,60,2,1056,12,3000,2415,2d27aa96f527c6affbdb5c0211c33032f72480ca66ddd03933555157853cf9cf,2026-09-23 19:31:17 UTC
scenario_01,epiworldR,0.15.1.0,10000,100,50,8675359,a81eb8a7b4c49dbd245a57ae13561b313c2c060fc6f00249c6dda8fb36336134,50000,10,2,1,0.031,0.012,0.043,8835,25,43,1,1096,7,3000,2401,1d8ff5a62a6c23b0b1d623a5df636d68a0edeb729ecbd1fb56a2e9636bd46a37,2026-09-23 19:31:17 UTC
scenario_01,epiworldR,0.15.1.0,10000,100,51,8675360,a81eb8a7b4c49dbd245a57ae13561b313c2c060fc6f00249c6dda8fb36336134,50000,10,2,1,0.034,0.015,0.049,8623,12,31,1,1333,11,3000,2422,1ca49f2051ffedf4a462924a2e9a229a664aa3e572ed4b8cc678f19e30bca26d,2026-09-23 19:31:17 UTC
scenario_01,epiworldR,0.15.1.0,10000,100,52,8675361,a81eb8a7b4c49dbd245a57ae13561b313c2c060fc6f00249c6dda8fb36336134,50000,10,2,1,0.034,0.013,0.047,8902,11,20,0,1067,8,3000,2359,55af88df34c709999c4520a05e11e55ffb7543e87aebda2f9958b77b7829068a,2026-09-23 19:31:17 UTC
scenario_01,epiworldR,0.15.1.0,10000,100,53,8675362,a81eb8a7b4c49dbd245a57ae13561b313c2c060fc6f00249c6dda8fb36336134,50000,10,2,1,0.033,0.015,0.048,8689,23,38,0,1250,8,3000,2418,4298d9d3aa336253a7bcb10a40db74df824e04fb9cba19e7628667f0486a80c2,2026-09-23 19:31:17 UTC
scenario_01,epiworldR,0.15.1.0,10000,100,54,8675363,a81eb8a7b4c49dbd245a57ae13561b313c2c060fc6f00249c6dda8fb36336134,50000,10,2,1,0.033,0.013,0.046,8935,6,13,0,1046,8,3000,2430,e6b1d739b8e3d6d484de98457358716a083da30a4f59de5087b4cefa3f50654c,2026-09-23 19:31:18 UTC
scenario_01,epiworldR,0.15.1.0,10000,100,55,8675364,a81eb8a7b4c49dbd245a57ae13561b313c2c060fc6f00249c6dda8fb36336134,50000,10,2,1,0.035,0.015,0.05,8711,21,44,2,1222,8,3000,2403,ba853e005a657d557f9833b1f4d2e9ff5e0b6ae5976f95b284e5fc64266b2c47,2026-09-23 19:31:18 UTC
scenario_01,epiworldR,0.15.1.0,10000,100,56,8675365,a81eb8a7b4c49dbd245a57ae13561b313c2c060fc6f00249c6dda8fb36336134,50000,10,2,1,0.033,0.013,0.046,9019,8,19,1,953,7,3000,2408,e5afbc07f398f72f122ce46f9b9f779a938bfc3da1ed51055142adbf7febc821,2026-09-23 19:31:18 UTC
scenario_01,epiworldR,0.15.1.0,10000,100,57,8675366,a81eb8a7b4c49dbd245a57ae13561b313c2c060fc6f00249c6dda8fb36336134,50000,10,2,1,0.034,0.012,0.046,9082,15,29,1,873,8,3000,2387,a6816d6c15d36f36c7482abdf0697b19b142c6cbef97285c51c62de269a8406b,2026-09-23 19:31:18 UTC
scenario_01,epiworldR,0.15.1.0,10000,100,58,8675367,a81eb8a7b4c49dbd245a57ae13561b313c2c060fc6f00249c6dda8fb36336134,50000,10,2,1,0.034,0.014,0.048,8813,16,29,4,1138,8,3000,2435,bb9aa550f73be77934926bb74fefc883029052c3e5a291d3b7961f567d442de7,2026-09-23 19:31:18 UTC
scenario_01,epiworldR,0.15.1.0,10000,100,59,8675368,a81eb8a7b4c49dbd245a57ae13561b313c2c060fc6f00249c6dda8fb36336134,50000,10,2,1,0.034,0.014,0.048,8753,20,33,0,1194,10,3000,2403,779efb2fcea904133d2caf6cef71b27ca72619af4aad6ccad560e2dfda02bf61,2026-09-23 19:31:18 UTC
scenario_01,epiworldR,0.15.1.0,10000,100,60,8675369,a81eb8a7b4c49dbd245a57ae13561b313c2c060fc6f00249c6dda8fb36336134,50000,10,2,1,0.033,0.015,0.048,8706,19,34,3,1238,8,3000,2400,db46600088fb632702aa832a4291742f305f13f9a54181e75d8353ec4ecdb8a9,2026-09-23 19:31:19 UTC
scenario_01,epiworldR,0.15.1.0,10000,100,61,8675370,a81eb8a7b4c49dbd245a57ae13561b313c2c060fc6f00249c6dda8fb36336134,50000,10,2,1,0.041,0.015,0.056,8865,22,43,3,1067,7,3000,2411,4a70268435a80c0e5f64a30fe9a393285ca68b0000c57936ecf5775e7461b769,2026-09-23 19:31:19 UTC
scenario_01,epiworldR,0.15.1.0,10000,100,62,8675371,a81eb8a7b4c49dbd245a57ae13561b313c2c060fc6f00249c6dda8fb36336134,50000,10,2,1,0.035,0.011,0.046,9113,10,23,1,853,8,3000,2412,8bdc54d54ce8c2e023a9813caa33d5d6e89f94393529c672663bf3f1bb3871a5,2026-09-23 19:31:19 UTC
scenario_01,epiworldR,0.15.1.0,10000,100,63,8675372,a81eb8a7b4c49dbd245a57ae13561b313c2c060fc6f00249c6dda8fb36336134,50000,10,2,1,0.035,0.013,0.048,8812,17,50,3,1118,7,3000,2364,2eee8ded704e443f5d724a2947b17a555fca038b8509212ea7b39521d657ec66,2026-09-23 19:31:19 UTC
scenario_01,epiworldR,0.15.1.0,10000,100,64,8675373,a81eb8a7b4c49dbd245a57ae13561b313c2c060fc6f00249c6dda8fb36336134,50000,10,2,1,0.034,0.013,0.047,8955,14,27,3,1001,6,3000,2404,11ad9f0dcc019d410feb0081158b017acfb4c2bb48968f742ff3085f36690d71,2026-09-23 19:31:19 UTC
scenario_01,epiworldR,0.15.1.0,10000,100,65,8675374,a81eb8a7b4c49dbd245a57ae13561b313c2c060fc6f00249c6dda8fb36336134,50000,10,2,1,0.034,0.013,0.047,8819,12,24,3,1142,10,3000,2386,db4946e0b97efe03764ed88777b26c652f92404da7b32a0b36f093e0096502f9,2026-09-23 19:31:19 UTC
scenario_01,epiworldR,0.15.1.0,10000,100,66,8675375,a81eb8a7b4c49dbd245a57ae13561b313c2c060fc6f00249c6dda8fb36336134,50000,10,2,1,0.031,0.016,0.047,8493,28,53,4,1422,10,3000,2397,4799abd9cb0575cca21d7bab6e8a3d224087417d16f64739e6a5dc297f3edfae,2026-09-23 19:31:20 UTC
scenario_01,epiworldR,0.15.1.0,10000,100,67,8675376,a81eb8a7b4c49dbd245a57ae13561b313c2c060fc6f00249c6dda8fb36336134,50000,10,2,1,0.034,0.012,0.046,8977,6,8,2,1007,6,3000,2417,3758e39068bb88cded8d45ebc19f2d1e549c2896c84aea686cc128a9878f869e,2026-09-23 19:31:20 UTC
scenario_01,epiworldR,0.15.1.0,10000,100,68,8675377,a81eb8a7b4c49dbd245a57ae13561b313c2c060fc6f00249c6dda8fb36336134,50000,10,2,1,0.033,0.016,0.049,8566,16,55,0,1363,11,3000,2421,8e8532932b25e239f44c30559be00c1ac4a74772be32af75860f0f0104c592b1,2026-09-23 19:31:20 UTC
scenario_01,epiworldR,0.15.1.0,10000,100,69,8675378,a81eb8a7b4c49dbd245a57ae13561b313c2c060fc6f00249c6dda8fb36336134,50000,10,2,1,0.033,0.015,0.048,8863,12,14,1,1110,13,3000,2395,c18cfec02d0fee71cb0ca2ac824732a6e1be00761b11ddef482e8f9b0aa94c94,2026-09-23 19:31:20 UTC
scenario_01,epiworldR,0.15.1.0,10000,100,70,8675379,a81eb8a7b4c49dbd245a57ae13561b313c2c060fc6f00249c6dda8fb36336134,50000,10,2,1,0.033,0.015,0.048,8738,14,41,3,1204,6,3000,2390,c410291e55a710c97fe120b3679fadb4e0e2588d8c57dda2359a72bc8a0c3f82,2026-09-23 19:31:20 UTC
scenario_01,epiworldR,0.15.1.0,10000,100,71,8675380,a81eb8a7b4c49dbd245a57ae13561b313c2c060fc6f00249c6dda8fb36336134,50000,10,2,1,0.035,0.012,0.047,9060,8,29,2,901,7,3000,2385,50f1075c36b6a7973658dc977330da00a4e4448d0a67d9e33b28f545af81efe7,2026-09-23 19:31:20 UTC
scenario_01,epiworldR,0.15.1.0,10000,100,72,8675381,a81eb8a7b4c49dbd245a57ae13561b313c2c060fc6f00249c6dda8fb36336134,50000,10,2,1,0.036,0.015,0.051,8730,20,37,5,1208,12,3000,2420,a6a95f1fcf2668819f9f205362e8650023427a923f1267f83462db248fce6205,2026-09-23 19:31:21 UTC
scenario_01,epiworldR,0.15.1.0,10000,100,73,8675382,a81eb8a7b4c49dbd245a57ae13561b313c2c060fc6f00249c6dda8fb36336134,50000,10,2,1,0.041,0.012,0.053,9119,5,9,0,867,10,3000,2424,f97ec7a87a30b74da5cd162392e889bc1fe6602bf4dd609fe0378d80421910fd,2026-09-23 19:31:21 UTC
scenario_01,epiworldR,0.15.1.0,10000,100,74,8675383,a81eb8a7b4c49dbd245a57ae13561b313c2c060fc6f00249c6dda8fb36336134,50000,10,2,1,0.035,0.013,0.048,8914,6,18,1,1061,10,3000,2383,4f5c7dd2e45e94109d2d6d6bcb631f0a5966aa2aebf96b2edee5f9373eba38cd,2026-09-23 19:31:21 UTC
scenario_01,epiworldR,0.15.1.0,10000,100,75,8675384,a81eb8a7b4c49dbd245a57ae13561b313c2c060fc6f00249c6dda8fb36336134,50000,10,2,1,0.035,0.013,0.048,8860,14,40,0,1086,8,3000,2397,d5b1df54e113bbfbf3eef4ebfa9715b5ea8054b606c1fb8633178011483095f2,2026-09-23 19:31:21 UTC
scenario_01,epiworldR,0.15.1.0,10000,100,76,8675385,a81eb8a7b4c49dbd245a57ae13561b313c2c060fc6f00249c6dda8fb36336134,50000,10,2,1,0.035,0.014,0.049,8747,16,40,1,1196,10,3000,2390,a9bd253c11a3ac14b8fcbc9b3b8f59fcdc8cafee99b783abde15dcabb1932b47,2026-09-23 19:31:21 UTC
scenario_01,epiworldR,0.15.1.0,10000,100,77,8675386,a81eb8a7b4c49dbd245a57ae13561b313c2c060fc6f00249c6dda8fb36336134,50000,10,2,1,0.034,0.013,0.047,8867,26,53,1,1053,8,3000,2414,7c959d78d74d863c2c474fa5e879ffaed6815a55b0062e556982cad1a169042f,2026-09-23 19:31:21 UTC
scenario_01,epiworldR,0.15.1.0,10000,100,78,8675387,a81eb8a7b4c49dbd245a57ae13561b313c2c060fc6f00249c6dda8fb36336134,50000,10,2,1,0.033,0.014,0.047,8885,11,26,2,1076,13,3000,2386,82146c2198c9fb1c042b31828ce356acd0c863eb2182eeac55e5fd57c788c059,2026-09-23 19:31:22 UTC
scenario_01,epiworldR,0.15.1.0,10000,100,79,8675388,a81eb8a7b4c49dbd245a57ae13561b313c2c060fc6f00249c6dda8fb36336134,50000,10,2,1,0.034,0.016,0.05,8469,36,71,4,1420,9,3000,2384,a7b8ef513a4f8761c95c93990ef4a2a0a18d9fdf38368775a7523a22e3d0ff19,2026-09-23 19:31:22 UTC
scenario_01,epiworldR,0.15.1.0,10000,100,80,8675389,a81eb8a7b4c49dbd245a57ae13561b313c2c060fc6f00249c6dda8fb36336134,50000,10,2,1,0.034,0.014,0.048,8847,13,25,1,1114,7,3000,2456,61e3de8019a6f35a401b82976138ff7105757470b882eaad9df1b2b71f5c1bdb,2026-09-23 19:31:22 UTC
scenario_01,epiworldR,0.15.1.0,10000,100,81,8675390,a81eb8a7b4c49dbd245a57ae13561b313c2c060fc6f00249c6dda8fb36336134,50000,10,2,1,0.034,0.013,0.047,8962,17,39,0,982,7,3000,2401,9b2700676e7c8824832977e5793c7a71e68d95cd49f8a15670308ac7b00dca7c,2026-09-23 19:31:22 UTC
scenario_01,epiworldR,0.15.1.0,10000,100,82,8675391,a81eb8a7b4c49dbd245a57ae13561b313c2c060fc6f00249c6dda8fb36336134,50000,10,2,1,0.034,0.015,0.049,8630,24,40,1,1305,7,3000,2361,15d355c0aa3d55572b2cfa97c9a177361e39f26651bba80753cdac07467ebe9c,2026-09-23 19:31:22 UTC
scenario_01,epiworldR,0.15.1.0,10000,100,83,8675392,a81eb8a7b4c49dbd245a57ae13561b313c2c060fc6f00249c6dda8fb36336134,50000,10,2,1,0.033,0.016,0.049,8635,20,46,0,1299,9,3000,2395,63615b3131490d763c20a05ac0eb600903610061c1c12b499cc84e2e2571d6cc,2026-09-23 19:31:22 UTC
scenario_01,epiworldR,0.15.1.0,10000,100,84,8675393,a81eb8a7b4c49dbd245a57ae13561b313c2c060fc6f00249c6dda8fb36336134,50000,10,2,1,0.033,0.013,0.046,8949,9,13,3,1026,7,3000,2406,5889706d7aea51b40ec9e81c35592d4fce81101b4b92231610debc39851b6748,2026-09-23 19:31:23 UTC
scenario_01,epiworldR,0.15.1.0,10000,100,85,8675394,a81eb8a7b4c49dbd245a57ae13561b313c2c060fc6f00249c6dda8fb36336134,50000,10,2,1,0.034,0.015,0.049,8617,22,40,1,1320,9,3000,2401,7b7fb9a22eb78e28dc4b843f60f05bef4a6a3c063d28fc26332de16e7f944fe7,2026-09-23 19:31:23 UTC
scenario_01,epiworldR,0.15.1.0,10000,100,86,8675395,a81eb8a7b4c49dbd245a57ae13561b313c2c060fc6f00249c6dda8fb36336134,50000,10,2,1,0.035,0.014,0.049,8674,22,38,3,1263,11,3000,2446,d5317059c546ab6fa162aaf51db18658ab1643a1c6b51bd1e4bdbd892805022e,2026-09-23 19:31:23 UTC
scenario_01,epiworldR,0.15.1.0,10000,100,87,8675396,a81eb8a7b4c49dbd245a57ae13561b313c2c060fc6f00249c6dda8fb36336134,50000,10,2,1,0.034,0.014,0.048,8717,24,30,3,1226,9,3000,2413,3658a3efe7223280f83b27feb860da9562b7b74c85470d50474cc90e0445730e,2026-09-23 19:31:23 UTC
scenario_01,epiworldR,0.15.1.0,10000,100,88,8675397,a81eb8a7b4c49dbd245a57ae13561b313c2c060fc6f00249c6dda8fb36336134,50000,10,2,1,0.033,0.013,0.046,8693,34,58,3,1212,10,3000,2403,bedda0d1d15f058e928addfa414b3829fa23a848f9e87009daf589d2fd70d923,2026-09-23 19:31:23 UTC
scenario_01,epiworldR,0.15.1.0,10000,100,89,8675398,a81eb8a7b4c49dbd245a57ae13561b313c2c060fc6f00249c6dda8fb36336134,50000,10,2,1,0.037,0.015,0.052,8888,11,16,0,1085,10,3000,2405,e9bdd6f639f3e265ef4bfdd0f531e1990577f12e731842d975c77cfc08cde4e3,2026-09-23 19:31:23 UTC
scenario_01,epiworldR,0.15.1.0,10000,100,90,8675399,a81eb8a7b4c49dbd245a57ae13561b313c2c060fc6f00249c6dda8fb36336134,50000,10,2,1,0.038,0.017,0.055,8609,25,47,3,1316,9,3000,2408,449d0c7f3f7b869e280f873f455e754f749b08bfa9a4224374b3594f6b610961,2026-09-23 19:31:24 UTC
scenario_01,epiworldR,0.15.1.0,10000,100,91,8675400,a81eb8a7b4c49dbd245a57ae13561b313c2c060fc6f00249c6dda8fb36336134,50000,10,2,1,0.036,0.014,0.05,8792,18,27,3,1160,8,3000,2374,f3cd73bf88a21459779255df9c7c946f73da8e21b84c7c351ec72771d608ff3e,2026-09-23 19:31:24 UTC
scenario_01,epiworldR,0.15.1.0,10000,100,92,8675401,a81eb8a7b4c49dbd245a57ae13561b313c2c060fc6f00249c6dda8fb36336134,50000,10,2,1,0.037,0.013,0.05,8801,19,41,3,1136,8,3000,2360,d296ce3957883c3c10c15ba3cbdd475849b79f1b0d5173af061a9fa1468d4224,2026-09-23 19:31:24 UTC
scenario_01,epiworldR,0.15.1.0,10000,100,93,8675402,a81eb8a7b4c49dbd245a57ae13561b313c2c060fc6f00249c6dda8fb36336134,50000,10,2,1,0.035,0.015,0.05,8823,17,21,1,1138,8,3000,2416,c00d941120dc79bc683bfc12b610d2b896c080a03cd5a2bad9284d00a83d07c0,2026-09-23 19:31:24 UTC
scenario_01,epiworldR,0.15.1.0,10000,100,94,8675403,a81eb8a7b4c49dbd245a57ae13561b313c2c060fc6f00249c6dda8fb36336134,50000,10,2,1,0.035,0.015,0.05,8738,28,38,1,1195,12,3000,2425,b3787e9a6a8dd10cabe686e8ddaad7e8b8d8d0e64935d68230158247ed5e6787,2026-09-23 19:31:24 UTC
scenario_01,epiworldR,0.15.1.0,10000,100,95,8675404,a81eb8a7b4c49dbd245a57ae13561b313c2c060fc6f00249c6dda8fb36336134,50000,10,2,1,0.036,0.012,0.048,9054,13,43,1,889,6,3000,2383,15366a6478ed1a7c1c9ce62956dbb4a8f01d9431410db4551fc65468615a44e7,2026-09-23 19:31:25 UTC
scenario_01,epiworldR,0.15.1.0,10000,100,96,8675405,a81eb8a7b4c49dbd245a57ae13561b313c2c060fc6f00249c6dda8fb36336134,50000,10,2,1,0.036,0.014,0.05,8799,9,18,1,1173,8,3000,2410,397f3c864bbc10d1c2aeffb6c9180f6c97cdb60b412dd84d7029010025d685d4,2026-09-23 19:31:25 UTC
scenario_01,epiworldR,0.15.1.0,10000,100,97,8675406,a81eb8a7b4c49dbd245a57ae13561b313c2c060fc6f00249c6dda8fb36336134,50000,10,2,1,0.035,0.015,0.05,8731,24,25,1,1219,12,3000,2389,95e5b0b7ab9a4053b3eb5fdc2899c07b71d0edd9eb09882311771ac5516f98fa,2026-09-23 19:31:25 UTC
scenario_01,epiworldR,0.15.1.0,10000,100,98,8675407,a81eb8a7b4c49dbd245a57ae13561b313c2c060fc6f00249c6dda8fb36336134,50000,10,2,1,0.037,0.015,0.052,8752,17,42,3,1186,12,3000,2378,4a9f431e8c414335b0ed8a235737582e3ee0b8e5f5b2b5922505a1c224a6617f,2026-09-23 19:31:25 UTC
scenario_01,epiworldR,0.15.1.0,10000,100,99,8675408,a81eb8a7b4c49dbd245a57ae13561b313c2c060fc6f00249c6dda8fb36336134,50000,10,2,1,0.036,0.014,0.05,9016,19,22,1,942,8,3000,2402,753d5e27e970b565773791792bfec091bd1ca9ad83fec94439dfe7c88805580f,2026-09-23 19:31:25 UTC
scenario_01,epiworldR,0.15.1.0,10000,100,100,8675409,a81eb8a7b4c49dbd245a57ae13561b313c2c060fc6f00249c6dda8fb36336134,50000,10,2,1,0.036,0.018,0.054,8514,14,32,0,1440,13,3000,2401,2ff9437bc190124de6163195b3867ba3b4bdb21d5940e2641fbfb83e22097d99,2026-09-23 19:31:25 UTC
scenario_01,epiworldR,0.15.1.0,100000,100,1,8775310,83b4e1da2783f17377cf65d5f9c270629dd633191f581ff139c5b60c5d080e99,500000,10,2,1,0.279,0.032,0.311,98760,14,38,4,1184,7,30000,24049,a4a474e7d3950ae82c52f3774ae9e699f252dd29a9ec02f6966ea4668c1b4afe,2026-09-23 19:31:26 UTC
scenario_01,epiworldR,0.15.1.0,100000,100,2,8775311,83b4e1da2783f17377cf65d5f9c270629dd633191f581ff139c5b60c5d080e99,500000,10,2,1,0.238,0.029,0.267,98726,15,32,2,1225,9,30000,23981,51661d6798bb89dde348e24c4292e3f6ccf88e2427e6319dd97338146cac73f1,2026-09-23 19:31:26 UTC
scenario_01,epiworldR,0.15.1.0,100000,100,3,8775312,83b4e1da2783f17377cf65d5f9c270629dd633191f581ff139c5b60c5d080e99,500000,10,2,1,0.27,0.028,0.298,98731,29,46,7,1187,7,30000,24055,b7d000415104f1cb3cb0845aedfff63a56bf7559719f098d7f9894dd3eaf4c24,2026-09-23 19:31:27 UTC
scenario_01,epiworldR,0.15.1.0,100000,100,4,8775313,83b4e1da2783f17377cf65d5f9c270629dd633191f581ff139c5b60c5d080e99,500000,10,2,1,0.292,0.034,0.326,98451,29,59,2,1459,10,30000,24112,dfeabe68bc2c4ed3d44d317159feb690a606679218bd6fd5e94120d1e9ffb728,2026-09-23 19:31:27 UTC
scenario_01,epiworldR,0.15.1.0,100000,100,5,8775314,83b4e1da2783f17377cf65d5f9c270629dd633191f581ff139c5b60c5d080e99,500000,10,2,1,0.233,0.031,0.264,98643,25,59,1,1272,7,30000,23881,2ebc85aab30ae31990feea8f05f2f425d47e16e6869526ac6fb728312cfc20b6,2026-09-23 19:31:28 UTC
scenario_01,epiworldR,0.15.1.0,100000,100,6,8775315,83b4e1da2783f17377cf65d5f9c270629dd633191f581ff139c5b60c5d080e99,500000,10,2,1,0.24,0.03,0.27,98656,30,44,0,1270,9,30000,24065,6b709d53a9fe9b12a74132e7159b26bb752f89d249e5ed73d0e4613c3aba5ee6,2026-09-23 19:31:28 UTC
scenario_01,epiworldR,0.15.1.0,100000,100,7,8775316,83b4e1da2783f17377cf65d5f9c270629dd633191f581ff139c5b60c5d080e99,500000,10,2,1,0.22,0.027,0.247,98671,28,60,4,1237,9,30000,24059,ffe4bb22224ac39c589c3e58becfc6fea8030199565a0a6871d83aa69a7bba52,2026-09-23 19:31:29 UTC
scenario_01,epiworldR,0.15.1.0,100000,100,8,8775317,83b4e1da2783f17377cf65d5f9c270629dd633191f581ff139c5b60c5d080e99,500000,10,2,1,0.227,0.029,0.256,98665,33,65,5,1232,7,30000,23953,9a69a9248b75c6acb710246eef087dad5745e39d32c7f94f8ea47e2ee84ae63c,2026-09-23 19:31:29 UTC
scenario_01,epiworldR,0.15.1.0,100000,100,9,8775318,83b4e1da2783f17377cf65d5f9c270629dd633191f581ff139c5b60c5d080e99,500000,10,2,1,0.221,0.028,0.249,98576,31,54,2,1337,8,30000,24056,0705a7a2cbe4b50246f3ddbf5332881447dae89f5463b87837bfacf45b2d8f70,2026-09-23 19:31:29 UTC
scenario_01,epiworldR,0.15.1.0,100000,100,10,8775319,83b4e1da2783f17377cf65d5f9c270629dd633191f581ff139c5b60c5d080e99,500000,10,2,1,0.217,0.031,0.248,98401,35,78,3,1483,9,30000,23925,a9d02f9c02b0f3c7a5ed689f6e590d7b6f23ec8cf12a5cb75d2b16dfc2f0d22c,2026-09-23 19:31:30 UTC
scenario_01,epiworldR,0.15.1.0,100000,100,11,8775320,83b4e1da2783f17377cf65d5f9c270629dd633191f581ff139c5b60c5d080e99,500000,10,2,1,0.222,0.031,0.253,98615,28,44,3,1310,9,30000,23920,617da9a64636533ca8c7c4d6838b4c849d5725e752b92a5c3cf54a58ef4415b2,2026-09-23 19:31:30 UTC
scenario_01,epiworldR,0.15.1.0,100000,100,12,8775321,83b4e1da2783f17377cf65d5f9c270629dd633191f581ff139c5b60c5d080e99,500000,10,2,1,0.222,0.03,0.252,98468,31,60,1,1440,9,30000,24044,2342f1a9e23b68b66587c4f38ccbfed9907e7174731819d9ae8dc0fadbd49d20,2026-09-23 19:31:31 UTC
scenario_01,epiworldR,0.15.1.0,100000,100,13,8775322,83b4e1da2783f17377cf65d5f9c270629dd633191f581ff139c5b60c5d080e99,500000,10,2,1,0.217,0.037,0.254,97871,71,129,1,1928,11,30000,23994,efc7afebe1a7a3374d0d3aedd27b087e02096c1888f04673a425308d8245eb1f,2026-09-23 19:31:31 UTC
scenario_01,epiworldR,0.15.1.0,100000,100,14,8775323,83b4e1da2783f17377cf65d5f9c270629dd633191f581ff139c5b60c5d080e99,500000,10,2,1,0.226,0.031,0.257,98732,26,36,4,1202,8,30000,23959,60132711f1260dd4998867033504733c5743670f3156d96ac8c3196d18f8b625,2026-09-23 19:31:31 UTC
scenario_01,epiworldR,0.15.1.0,100000,100,15,8775324,83b4e1da2783f17377cf65d5f9c270629dd633191f581ff139c5b60c5d080e99,500000,10,2,1,0.217,0.027,0.244,98846,18,16,1,1119,6,30000,23966,289155783865d33e1b152d017d04afe9ea799f7a1773917ce5f1214bf797aadf,2026-09-23 19:31:32 UTC
scenario_01,epiworldR,0.15.1.0,100000,100,16,8775325,83b4e1da2783f17377cf65d5f9c270629dd633191f581ff139c5b60c5d080e99,500000,10,2,1,0.218,0.027,0.245,98793,12,29,3,1163,11,30000,24021,6d77f8337ddc475622e4d8713965e9c740f6ce3e3a75be181a46b92b5e84c4bb,2026-09-23 19:31:32 UTC
scenario_01,epiworldR,0.15.1.0,100000,100,17,8775326,83b4e1da2783f17377cf65d5f9c270629dd633191f581ff139c5b60c5d080e99,500000,10,2,1,0.22,0.025,0.245,98906,19,34,1,1040,9,30000,23942,59bc9ae934abd07648c4a80e5511e711e03fcb5f3d8f17ad903bf27598f7c676,2026-09-23 19:31:33 UTC
scenario_01,epiworldR,0.15.1.0,100000,100,18,8775327,83b4e1da2783f17377cf65d5f9c270629dd633191f581ff139c5b60c5d080e99,500000,10,2,1,0.23,0.028,0.258,98606,29,53,7,1305,11,30000,23987,d27e04c53f74ec93393fe6e15d5cfdf112efc1c6a2e1b207d41f9d5b32273d7b,2026-09-23 19:31:33 UTC
scenario_01,epiworldR,0.15.1.0,100000,100,19,8775328,83b4e1da2783f17377cf65d5f9c270629dd633191f581ff139c5b60c5d080e99,500000,10,2,1,0.264,0.028,0.292,98956,8,24,3,1009,6,30000,23886,e9b57fb9c88d40ae9194fcb2dd85d344a1ee7911e24f7532e8ecccfdfd07b53e,2026-09-23 19:31:33 UTC
scenario_01,epiworldR,0.15.1.0,100000,100,20,8775329,83b4e1da2783f17377cf65d5f9c270629dd633191f581ff139c5b60c5d080e99,500000,10,2,1,0.28,0.032,0.312,98690,18,35,1,1256,10,30000,24102,529ee73d8c8158cf5dc8db1352a0279a6cf292959dbe5d3e03a671c3e71bd94c,2026-09-23 19:31:34 UTC
scenario_01,epiworldR,0.15.1.0,100000,100,21,8775330,83b4e1da2783f17377cf65d5f9c270629dd633191f581ff139c5b60c5d080e99,500000,10,2,1,0.232,0.033,0.265,98504,21,32,2,1441,13,30000,23940,907bfec55e37d36018b3fc0869c24a8f5b6dae75914c8ae1815e4cf5cc8aaa4e,2026-09-23 19:31:34 UTC
scenario_01,epiworldR,0.15.1.0,100000,100,22,8775331,83b4e1da2783f17377cf65d5f9c270629dd633191f581ff139c5b60c5d080e99,500000,10,2,1,0.237,0.034,0.271,98323,38,82,4,1553,9,30000,24031,5eb83d4d97e4c13f5ecb5b71221dcfb3dc0a66a951256b0fcfa9ce3f2ee6b530,2026-09-23 19:31:35 UTC
scenario_01,epiworldR,0.15.1.0,100000,100,23,8775332,83b4e1da2783f17377cf65d5f9c270629dd633191f581ff139c5b60c5d080e99,500000,10,2,1,0.256,0.027,0.283,98843,28,52,2,1075,7,30000,23987,8da7f9dd749b09cd95010254f5c7b865102b06fc839acabdb622968868acfa40,2026-09-23 19:31:35 UTC
scenario_01,epiworldR,0.15.1.0,100000,100,24,8775333,83b4e1da2783f17377cf65d5f9c270629dd633191f581ff139c5b60c5d080e99,500000,10,2,1,0.232,0.033,0.265,98507,23,48,1,1421,10,30000,23933,b617e90ae4b5e25e5d976a07514790b166243743b1077e214b2b5c976e29c25c,2026-09-23 19:31:36 UTC
scenario_01,epiworldR,0.15.1.0,100000,100,25,8775334,83b4e1da2783f17377cf65d5f9c270629dd633191f581ff139c5b60c5d080e99,500000,10,2,1,0.491,0.028,0.519,98792,21,36,0,1151,9,30000,24040,c4d204c3141307a014e13d7d4173e636b1453118e6caee0ee52935cf68828ed1,2026-09-23 19:31:36 UTC
scenario_01,epiworldR,0.15.1.0,100000,100,26,8775335,83b4e1da2783f17377cf65d5f9c270629dd633191f581ff139c5b60c5d080e99,500000,10,2,1,0.263,0.032,0.295,98733,19,45,3,1200,8,30000,24140,390b8c967e52698d139578151ff7f5aa2b3e29164fd087b3b75cab9c6af1a74d,2026-09-23 19:31:37 UTC
scenario_01,epiworldR,0.15.1.0,100000,100,27,8775336,83b4e1da2783f17377cf65d5f9c270629dd633191f581ff139c5b60c5d080e99,500000,10,2,1,0.25,0.027,0.277,99000,16,40,3,941,5,30000,23982,2a8022ec532e042c543498df02901438879554e71645cd7aa08b4bdb34dde8ad,2026-09-23 19:31:37 UTC
scenario_01,epiworldR,0.15.1.0,100000,100,28,8775337,83b4e1da2783f17377cf65d5f9c270629dd633191f581ff139c5b60c5d080e99,500000,10,2,1,0.25,0.03,0.28,98699,28,54,4,1215,12,30000,23988,7deaf1848b3973d552df6cb9100144eeee96d1b2b776dae2db02269448c3495f,2026-09-23 19:31:38 UTC
scenario_01,epiworldR,0.15.1.0,100000,100,29,8775338,83b4e1da2783f17377cf65d5f9c270629dd633191f581ff139c5b60c5d080e99,500000,10,2,1,0.267,0.037,0.304,98416,34,69,3,1478,11,30000,24066,464c26c351dd737d96e091bfce1ca98b0e45ec139c4d1acda34454fff2dc30e9,2026-09-23 19:31:38 UTC
scenario_01,epiworldR,0.15.1.0,100000,100,30,8775339,83b4e1da2783f17377cf65d5f9c270629dd633191f581ff139c5b60c5d080e99,500000,10,2,1,0.252,0.03,0.282,98602,22,49,1,1326,8,30000,23859,3bc833fc9873bbfc38c5de3a7201da20309d875a72cfe7166ff70c44c9d9727d,2026-09-23 19:31:39 UTC
scenario_01,epiworldR,0.15.1.0,100000,100,31,8775340,83b4e1da2783f17377cf65d5f9c270629dd633191f581ff139c5b60c5d080e99,500000,10,2,1,0.233,0.03,0.263,98716,17,25,0,1242,10,30000,23928,da22314f3e4a2fda7976870a25e2cce4245f14b518a2bf5290bd5dba480fa3d2,2026-09-23 19:31:39 UTC
scenario_01,epiworldR,0.15.1.0,100000,100,32,8775341,83b4e1da2783f17377cf65d5f9c270629dd633191f581ff139c5b60c5d080e99,500000,10,2,1,0.225,0.031,0.256,98574,28,76,2,1320,6,30000,24190,18bf472a203992259a0028f4ddd150dc6d846e59664a2bafbc2188018d76fe41,2026-09-23 19:31:39 UTC
scenario_01,epiworldR,0.15.1.0,100000,100,33,8775342,83b4e1da2783f17377cf65d5f9c270629dd633191f581ff139c5b60c5d080e99,500000,10,2,1,0.235,0.03,0.265,98804,22,39,3,1132,6,30000,24058,54158d7648823b3ef1acc538fe1c8105dfdfa3343450e4093e3e45562b1b45bb,2026-09-23 19:31:40 UTC
scenario_01,epiworldR,0.15.1.0,100000,100,34,8775343,83b4e1da2783f17377cf65d5f9c270629dd633191f581ff139c5b60c5d080e99,500000,10,2,1,0.233,0.033,0.266,98417,30,63,3,1487,9,30000,23892,d1567b880af34ef266470c788df39c92dd326ce985e692431c87ceddecbed7b1,2026-09-23 19:31:40 UTC
scenario_01,epiworldR,0.15.1.0,100000,100,35,8775344,83b4e1da2783f17377cf65d5f9c270629dd633191f581ff139c5b60c5d080e99,500000,10,2,1,0.228,0.033,0.261,98377,49,88,2,1484,10,30000,23951,b6575508590209e3f1317fc26a6d5d816b81939ef427b18a99d763017f950333,2026-09-23 19:31:41 UTC
scenario_01,epiworldR,0.15.1.0,100000,100,36,8775345,83b4e1da2783f17377cf65d5f9c270629dd633191f581ff139c5b60c5d080e99,500000,10,2,1,0.225,0.029,0.254,98758,12,29,3,1198,8,30000,23921,1ed7de582b549a67a4a8d8a3d44ab98c956e657a2f2f4cf6954118fcbd4fb841,2026-09-23 19:31:41 UTC
scenario_01,epiworldR,0.15.1.0,100000,100,37,8775346,83b4e1da2783f17377cf65d5f9c270629dd633191f581ff139c5b60c5d080e99,500000,10,2,1,0.233,0.032,0.265,98674,22,39,2,1263,10,30000,23965,846cb8f5ecee2faa650488fae32863cdc1c6816af0451d976be1def91a961a9d,2026-09-23 19:31:41 UTC
scenario_01,epiworldR,0.15.1.0,100000,100,38,8775347,83b4e1da2783f17377cf65d5f9c270629dd633191f581ff139c5b60c5d080e99,500000,10,2,1,0.235,0.029,0.264,98757,41,50,2,1150,8,30000,23999,7d26690bcafd485ea43839c478e838f4614383086bc706174fdc491e80badaa9,2026-09-23 19:31:42 UTC
scenario_01,epiworldR,0.15.1.0,100000,100,39,8775348,83b4e1da2783f17377cf65d5f9c270629dd633191f581ff139c5b60c5d080e99,500000,10,2,1,0.237,0.03,0.267,98653,37,51,2,1257,7,30000,23996,58e21da543beb24d90848003c92fed73f8b5029d641bccfe53b65fb170d570e1,2026-09-23 19:31:42 UTC
scenario_01,epiworldR,0.15.1.0,100000,100,40,8775349,83b4e1da2783f17377cf65d5f9c270629dd633191f581ff139c5b60c5d080e99,500000,10,2,1,0.235,0.029,0.264,98736,34,47,3,1180,10,30000,23838,a2d24a57e39c1b07f33f5dc18087e82ceeac953b2fffa25a2ab21db497fbf59e,2026-09-23 19:31:43 UTC
scenario_01,epiworldR,0.15.1.0,100000,100,41,8775350,83b4e1da2783f17377cf65d5f9c270629dd633191f581ff139c5b60c5d080e99,500000,10,2,1,0.232,0.033,0.265,98468,22,44,4,1462,10,30000,23868,55f1552bfef125a5863f0250f84044bd80934e65c5113062f0bf0df24d04cd25,2026-09-23 19:31:43 UTC
scenario_01,epiworldR,0.15.1.0,100000,100,42,8775351,83b4e1da2783f17377cf65d5f9c270629dd633191f581ff139c5b60c5d080e99,500000,10,2,1,0.23,0.032,0.262,98496,36,63,0,1405,8,30000,24067,5b117e0615042442a3f82db188a580676ae72de07d84e46048123c767c841fbc,2026-09-23 19:31:44 UTC
scenario_01,epiworldR,0.15.1.0,100000,100,43,8775352,83b4e1da2783f17377cf65d5f9c270629dd633191f581ff139c5b60c5d080e99,500000,10,2,1,0.23,0.034,0.264,98264,26,74,3,1633,12,30000,23970,7199bd1d96687ac93f9bc356ebd8c9e0de9359a9ff1e881dee4166929ac3546d,2026-09-23 19:31:44 UTC
scenario_01,epiworldR,0.15.1.0,100000,100,44,8775353,83b4e1da2783f17377cf65d5f9c270629dd633191f581ff139c5b60c5d080e99,500000,10,2,1,0.229,0.031,0.26,98572,37,58,2,1331,9,30000,23893,72171a4ca53590bfa592104628e6fe507ea28bff72c676b1be3253ed61e791a1,2026-09-23 19:31:44 UTC
scenario_01,epiworldR,0.15.1.0,100000,100,45,8775354,83b4e1da2783f17377cf65d5f9c270629dd633191f581ff139c5b60c5d080e99,500000,10,2,1,0.232,0.033,0.265,98639,17,22,0,1322,11,30000,24080,382a6836e7ea4a429cc580fabcc1547451e0d9deccbe265b6a67dd1e51b9720d,2026-09-23 19:31:45 UTC
scenario_01,epiworldR,0.15.1.0,100000,100,46,8775355,83b4e1da2783f17377cf65d5f9c270629dd633191f581ff139c5b60c5d080e99,500000,10,2,1,0.222,0.032,0.254,98772,27,51,5,1145,7,30000,24049,4f21824120dad65451528117363635c95275ba24ef89f201d4e6836cc4f9f008,2026-09-23 19:31:45 UTC
scenario_01,epiworldR,0.15.1.0,100000,100,47,8775356,83b4e1da2783f17377cf65d5f9c270629dd633191f581ff139c5b60c5d080e99,500000,10,2,1,0.229,0.035,0.264,98247,48,69,6,1630,12,30000,24174,af142245ff5de2034382218b5b9b78e47114c3f506f46b5a90d2d3fca623e0d4,2026-09-23 19:31:46 UTC
scenario_01,epiworldR,0.15.1.0,100000,100,48,8775357,83b4e1da2783f17377cf65d5f9c270629dd633191f581ff139c5b60c5d080e99,500000,10,2,1,0.23,0.029,0.259,98748,17,25,0,1210,8,30000,24036,92cba99b1281f231d64d42a56edd49df9de13635c3a892c22f2aa07478f62474,2026-09-23 19:31:46 UTC
scenario_01,epiworldR,0.15.1.0,100000,100,49,8775358,83b4e1da2783f17377cf65d5f9c270629dd633191f581ff139c5b60c5d080e99,500000,10,2,1,0.232,0.032,0.264,98448,34,59,4,1455,10,30000,23959,d86f2845c088b9c265cfeb22bd1998f3383dc81c4baace8299708bc1d965b502,2026-09-23 19:31:46 UTC
scenario_01,epiworldR,0.15.1.0,100000,100,50,8775359,83b4e1da2783f17377cf65d5f9c270629dd633191f581ff139c5b60c5d080e99,500000,10,2,1,0.237,0.028,0.265,98783,14,21,1,1181,10,30000,24022,ac7245d67abdf844ab10ae8a45962792cd74864b7f7e56990995933f8e7fcb4d,2026-09-23 19:31:47 UTC
scenario_01,epiworldR,0.15.1.0,100000,100,51,8775360,83b4e1da2783f17377cf65d5f9c270629dd633191f581ff139c5b60c5d080e99,500000,10,2,1,0.245,0.033,0.278,98490,31,55,2,1422,11,30000,23957,5d9b5c3d7ec1820df86ec28b749e6135fc58de3e7cc78cde8feb014dcef5ebbe,2026-09-23 19:31:47 UTC
scenario_01,epiworldR,0.15.1.0,100000,100,52,8775361,83b4e1da2783f17377cf65d5f9c270629dd633191f581ff139c5b60c5d080e99,500000,10,2,1,0.231,0.029,0.26,98732,24,45,5,1194,10,30000,23929,c887e6ab1f9205b7e713c38214da7f28eb5dbfd9a85a5986fe669cb4e292da77,2026-09-23 19:31:48 UTC
scenario_01,epiworldR,0.15.1.0,100000,100,53,8775362,83b4e1da2783f17377cf65d5f9c270629dd633191f581ff139c5b60c5d080e99,500000,10,2,1,0.226,0.032,0.258,98459,39,46,3,1453,9,30000,24044,5bbf42031daf3c9f48675fadf85cf258c78727a433713811462521e8a76e9277,2026-09-23 19:31:48 UTC
scenario_01,epiworldR,0.15.1.0,100000,100,54,8775363,83b4e1da2783f17377cf65d5f9c270629dd633191f581ff139c5b60c5d080e99,500000,10,2,1,0.235,0.032,0.267,98447,25,47,3,1478,8,30000,23934,a0a18640bc0bb15db339cc2c21710ae1c0588a318574c69e7773f632032ae498,2026-09-23 19:31:49 UTC
scenario_01,epiworldR,0.15.1.0,100000,100,55,8775364,83b4e1da2783f17377cf65d5f9c270629dd633191f581ff139c5b60c5d080e99,500000,10,2,1,0.233,0.025,0.258,98991,10,19,1,979,5,30000,23938,d6939a4ec30590fcf708b87ef6a86c0a573aaacb9291a09c1387ae3b98f9933d,2026-09-23 19:31:49 UTC
scenario_01,epiworldR,0.15.1.0,100000,100,56,8775365,83b4e1da2783f17377cf65d5f9c270629dd633191f581ff139c5b60c5d080e99,500000,10,2,1,0.228,0.028,0.256,98831,21,49,3,1096,5,30000,24034,8c3deaa54145c4150fcf7d5e22f80222d7a42c55f601a23bbb6ff11b77b6759d,2026-09-23 19:31:49 UTC
scenario_01,epiworldR,0.15.1.0,100000,100,57,8775366,83b4e1da2783f17377cf65d5f9c270629dd633191f581ff139c5b60c5d080e99,500000,10,2,1,0.234,0.029,0.263,98745,10,46,1,1198,10,30000,23939,49be38720ba1e2c3caeae468ba0dfcb46c1e8a3c5464564d0d42b366ff6d0126,2026-09-23 19:31:50 UTC
scenario_01,epiworldR,0.15.1.0,100000,100,58,8775367,83b4e1da2783f17377cf65d5f9c270629dd633191f581ff139c5b60c5d080e99,500000,10,2,1,0.241,0.03,0.271,98842,10,28,1,1119,7,30000,23943,86be51930c0cbf341e591124a04869793edcae758904a7fe3ceba68915e06517,2026-09-23 19:31:50 UTC
scenario_01,epiworldR,0.15.1.0,100000,100,59,8775368,83b4e1da2783f17377cf65d5f9c270629dd633191f581ff139c5b60c5d080e99,500000,10,2,1,0.232,0.029,0.261,98763,31,43,3,1160,6,30000,23953,34f522328112c8e443231f8dba9e9ad5fba620c718e937946be7bcab9939ee49,2026-09-23 19:31:51 UTC
scenario_01,epiworldR,0.15.1.0,100000,100,60,8775369,83b4e1da2783f17377cf65d5f9c270629dd633191f581ff139c5b60c5d080e99,500000,10,2,1,0.235,0.029,0.264,98682,35,60,2,1221,10,30000,24028,2754feeceac9bfacb7bc7a6dd6f7fce408b046b3ceb75e5d549d41ca6899784c,2026-09-23 19:31:51 UTC
scenario_01,epiworldR,0.15.1.0,100000,100,61,8775370,83b4e1da2783f17377cf65d5f9c270629dd633191f581ff139c5b60c5d080e99,500000,10,2,1,0.225,0.032,0.257,98495,29,62,3,1411,11,30000,23974,ea01ed88e603a8f4a85dad5c8e879459b5dca6b22987e298d6e42abf1da042ed,2026-09-23 19:31:51 UTC
scenario_01,epiworldR,0.15.1.0,100000,100,62,8775371,83b4e1da2783f17377cf65d5f9c270629dd633191f581ff139c5b60c5d080e99,500000,10,2,1,0.219,0.029,0.248,98643,26,61,4,1266,9,30000,23892,d053e877de339909e8845c991c0a8a3070e460b103402cc76133c5ddd892abd1,2026-09-23 19:31:52 UTC
scenario_01,epiworldR,0.15.1.0,100000,100,63,8775372,83b4e1da2783f17377cf65d5f9c270629dd633191f581ff139c5b60c5d080e99,500000,10,2,1,0.292,0.026,0.318,98877,34,58,1,1030,7,30000,24005,6b7b4587afb1f14ad5ab49f52863aaefb5d740a53e477583062526c5c3c4d306,2026-09-23 19:31:52 UTC
scenario_01,epiworldR,0.15.1.0,100000,100,64,8775373,83b4e1da2783f17377cf65d5f9c270629dd633191f581ff139c5b60c5d080e99,500000,10,2,1,0.243,0.034,0.277,98502,29,49,0,1420,11,30000,23897,7cec20673517ba83901b385eb604ad1a39d06f4dfb1a049aa6f28b4af819cabe,2026-09-23 19:31:53 UTC
scenario_01,epiworldR,0.15.1.0,100000,100,65,8775374,83b4e1da2783f17377cf65d5f9c270629dd633191f581ff139c5b60c5d080e99,500000,10,2,1,0.467,0.0339999999999999,0.501,98356,33,66,4,1541,16,30000,24045,c87224911fc3ff2453c03e5fff0f4f025fa8209da5667fa63f0e152dbe59ab17,2026-09-23 19:31:53 UTC
scenario_01,epiworldR,0.15.1.0,100000,100,66,8775375,83b4e1da2783f17377cf65d5f9c270629dd633191f581ff139c5b60c5d080e99,500000,10,2,1,0.22,0.041,0.261,98643,32,47,5,1273,7,30000,23990,7bd7907ed5bae6e95cdcfd6bab8d047598ea203eb8827f9bcc9192a7a9391be2,2026-09-23 19:31:54 UTC
scenario_01,epiworldR,0.15.1.0,100000,100,67,8775376,83b4e1da2783f17377cf65d5f9c270629dd633191f581ff139c5b60c5d080e99,500000,10,2,1,0.215,0.028,0.243,98703,25,54,0,1218,8,30000,24007,aa97a7b8d24bff1f8c34d4814b4fdee82d9a50667180492ad0742a7cbe9adea3,2026-09-23 19:31:54 UTC
scenario_01,epiworldR,0.15.1.0,100000,100,68,8775377,83b4e1da2783f17377cf65d5f9c270629dd633191f581ff139c5b60c5d080e99,500000,10,2,1,0.217,0.032,0.249,98246,40,73,4,1637,10,30000,24000,b6c30a84df57f3fcaf13de5e4d45e3677ad1d098dc4449879b1d82875c6406a6,2026-09-23 19:31:55 UTC
scenario_01,epiworldR,0.15.1.0,100000,100,69,8775378,83b4e1da2783f17377cf65d5f9c270629dd633191f581ff139c5b60c5d080e99,500000,10,2,1,0.225,0.032,0.257,98375,28,64,3,1530,12,30000,23870,3ab3f1f7e97894dffd47261ec2387a5fc9202da04660c30a1a06e03ec0965b6f,2026-09-23 19:31:55 UTC
scenario_01,epiworldR,0.15.1.0,100000,100,70,8775379,83b4e1da2783f17377cf65d5f9c270629dd633191f581ff139c5b60c5d080e99,500000,10,2,1,0.221,0.031,0.252,98432,46,66,2,1454,10,30000,24015,fcc229e69aae57f23a99c07824a39b65af43d0a36a902276de5b6d0b2094c27f,2026-09-23 19:31:55 UTC
scenario_01,epiworldR,0.15.1.0,100000,100,71,8775380,83b4e1da2783f17377cf65d5f9c270629dd633191f581ff139c5b60c5d080e99,500000,10,2,1,0.217,0.034,0.251,98324,33,51,0,1592,11,30000,23997,a005cfd61a97de1fe963c3ecab2513a9ec6d2f7ec39f20be778c940742a79532,2026-09-23 19:31:56 UTC
scenario_01,epiworldR,0.15.1.0,100000,100,72,8775381,83b4e1da2783f17377cf65d5f9c270629dd633191f581ff139c5b60c5d080e99,500000,10,2,1,0.216,0.031,0.247,98479,26,59,2,1434,11,30000,23935,ad4239cc1c7f7da797c43edbe27308e4e390ef31ec72b734f4156f3bb24cde50,2026-09-23 19:31:56 UTC
scenario_01,epiworldR,0.15.1.0,100000,100,73,8775382,83b4e1da2783f17377cf65d5f9c270629dd633191f581ff139c5b60c5d080e99,500000,10,2,1,0.217,0.031,0.248,98451,28,74,6,1441,10,30000,23976,c3134c716f82063290e95d8b0860da382e259e21a4304796f1ca7c60dd0d0e4a,2026-09-23 19:31:57 UTC
scenario_01,epiworldR,0.15.1.0,100000,100,74,8775383,83b4e1da2783f17377cf65d5f9c270629dd633191f581ff139c5b60c5d080e99,500000,10,2,1,0.22,0.027,0.247,98976,4,23,2,995,7,30000,24034,93184683e95f4faf51940de7f33ab8a062f5b0488667187f810c6d0652865093,2026-09-23 19:31:57 UTC
scenario_01,epiworldR,0.15.1.0,100000,100,75,8775384,83b4e1da2783f17377cf65d5f9c270629dd633191f581ff139c5b60c5d080e99,500000,10,2,1,0.218,0.029,0.247,98634,23,42,4,1297,9,30000,23971,669c7cc97b4b328faa0f573cd3fe26981c22f3024bf1c2585ec97c0630feee84,2026-09-23 19:31:57 UTC
scenario_01,epiworldR,0.15.1.0,100000,100,76,8775385,83b4e1da2783f17377cf65d5f9c270629dd633191f581ff139c5b60c5d080e99,500000,10,2,1,0.222,0.035,0.257,98551,37,59,3,1350,9,30000,24035,342e57045fcc799d303fe34526417e54c88effe69d7c6885aabdbd8e15db2677,2026-09-23 19:31:58 UTC
scenario_01,epiworldR,0.15.1.0,100000,100,77,8775386,83b4e1da2783f17377cf65d5f9c270629dd633191f581ff139c5b60c5d080e99,500000,10,2,1,0.217,0.03,0.247,98513,27,61,5,1394,12,30000,24073,cfe97e7fcd0ad83d90ccd031dc22c1b0a9273fdd034663f8a00a057b8ee85201,2026-09-23 19:31:58 UTC
scenario_01,epiworldR,0.15.1.0,100000,100,78,8775387,83b4e1da2783f17377cf65d5f9c270629dd633191f581ff139c5b60c5d080e99,500000,10,2,1,0.214,0.031,0.245,98711,16,29,2,1242,10,30000,23981,e7404ec75d13fb544e50357966e11951bbb0b6f954e0e38d49291fe10fbe7f47,2026-09-23 19:31:59 UTC
scenario_01,epiworldR,0.15.1.0,100000,100,79,8775388,83b4e1da2783f17377cf65d5f9c270629dd633191f581ff139c5b60c5d080e99,500000,10,2,1,0.217,0.027,0.244,98867,10,18,1,1104,8,30000,24079,ae0d32a66c8c3b165ca458542ba0791b3c1a09ab2b5b98ab9448fb479f1e6ec8,2026-09-23 19:31:59 UTC
scenario_01,epiworldR,0.15.1.0,100000,100,80,8775389,83b4e1da2783f17377cf65d5f9c270629dd633191f581ff139c5b60c5d080e99,500000,10,2,1,0.218,0.031,0.249,98480,28,59,5,1428,9,30000,23921,c1ceea7398027d4b4cb3b36a41516b9ffa1c20e13d5ffa9a23d6f2f76eb75d07,2026-09-23 19:31:59 UTC
scenario_01,epiworldR,0.15.1.0,100000,100,81,8775390,83b4e1da2783f17377cf65d5f9c270629dd633191f581ff139c5b60c5d080e99,500000,10,2,1,0.287,0.026,0.313,98860,10,22,1,1107,10,30000,24000,b4a56ec41cce7b2b2fbecb4b025014ad923367db3fefea3a7bc1a8de733c6a6c,2026-09-23 19:32:00 UTC
scenario_01,epiworldR,0.15.1.0,100000,100,82,8775391,83b4e1da2783f17377cf65d5f9c270629dd633191f581ff139c5b60c5d080e99,500000,10,2,1,0.24,0.026,0.266,98721,20,60,2,1197,11,30000,24038,19ccf7ccc9839ee39419820325453cab1ddcb87c5b36f9bbf9b8a76cec48fb5b,2026-09-23 19:32:00 UTC
scenario_01,epiworldR,0.15.1.0,100000,100,83,8775392,83b4e1da2783f17377cf65d5f9c270629dd633191f581ff139c5b60c5d080e99,500000,10,2,1,0.245,0.032,0.277,98376,35,57,3,1529,12,30000,23929,a3fa2bfe3345be71307d0391d154273934baed3a8e3f69c8149b92de113b4e95,2026-09-23 19:32:01 UTC
scenario_01,epiworldR,0.15.1.0,100000,100,84,8775393,83b4e1da2783f17377cf65d5f9c270629dd633191f581ff139c5b60c5d080e99,500000,10,2,1,0.218,0.03,0.248,98535,24,36,3,1402,12,30000,23899,56459ce9019958dd4580a1f937eb0909885d73c15252ef75f710d6c5801d3402,2026-09-23 19:32:01 UTC
scenario_01,epiworldR,0.15.1.0,100000,100,85,8775394,83b4e1da2783f17377cf65d5f9c270629dd633191f581ff139c5b60c5d080e99,500000,10,2,1,0.217,0.029,0.246,98601,29,56,1,1313,8,30000,24194,05f328ddb14c4bcb781c11a45b587993a2df4d0c0c1fa191bf8cc7c0701ddf78,2026-09-23 19:32:02 UTC
scenario_01,epiworldR,0.15.1.0,100000,100,86,8775395,83b4e1da2783f17377cf65d5f9c270629dd633191f581ff139c5b60c5d080e99,500000,10,2,1,0.225,0.028,0.253,98804,24,42,2,1128,9,30000,24043,3a6711db4cab2831f4dffa9a4fa8acd890861f906af1ab40f361d4f9c441eb81,2026-09-23 19:32:02 UTC
scenario_01,epiworldR,0.15.1.0,100000,100,87,8775396,83b4e1da2783f17377cf65d5f9c270629dd633191f581ff139c5b60c5d080e99,500000,10,2,1,0.219,0.028,0.247,98880,6,13,2,1099,8,30000,23966,e7aa8576332ce4421954f4bdec09c2f84b556e99eeca0b891873ead8754bf36f,2026-09-23 19:32:02 UTC
scenario_01,epiworldR,0.15.1.0,100000,100,88,8775397,83b4e1da2783f17377cf65d5f9c270629dd633191f581ff139c5b60c5d080e99,500000,10,2,1,0.218,0.033,0.251,98470,21,54,3,1452,11,30000,23998,46d571512dc89c23876751036f8e8a0c8b84f37156c9dec1dd72c1a19dd3695b,2026-09-23 19:32:03 UTC
scenario_01,epiworldR,0.15.1.0,100000,100,89,8775398,83b4e1da2783f17377cf65d5f9c270629dd633191f581ff139c5b60c5d080e99,500000,10,2,1,0.245,0.038,0.283,98232,36,88,4,1640,10,30000,23993,841bc1fc81ad101bc88685c11234f649c256c694e375ffc916d829f506d115f4,2026-09-23 19:32:03 UTC
scenario_01,epiworldR,0.15.1.0,100000,100,90,8775399,83b4e1da2783f17377cf65d5f9c270629dd633191f581ff139c5b60c5d080e99,500000,10,2,1,0.22,0.029,0.249,98672,27,41,1,1259,7,30000,23954,e31452e4dd73e7ad0c46c670ac914da025b98cb109c1f0042e3ff75755b9989e,2026-09-23 19:32:04 UTC
scenario_01,epiworldR,0.15.1.0,100000,100,91,8775400,83b4e1da2783f17377cf65d5f9c270629dd633191f581ff139c5b60c5d080e99,500000,10,2,1,0.23,0.031,0.261,98534,23,47,1,1395,14,30000,23996,ba4b34072367cd5b88e15477cece8b9f5e323dbf0a35331c733aa8784b888f4e,2026-09-23 19:32:04 UTC
scenario_01,epiworldR,0.15.1.0,100000,100,92,8775401,83b4e1da2783f17377cf65d5f9c270629dd633191f581ff139c5b60c5d080e99,500000,10,2,1,0.226,0.033,0.259,98412,21,50,1,1516,11,30000,24003,137ace688b5a1987e2f87f16e49f7e531b5b30927162cedae30af3ef0bfe2a97,2026-09-23 19:32:04 UTC
scenario_01,epiworldR,0.15.1.0,100000,100,93,8775402,83b4e1da2783f17377cf65d5f9c270629dd633191f581ff139c5b60c5d080e99,500000,10,2,1,0.223,0.027,0.25,98812,16,34,1,1137,9,30000,23922,eb422124f5704258dd47f0cc4e754d03301c593ede5e263d81e9dd57d1171ea0,2026-09-23 19:32:05 UTC
scenario_01,epiworldR,0.15.1.0,100000,100,94,8775403,83b4e1da2783f17377cf65d5f9c270629dd633191f581ff139c5b60c5d080e99,500000,10,2,1,0.22,0.024,0.244,98930,20,45,1,1004,7,30000,23926,ad9d53211a1d431365ab21de381407335aacd6f4090ad3eac547521d0ba0521b,2026-09-23 19:32:05 UTC
scenario_01,epiworldR,0.15.1.0,100000,100,95,8775404,83b4e1da2783f17377cf65d5f9c270629dd633191f581ff139c5b60c5d080e99,500000,10,2,1,0.216,0.031,0.247,98324,39,57,0,1580,14,30000,24037,f6d734629d0be7d9f540ce07e80a07c4a7baef941a60b94a18e0524f9b16ac7e,2026-09-23 19:32:06 UTC
scenario_01,epiworldR,0.15.1.0,100000,100,96,8775405,83b4e1da2783f17377cf65d5f9c270629dd633191f581ff139c5b60c5d080e99,500000,10,2,1,0.217,0.029,0.246,98545,27,64,3,1361,10,30000,24015,15be089baeec5e34f409421affc00406f2040acb6990af4c900826c2d5212c4f,2026-09-23 19:32:06 UTC
scenario_01,epiworldR,0.15.1.0,100000,100,97,8775406,83b4e1da2783f17377cf65d5f9c270629dd633191f581ff139c5b60c5d080e99,500000,10,2,1,0.215,0.028,0.243,98618,24,65,3,1290,11,30000,23882,470e11586a316fe49d2fb1f1c0f8eb1f401f845ab36bd63b09c9ca075ac96f24,2026-09-23 19:32:06 UTC
scenario_01,epiworldR,0.15.1.0,100000,100,98,8775407,83b4e1da2783f17377cf65d5f9c270629dd633191f581ff139c5b60c5d080e99,500000,10,2,1,0.215,0.029,0.244,98604,32,54,2,1308,13,30000,24005,0ff35b5f58d51701fba1b9c5842ce80ffaa9aedda001a692079b4c0b8bae0b05,2026-09-23 19:32:07 UTC
scenario_01,epiworldR,0.15.1.0,100000,100,99,8775408,83b4e1da2783f17377cf65d5f9c270629dd633191f581ff139c5b60c5d080e99,500000,10,2,1,0.218,0.029,0.247,98648,20,34,1,1297,8,30000,24009,5822a2f0491be0a31122095b6946a93fdc9cc6ea4864c36dca4ae648cad9c7a5,2026-09-23 19:32:07 UTC
scenario_01,epiworldR,0.15.1.0,100000,100,100,8775409,83b4e1da2783f17377cf65d5f9c270629dd633191f581ff139c5b60c5d080e99,500000,10,2,1,0.223,0.032,0.255,98301,36,74,2,1587,12,30000,23924,7491ad2aed7293f649fd9e10e78492288c8a65f06f2dccc8f2db2300757d6fa9,2026-09-23 19:32:08 UTC
scenario_01,epydemic,1.14.1,1000,10,1,8675310,7635ee4af91779574edf0c51b32dfc52852948c78f93ddb8b67c2c94252c023d,5000,10.0,2.0,1.0,0.005403821007348597,0.01010084999143146,0.015504670998780057,974,7,6,1,12,2,300,238,bc9e97b93ce5ad82e828a554790778786ecd5dd761acda47ed92e64167aaca2b,2026-09-23T18:41:52.918510+00:00
scenario_01,epydemic,1.14.1,10000,100,1,8675310,a81eb8a7b4c49dbd245a57ae13561b313c2c060fc6f00249c6dda8fb36336134,50000,10.0,2.0,1.0,0.03981594598735683,0.26439919701078907,0.3042151429981459,8780,21,41,2,1156,14,3000,2400,518090b759e900cc3c4a23e44033536e9df2bc219d2106e8b4d3d9980d689598,2026-09-23T19:03:58.894479+00:00
scenario_01,epydemic,1.14.1,10000,100,2,8675311,a81eb8a7b4c49dbd245a57ae13561b313c2c060fc6f00249c6dda8fb36336134,50000,10.0,2.0,1.0,0.03348708600969985,0.20103751597343944,0.2345246019831393,8988,8,14,1,989,8,3000,2393,50e63985187397cf52780caf09d57cb610158832bc119f6765971c87d54a126e,2026-09-23T19:03:59.554114+00:00
scenario_01,epydemic,1.14.1,10000,100,3,8675312,a81eb8a7b4c49dbd245a57ae13561b313c2c060fc6f00249c6dda8fb36336134,50000,10.0,2.0,1.0,0.033417836006265134,0.21047857697703876,0.2438964129833039,8966,4,35,0,995,12,3000,2386,4d2b13aadbd373b7c23704d1cd22af22a913d97b88f6546c564a24601b05e2b0,2026-09-23T19:04:00.223402+00:00
scenario_01,epydemic,1.14.1,10000,100,4,8675313,a81eb8a7b4c49dbd245a57ae13561b313c2c060fc6f00249c6dda8fb36336134,50000,10.0,2.0,1.0,0.03551283202250488,0.2177624749892857,0.2532753070117906,8847,12,19,2,1120,9,3000,2374,e2d08086021f2e26ff9c7e8ded4a02833af5605e28b4a15b8bc38c84659be6e8,2026-09-23T19:04:00.911284+00:00
scenario_01,epydemic,1.14.1,10000,100,5,8675314,a81eb8a7b4c49dbd245a57ae13561b313c2c060fc6f00249c6dda8fb36336134,50000,10.0,2.0,1.0,0.03402670900686644,0.22158175898948684,0.2556084679963533,8750,4,24,0,1222,11,3000,2418,ecd52c24f6a469369576abe8cacc1907354f12ded47b1aa7a5232cf7ddf5222c,2026-09-23T19:04:01.584624+00:00
scenario_01,epydemic,1.14.1,10000,100,6,8675315,a81eb8a7b4c49dbd245a57ae13561b313c2c060fc6f00249c6dda8fb36336134,50000,10.0,2.0,1.0,0.033741875988198444,0.23306431499077007,0.2668061909789685,8619,33,48,1,1299,14,3000,2386,7229207ba4da9658d0a8be5e3ad114cd6006e90043f80e1da26732fbc00f39d3,2026-09-23T19:04:02.300881+00:00
scenario_01,epydemic,1.14.1,10000,100,7,8675316,a81eb8a7b4c49dbd245a57ae13561b313c2c060fc6f00249c6dda8fb36336134,50000,10.0,2.0,1.0,0.03411850199336186,0.19910460399114527,0.23322310598450713,9018,8,11,0,963,8,3000,2395,a9ab496cd073a5b72d5dd826a5542b32051fa2c7c93a3515e1e0bf085fdce9b4,2026-09-23T19:04:02.955086+00:00
scenario_01,epydemic,1.14.1,10000,100,8,8675317,a81eb8a7b4c49dbd245a57ae13561b313c2c060fc6f00249c6dda8fb36336134,50000,10.0,2.0,1.0,0.03389095998136327,0.2176100180076901,0.25150097798905335,8766,23,45,4,1162,13,3000,2401,c0de26b9d490293c570bc0ee41021711461fd8a87bda07a60f46f69a7bf53bd6,2026-09-23T19:04:03.627909+00:00
scenario_01,epydemic,1.14.1,10000,100,9,8675318,a81eb8a7b4c49dbd245a57ae13561b313c2c060fc6f00249c6dda8fb36336134,50000,10.0,2.0,1.0,0.03461574998800643,0.23712734601576813,0.27174309600377455,8801,19,37,5,1138,8,3000,2382,6d5bbbb979955e9ee6c5d8e7675d66956194d9072651d5a05e5aa08f5b16d230,2026-09-23T19:04:04.346684+00:00
scenario_01,epydemic,1.14.1,10000,100,10,8675319,a81eb8a7b4c49dbd245a57ae13561b313c2c060fc6f00249c6dda8fb36336134,50000,10.0,2.0,1.0,0.03660445401328616,0.21339927799999714,0.2500037320132833,9004,15,17,3,961,9,3000,2403,819ced1e519fa6ba87d05eb05acf0b29594cb0d6b5dff251199516b2791a1cf7,2026-09-23T19:04:05.050724+00:00
scenario_01,epydemic,1.14.1,10000,100,11,8675320,a81eb8a7b4c49dbd245a57ae13561b313c2c060fc6f00249c6dda8fb36336134,50000,10.0,2.0,1.0,0.03522445700946264,0.24762052900041454,0.2828449860098772,8566,27,45,8,1354,14,3000,2410,1376af43dac7019a8d38fdee3cc18fe1aedb0f65511ba98aae46722451c41b3a,2026-09-23T19:04:05.806394+00:00
scenario_01,epydemic,1.14.1,10000,100,12,8675321,a81eb8a7b4c49dbd245a57ae13561b313c2c060fc6f00249c6dda8fb36336134,50000,10.0,2.0,1.0,0.03525674800039269,0.22270075598498806,0.25795750398538075,8790,19,27,2,1162,11,3000,2398,7ef6476db2bbb395227435e2d95be50c431d6eb0d7a22bfaff877cd9704e70e6,2026-09-23T19:04:06.508947+00:00
scenario_01,epydemic,1.14.1,10000,100,13,8675322,a81eb8a7b4c49dbd245a57ae13561b313c2c060fc6f00249c6dda8fb36336134,50000,10.0,2.0,1.0,0.03281800399417989,0.2368503879988566,0.2696683919930365,8679,15,46,2,1258,8,3000,2387,155bf02712db7239a950838fb976bfa0e1f33d788311aa1c2ccf9e398e65cc12,2026-09-23T19:04:07.231326+00:00
scenario_01,epydemic,1.14.1,10000,100,14,8675323,a81eb8a7b4c49dbd245a57ae13561b313c2c060fc6f00249c6dda8fb36336134,50000,10.0,2.0,1.0,0.03445391700370237,0.2657977769849822,0.30025169398868456,8466,22,52,4,1456,9,3000,2360,978089dffeb21c1c728c08e711ef0a921d277b16e87b8839cfef1a8516600a0a,2026-09-23T19:04:08.006512+00:00
scenario_01,epydemic,1.14.1,10000,100,15,8675324,a81eb8a7b4c49dbd245a57ae13561b313c2c060fc6f00249c6dda8fb36336134,50000,10.0,2.0,1.0,0.03505699898232706,0.20285988700925373,0.23791688599158078,8925,12,28,2,1033,13,3000,2413,6485eb6a60336dc58918db8d374eaa3515ba2b926da5333733416986d1338fe1,2026-09-23T19:04:08.674313+00:00
scenario_01,epydemic,1.14.1,10000,100,16,8675325,a81eb8a7b4c49dbd245a57ae13561b313c2c060fc6f00249c6dda8fb36336134,50000,10.0,2.0,1.0,0.03401525100343861,0.22705999499885365,0.26107524600229226,8627,17,50,1,1305,12,3000,2365,d8d2387d63e4600709db73734cd7a15a4f6d4f31636819b9474e7c06ef749752,2026-09-23T19:04:09.375444+00:00
scenario_01,epydemic,1.14.1,10000,100,17,8675326,a81eb8a7b4c49dbd245a57ae13561b313c2c060fc6f00249c6dda8fb36336134,50000,10.0,2.0,1.0,0.03361737699015066,0.271575513004791,0.30519288999494165,8631,11,20,3,1335,14,3000,2424,cc06a9d3353116eeaaa5786f2c433568c9b6329c38bde4de4d6336f39e3af1ba,2026-09-23T19:04:10.096064+00:00
scenario_01,epydemic,1.14.1,10000,100,18,8675327,a81eb8a7b4c49dbd245a57ae13561b313c2c060fc6f00249c6dda8fb36336134,50000,10.0,2.0,1.0,0.03332637800485827,0.2080353329947684,0.24136171099962667,9030,11,30,2,927,11,3000,2383,26b007fc55b83d54639a82880ebb0de14b702a8210cfdd31e1ca8f0c6694efb8,2026-09-23T19:04:10.808823+00:00
scenario_01,epydemic,1.14.1,10000,100,19,8675328,a81eb8a7b4c49dbd245a57ae13561b313c2c060fc6f00249c6dda8fb36336134,50000,10.0,2.0,1.0,0.03376421000575647,0.21303544598049484,0.2467996559862513,8754,19,31,2,1194,10,3000,2421,19a2286f9101ac8fbab756b270c4963bb42b331faf8351252331d2a58d8438b6,2026-09-23T19:04:11.480939+00:00
scenario_01,epydemic,1.14.1,10000,100,20,8675329,a81eb8a7b4c49dbd245a57ae13561b313c2c060fc6f00249c6dda8fb36336134,50000,10.0,2.0,1.0,0.0373421190015506,0.21604448001016863,0.2533865990117192,8728,33,37,5,1197,11,3000,2392,1fd5acdb76934f0e7cebf2e73eaf4dc5d24db264f7247b19eb7590d4ef33d7c2,2026-09-23T19:04:12.165396+00:00
scenario_01,epydemic,1.14.1,10000,100,21,8675330,a81eb8a7b4c49dbd245a57ae13561b313c2c060fc6f00249c6dda8fb36336134,50000,10.0,2.0,1.0,0.038579949003178626,0.250567687995499,0.2891476369986776,8625,9,28,0,1338,12,3000,2414,e1e8d86bb8c633dda39f73565fce8a7da8e4af15b86ca8da174ae3d8b29fcfe0,2026-09-23T19:04:12.955905+00:00
scenario_01,epydemic,1.14.1,10000,100,22,8675331,a81eb8a7b4c49dbd245a57ae13561b313c2c060fc6f00249c6dda8fb36336134,50000,10.0,2.0,1.0,0.03448758300510235,0.20977116201538593,0.24425874502048828,8802,25,30,3,1140,10,3000,2427,40ef0c0ca18a97c32d2c26f027d2bf31ba443a6023813b06c7336de102dd001e,2026-09-23T19:04:13.619209+00:00
scenario_01,epydemic,1.14.1,10000,100,23,8675332,a81eb8a7b4c49dbd245a57ae13561b313c2c060fc6f00249c6dda8fb36336134,50000,10.0,2.0,1.0,0.03893048901227303,0.22809524298645556,0.2670257319987286,8879,14,26,2,1079,12,3000,2422,b3699a85c0cd88462c21dcdb774800c9ec39776e62663d87c260406ffd076856,2026-09-23T19:04:14.537362+00:00
scenario_01,epydemic,1.14.1,10000,100,24,8675333,a81eb8a7b4c49dbd245a57ae13561b313c2c060fc6f00249c6dda8fb36336134,50000,10.0,2.0,1.0,0.03353354398859665,0.22626066399971023,0.2597942079883069,8722,12,25,1,1240,13,3000,2376,d7489e88ed6cdf5a13c97ca73956eb8811692598138a98ce1b527655352e74c9,2026-09-23T19:04:15.222136+00:00
scenario_01,epydemic,1.14.1,10000,100,25,8675334,a81eb8a7b4c49dbd245a57ae13561b313c2c060fc6f00249c6dda8fb36336134,50000,10.0,2.0,1.0,0.03472166700521484,0.22366325298207812,0.25838491998729296,8806,17,30,2,1145,9,3000,2413,11d13f015beeab85d3ec589394101e64a25dc7d6f954d71b6e4a96cb12163193,2026-09-23T19:04:15.923771+00:00
scenario_01,epydemic,1.14.1,10000,100,26,8675335,a81eb8a7b4c49dbd245a57ae13561b313c2c060fc6f00249c6dda8fb36336134,50000,10.0,2.0,1.0,0.03305583700421266,0.21143382400623523,0.2444896610104479,8834,20,32,5,1109,11,3000,2394,54f4e0651116e2008e8a7d182309f1ccaa28f142a52c65c826acd8f0aa47428f,2026-09-23T19:04:16.595635+00:00
scenario_01,epydemic,1.14.1,10000,100,27,8675336,a81eb8a7b4c49dbd245a57ae13561b313c2c060fc6f00249c6dda8fb36336134,50000,10.0,2.0,1.0,0.03698037000140175,0.2028557199810166,0.23983608998241834,9117,7,9,0,867,8,3000,2388,1f0a426f6bf343fdf6ff5a4e4e25e441a2e1250597fe8ba4843b30136b23205e,2026-09-23T19:04:17.285242+00:00
scenario_01,epydemic,1.14.1,10000,100,28,8675337,a81eb8a7b4c49dbd245a57ae13561b313c2c060fc6f00249c6dda8fb36336134,50000,10.0,2.0,1.0,0.03596037099487148,0.2105970770062413,0.2465574480011128,9034,20,37,4,905,10,3000,2400,aa13850ed042e72f2acd1af58efba3a8e95f70a8011f5fa2b3b4d5f24ac02a55,2026-09-23T19:04:17.973586+00:00
scenario_01,epydemic,1.14.1,10000,100,29,8675338,a81eb8a7b4c49dbd245a57ae13561b313c2c060fc6f00249c6dda8fb36336134,50000,10.0,2.0,1.0,0.04748151102103293,0.40640614699805155,0.4538876580190845,8676,21,37,1,1265,11,3000,2403,acfb1bb1fe767292f8d571efb082528f3cf3c5027fc4e526d58745ca302b2389,2026-09-23T19:04:19.294031+00:00
scenario_01,epydemic,1.14.1,10000,100,30,8675339,a81eb8a7b4c49dbd245a57ae13561b313c2c060fc6f00249c6dda8fb36336134,50000,10.0,2.0,1.0,0.0988803869986441,0.45459003100404516,0.5534704180026893,8897,11,31,1,1060,9,3000,2405,9e0e1ea4ef3287b19a435a867f9759f7855694e6bc02a80890800d244c3f5cdb,2026-09-23T19:04:20.865347+00:00
scenario_01,epydemic,1.14.1,10000,100,31,8675340,a81eb8a7b4c49dbd245a57ae13561b313c2c060fc6f00249c6dda8fb36336134,50000,10.0,2.0,1.0,0.10029317598673515,0.430626379995374,0.5309195559821092,8821,13,27,1,1138,9,3000,2403,5c7dcb426874464ace204267d0fbc928ad69e6bc61ebe9d2b2a9653916665edd,2026-09-23T19:04:22.998843+00:00
scenario_01,epydemic,1.14.1,10000,100,32,8675341,a81eb8a7b4c49dbd245a57ae13561b313c2c060fc6f00249c6dda8fb36336134,50000,10.0,2.0,1.0,0.07863281000754796,0.46497021499089897,0.5436030249984469,8794,15,26,4,1161,10,3000,2424,60e09ec671a171a4f8d654067ca08a036a60bede2ca027738191bc3b1dea88f4,2026-09-23T19:04:24.658419+00:00
scenario_01,epydemic,1.14.1,10000,100,33,8675342,a81eb8a7b4c49dbd245a57ae13561b313c2c060fc6f00249c6dda8fb36336134,50000,10.0,2.0,1.0,0.0673452959745191,0.3377116460178513,0.4050569419923704,8822,19,39,2,1118,10,3000,2389,eea4426ff45b51d32b0bd26eb60b84a28baa3e6963d312783b5079ddf678a59a,2026-09-23T19:04:26.104914+00:00
scenario_01,epydemic,1.14.1,10000,100,34,8675343,a81eb8a7b4c49dbd245a57ae13561b313c2c060fc6f00249c6dda8fb36336134,50000,10.0,2.0,1.0,0.06692496297182515,0.4351373700192198,0.502062332991045,8757,13,28,1,1201,11,3000,2404,85bb18a126bcd55eca0ae68fcf58b51c35b005377b0b5f33e00852f5f1352eef,2026-09-23T19:04:27.404444+00:00
scenario_01,epydemic,1.14.1,10000,100,35,8675344,a81eb8a7b4c49dbd245a57ae13561b313c2c060fc6f00249c6dda8fb36336134,50000,10.0,2.0,1.0,0.06865387503057718,0.39105639298213646,0.45971026801271364,9062,12,17,3,906,9,3000,2438,475d3f19c9cd2450f50e0d0acf7e44f7a9f386fae4810b099e84746e25e32715,2026-09-23T19:04:28.813379+00:00
scenario_01,epydemic,1.14.1,10000,100,36,8675345,a81eb8a7b4c49dbd245a57ae13561b313c2c060fc6f00249c6dda8fb36336134,50000,10.0,2.0,1.0,0.09336644201539457,0.49668930398183875,0.5900557459972333,8845,11,28,3,1113,10,3000,2371,328ee247140ae9003e424db27fa8591402f050cfc95ce78161218586e2a5d6c1,2026-09-23T19:04:30.531102+00:00
scenario_01,epydemic,1.14.1,10000,100,37,8675346,a81eb8a7b4c49dbd245a57ae13561b313c2c060fc6f00249c6dda8fb36336134,50000,10.0,2.0,1.0,0.07470819496666081,0.5244450300233439,0.5991532249900047,8657,16,19,2,1306,9,3000,2432,c313ade39bcf11a7285c9025079998ae6b6e975c20140c19b57af6badc3da01e,2026-09-23T19:04:32.212111+00:00
scenario_01,epydemic,1.14.1,10000,100,38,8675347,a81eb8a7b4c49dbd245a57ae13561b313c2c060fc6f00249c6dda8fb36336134,50000,10.0,2.0,1.0,0.07966714198119007,0.4357598680071533,0.5154270099883433,8577,19,26,3,1375,11,3000,2424,c9dd338d510dfcf10962cc99f6eed923cd326407f1dc75ef4b36a5184854db8f,2026-09-23T19:04:33.903109+00:00
scenario_01,epydemic,1.14.1,10000,100,39,8675348,a81eb8a7b4c49dbd245a57ae13561b313c2c060fc6f00249c6dda8fb36336134,50000,10.0,2.0,1.0,0.05808540200814605,0.41596958198351786,0.4740549839916639,8750,30,54,3,1163,12,3000,2384,7a0e0e89a3e51022aacf8458a4ef59322ce0d81778e385d9edeed5abd1fa994d,2026-09-23T19:04:35.196034+00:00
scenario_01,epydemic,1.14.1,10000,100,40,8675349,a81eb8a7b4c49dbd245a57ae13561b313c2c060fc6f00249c6dda8fb36336134,50000,10.0,2.0,1.0,0.06307997400290333,0.3705219409894198,0.43360191499232315,8995,10,26,1,968,11,3000,2403,0aed27cb3a71e602ed367d118452efdbca0a3f183fc0d23ad872f93c9e976480,2026-09-23T19:04:36.559713+00:00
scenario_01,epydemic,1.14.1,10000,100,41,8675350,a81eb8a7b4c49dbd245a57ae13561b313c2c060fc6f00249c6dda8fb36336134,50000,10.0,2.0,1.0,0.0662486329965759,0.42209881701273844,0.48834745000931434,8707,17,35,1,1240,10,3000,2406,927ebbcdbf9ef8e4f5f666ebc3b3965bf224c704ab911e895991949241c06bbb,2026-09-23T19:04:38.087337+00:00
scenario_01,epydemic,1.14.1,10000,100,42,8675351,a81eb8a7b4c49dbd245a57ae13561b313c2c060fc6f00249c6dda8fb36336134,50000,10.0,2.0,1.0,0.07665839896071702,0.4130252970207948,0.48968369598151185,8825,15,25,3,1132,11,3000,2401,d0a04719fdb683caf7f41fe0cb238c4ee20bba610bbef2c17b8515ddc43c97f3,2026-09-23T19:04:39.667160+00:00
scenario_01,epydemic,1.14.1,10000,100,43,8675352,a81eb8a7b4c49dbd245a57ae13561b313c2c060fc6f00249c6dda8fb36336134,50000,10.0,2.0,1.0,0.08220188599079847,0.39306859599309973,0.4752704819838982,8698,12,26,2,1262,12,3000,2370,8d5f2037c4cb74d0d456b4a1af96066a9feae1f2cda2194048f12aa30f8e9987,2026-09-23T19:04:41.224243+00:00
scenario_01,epydemic,1.14.1,10000,100,44,8675353,a81eb8a7b4c49dbd245a57ae13561b313c2c060fc6f00249c6dda8fb36336134,50000,10.0,2.0,1.0,0.05242208298295736,0.3834821180207655,0.43590420100372285,8896,12,15,3,1074,11,3000,2387,a0b4f4c1a1ff8d1ae4f1da56452cd9dc98192a88946ee98e42026c347c1d53ff,2026-09-23T19:04:42.604527+00:00
scenario_01,epydemic,1.14.1,10000,100,45,8675354,a81eb8a7b4c49dbd245a57ae13561b313c2c060fc6f00249c6dda8fb36336134,50000,10.0,2.0,1.0,0.06354743099655025,0.36794336399179883,0.4314907949883491,8889,24,35,2,1050,11,3000,2417,5a8b2d0024e9e644f078446972d68fe9bdeaab29eb5b7da866ed7ded87a9c488,2026-09-23T19:04:44.055524+00:00
scenario_01,epydemic,1.14.1,10000,100,46,8675355,a81eb8a7b4c49dbd245a57ae13561b313c2c060fc6f00249c6dda8fb36336134,50000,10.0,2.0,1.0,0.07804177099023946,0.5117611430177931,0.5898029140080325,8533,18,42,3,1404,12,3000,2401,63bbe65b3b2b16b2d258823566d020b78f126492870172f0597c3e7ced2ba5d1,2026-09-23T19:04:45.552730+00:00
scenario_01,epydemic,1.14.1,10000,100,47,8675356,a81eb8a7b4c49dbd245a57ae13561b313c2c060fc6f00249c6dda8fb36336134,50000,10.0,2.0,1.0,0.10396025099908002,0.4296281739952974,0.5335884249943774,8644,10,27,3,1316,13,3000,2394,0afa21448e6f1084dd3e40231dd39f417cd9e219b13da49962cb46ba2deed877,2026-09-23T19:04:47.468327+00:00
scenario_01,epydemic,1.14.1,10000,100,48,8675357,a81eb8a7b4c49dbd245a57ae13561b313c2c060fc6f00249c6dda8fb36336134,50000,10.0,2.0,1.0,0.06295384897384793,0.41722945400397293,0.48018330297782086,8794,16,34,1,1155,11,3000,2407,29e0df08f3699c70ee3a7612a459203e2e9d3d53fc9a3614780f60121b31b5cc,2026-09-23T19:04:49.124800+00:00
scenario_01,epydemic,1.14.1,10000,100,49,8675358,a81eb8a7b4c49dbd245a57ae13561b313c2c060fc6f00249c6dda8fb36336134,50000,10.0,2.0,1.0,0.06243205798091367,0.3389933090074919,0.4014253669884056,8755,20,36,3,1186,9,3000,2371,f859a9da256e21c8a1745217fafe2a602c7c79717adeffdccce96d4872d3b8de,2026-09-23T19:04:50.527120+00:00
scenario_01,epydemic,1.14.1,10000,100,50,8675359,a81eb8a7b4c49dbd245a57ae13561b313c2c060fc6f00249c6dda8fb36336134,50000,10.0,2.0,1.0,0.05455220100702718,0.3491368690156378,0.40368907002266496,8740,9,29,1,1221,13,3000,2367,d84239dc13e4ffc66a2aa85cb58b119a7de83cbdc845f2640906d7be86dadd0e,2026-09-23T19:04:51.734615+00:00
scenario_01,epydemic,1.14.1,10000,100,51,8675360,a81eb8a7b4c49dbd245a57ae13561b313c2c060fc6f00249c6dda8fb36336134,50000,10.0,2.0,1.0,0.07442907101358287,0.3586574289947748,0.4330865000083577,8673,32,42,1,1252,13,3000,2343,60f33657952e155e7e7f376b95d125ce1184b823bcb61bd38ab2e1f84d1f6681,2026-09-23T19:04:53.131692+00:00
scenario_01,epydemic,1.14.1,10000,100,52,8675361,a81eb8a7b4c49dbd245a57ae13561b313c2c060fc6f00249c6dda8fb36336134,50000,10.0,2.0,1.0,0.08394946402404457,0.3503058239875827,0.43425528801162727,9088,3,15,1,893,10,3000,2364,d808f03e5b7a4b782857493c01b9f07c3abed840068a4c26a5c2add722cbd590,2026-09-23T19:04:54.523906+00:00
scenario_01,epydemic,1.14.1,10000,100,53,8675362,a81eb8a7b4c49dbd245a57ae13561b313c2c060fc6f00249c6dda8fb36336134,50000,10.0,2.0,1.0,0.06779879497480579,0.45102524801041,0.5188240429852158,8499,16,34,1,1450,11,3000,2387,d770fcf4276e4f0971c4c489c1175aeeff033140eb091e0bc790a018e5fe471f,2026-09-23T19:04:56.189929+00:00
scenario_01,epydemic,1.14.1,10000,100,54,8675363,a81eb8a7b4c49dbd245a57ae13561b313c2c060fc6f00249c6dda8fb36336134,50000,10.0,2.0,1.0,0.0616996840108186,0.3918252659786958,0.4535249499895144,8581,10,33,2,1374,10,3000,2406,8aac2d14d78852cf0ff5bb5126e9d3a467ddacd5fb7c676cbea5b70f81ccbef7,2026-09-23T19:04:57.707821+00:00
scenario_01,epydemic,1.14.1,10000,100,55,8675364,a81eb8a7b4c49dbd245a57ae13561b313c2c060fc6f00249c6dda8fb36336134,50000,10.0,2.0,1.0,0.061890849989140406,0.36625866100075655,0.42814951098989695,8683,18,28,3,1268,12,3000,2401,7228eeb72bcff5c464e7963f3e3c89771c43a5de6de5544de9dfdb04ba499ec7,2026-09-23T19:04:59.064888+00:00
scenario_01,epydemic,1.14.1,10000,100,56,8675365,a81eb8a7b4c49dbd245a57ae13561b313c2c060fc6f00249c6dda8fb36336134,50000,10.0,2.0,1.0,0.05674140600604005,0.36187746201176196,0.418618868017802,8669,17,20,3,1291,12,3000,2375,151cd499a256c273362cb160fcbf5a71ea0a32983828a838937e66a7b66d4633,2026-09-23T19:05:00.442859+00:00
scenario_01,epydemic,1.14.1,10000,100,57,8675366,a81eb8a7b4c49dbd245a57ae13561b313c2c060fc6f00249c6dda8fb36336134,50000,10.0,2.0,1.0,0.0967460589890834,0.47874263901030645,0.5754886979993898,8730,18,33,2,1217,10,3000,2401,5bb45b44e670dd2121a39ffbd0f656c39c368a69584f7f0b40271817db9be12e,2026-09-23T19:05:02.024713+00:00
scenario_01,epydemic,1.14.1,10000,100,58,8675367,a81eb8a7b4c49dbd245a57ae13561b313c2c060fc6f00249c6dda8fb36336134,50000,10.0,2.0,1.0,0.07493182001053356,0.4207225709978957,0.49565439100842923,8666,10,24,1,1299,13,3000,2409,3cd65b7a581677d2ca956d6c75a2fa6ac25c64db162d566e0ee373de042df50f,2026-09-23T19:05:03.820363+00:00
scenario_01,epydemic,1.14.1,10000,100,59,8675368,a81eb8a7b4c49dbd245a57ae13561b313c2c060fc6f00249c6dda8fb36336134,50000,10.0,2.0,1.0,0.05839148399536498,0.3443456300010439,0.4027371139964089,8647,19,37,3,1294,11,3000,2437,6859b007b63b8fac2e2be45463c83a6fb20d20216d511cee08d3aa8b2c437474,2026-09-23T19:05:05.123295+00:00
scenario_01,epydemic,1.14.1,10000,100,60,8675369,a81eb8a7b4c49dbd245a57ae13561b313c2c060fc6f00249c6dda8fb36336134,50000,10.0,2.0,1.0,0.06606729899067432,0.3238232209987473,0.3898905199894216,8715,14,34,2,1235,12,3000,2388,924ac60e50029a37470842f7d6616b62204a14c100e668b598f0e799ad803d34,2026-09-23T19:05:06.298651+00:00
scenario_01,epydemic,1.14.1,10000,100,61,8675370,a81eb8a7b4c49dbd245a57ae13561b313c2c060fc6f00249c6dda8fb36336134,50000,10.0,2.0,1.0,0.059480022988282144,0.39004189500701614,0.4495219179952983,8738,20,30,2,1210,13,3000,2398,f34ffd54defb2b84d5a1b7373a846f6f41800918b7b2dea0b5130c6bd205edf0,2026-09-23T19:05:07.592241+00:00
scenario_01,epydemic,1.14.1,10000,100,62,8675371,a81eb8a7b4c49dbd245a57ae13561b313c2c060fc6f00249c6dda8fb36336134,50000,10.0,2.0,1.0,0.10786615699180402,0.3351745270192623,0.44304068401106633,8870,11,22,0,1097,10,3000,2415,815cbb08bd4c643f536191064fde987a2d289405ff9356138b980db8cad9d50e,2026-09-23T19:05:09.182126+00:00
scenario_01,epydemic,1.14.1,10000,100,63,8675372,a81eb8a7b4c49dbd245a57ae13561b313c2c060fc6f00249c6dda8fb36336134,50000,10.0,2.0,1.0,0.11126998200779781,0.45001545900595374,0.5612854410137516,8601,21,41,2,1335,11,3000,2419,648ef50338c69db49f8af37b66342cdc273ded27eedeb8e930f8e0e3ca00b742,2026-09-23T19:05:10.970928+00:00
scenario_01,epydemic,1.14.1,10000,100,64,8675373,a81eb8a7b4c49dbd245a57ae13561b313c2c060fc6f00249c6dda8fb36336134,50000,10.0,2.0,1.0,0.1280271919677034,0.4090133490099106,0.537040540977614,8873,3,10,1,1113,10,3000,2392,a35b0d4a0d541f5f251092ad1d4d85f4959381e846abb6aaba0d060e39237bae,2026-09-23T19:05:12.927641+00:00
scenario_01,epydemic,1.14.1,10000,100,65,8675374,a81eb8a7b4c49dbd245a57ae13561b313c2c060fc6f00249c6dda8fb36336134,50000,10.0,2.0,1.0,0.11269485298544168,0.38499519901233725,0.49769005199777894,8643,14,29,3,1311,16,3000,2413,2c070f3d2de4a2094a77e133ca335e2ed19ded443296d130ad64ec9d07e15e52,2026-09-23T19:05:14.812104+00:00
scenario_01,epydemic,1.14.1,10000,100,66,8675375,a81eb8a7b4c49dbd245a57ae13561b313c2c060fc6f00249c6dda8fb36336134,50000,10.0,2.0,1.0,0.050824919977458194,0.27744279001490213,0.3282677099923603,8877,12,23,2,1086,7,3000,2402,067a8952af68460b7ac75de6c3a99657f5f3b77ae344036dadd8952d41f8469c,2026-09-23T19:05:16.284039+00:00
scenario_01,epydemic,1.14.1,10000,100,67,8675376,a81eb8a7b4c49dbd245a57ae13561b313c2c060fc6f00249c6dda8fb36336134,50000,10.0,2.0,1.0,0.05390036996686831,0.3427725080109667,0.396672877977835,8797,16,34,1,1152,9,3000,2386,6f190dea30ecf60a463162f5bd6a99b71910611855193ef741cd643db049ce0a,2026-09-23T19:05:17.615593+00:00
scenario_01,epydemic,1.14.1,10000,100,68,8675377,a81eb8a7b4c49dbd245a57ae13561b313c2c060fc6f00249c6dda8fb36336134,50000,10.0,2.0,1.0,0.05338066295371391,0.3902645190246403,0.44364518197835423,8730,19,47,3,1201,8,3000,2413,0000eea5c9b9591c66c015db14c884f9fea8a93be435c820e716f91fd3c61e49,2026-09-23T19:05:18.979537+00:00
scenario_01,epydemic,1.14.1,10000,100,69,8675378,a81eb8a7b4c49dbd245a57ae13561b313c2c060fc6f00249c6dda8fb36336134,50000,10.0,2.0,1.0,0.09746772301150486,0.4736560689925682,0.571123792004073,8987,17,19,1,976,9,3000,2410,9a317f682c3f5fa09048264dbd72c9dac2e88d9327a190e97191b5edd492b9ee,2026-09-23T19:05:20.853207+00:00
scenario_01,epydemic,1.14.1,10000,100,70,8675379,a81eb8a7b4c49dbd245a57ae13561b313c2c060fc6f00249c6dda8fb36336134,50000,10.0,2.0,1.0,0.10960973601322621,0.541432572004851,0.6510423080180772,8549,23,53,2,1373,14,3000,2363,02e9a2db3dbb491849e750cbb62f98b09802a0b390f8dbf9340b65b1a348d795,2026-09-23T19:05:22.906883+00:00
scenario_01,epydemic,1.14.1,10000,100,71,8675380,a81eb8a7b4c49dbd245a57ae13561b313c2c060fc6f00249c6dda8fb36336134,50000,10.0,2.0,1.0,0.06697867301409133,0.32369726200704463,0.39067593502113596,8885,18,29,2,1066,12,3000,2388,e23646c06dd10a349b6d57eaac69221e11e47bdab1d218194d7526f868dbef98,2026-09-23T19:05:24.450868+00:00
scenario_01,epydemic,1.14.1,10000,100,72,8675381,a81eb8a7b4c49dbd245a57ae13561b313c2c060fc6f00249c6dda8fb36336134,50000,10.0,2.0,1.0,0.056894654990173876,0.3378371029975824,0.3947317579877563,8807,14,34,2,1143,11,3000,2393,e2246fa515e1c34f2e3d3e434fe9e68383c53a42a683b0b50c8032cd2fb25b4c,2026-09-23T19:05:25.645393+00:00
scenario_01,epydemic,1.14.1,10000,100,73,8675382,a81eb8a7b4c49dbd245a57ae13561b313c2c060fc6f00249c6dda8fb36336134,50000,10.0,2.0,1.0,0.05653015602729283,0.36483949699322693,0.42136965302051976,8624,21,37,5,1313,14,3000,2399,f009204612c3fb344043fd253e6167ab37dc6faf0bd14e011f1cba00bdd97002,2026-09-23T19:05:26.946728+00:00
scenario_01,epydemic,1.14.1,10000,100,74,8675383,a81eb8a7b4c49dbd245a57ae13561b313c2c060fc6f00249c6dda8fb36336134,50000,10.0,2.0,1.0,0.07198057600180618,0.5025475409929641,0.5745281169947702,8713,11,18,4,1254,14,3000,2378,c347c732796e614999b5c4da7bba4da710563bbbd33a901c3615a841c930aed1,2026-09-23T19:05:28.621776+00:00
scenario_01,epydemic,1.14.1,10000,100,75,8675384,a81eb8a7b4c49dbd245a57ae13561b313c2c060fc6f00249c6dda8fb36336134,50000,10.0,2.0,1.0,0.07872589500038885,0.4889068229822442,0.567632717982633,8639,28,44,4,1285,13,3000,2397,99dd5f4291bb24b2981e56a8dc3d29c4ac5268c9153d3628b8b9b7976c58af4b,2026-09-23T19:05:30.420206+00:00
scenario_01,epydemic,1.14.1,10000,100,76,8675385,a81eb8a7b4c49dbd245a57ae13561b313c2c060fc6f00249c6dda8fb36336134,50000,10.0,2.0,1.0,0.06998066496453248,0.5166764650202822,0.5866571299848147,8523,22,31,0,1424,14,3000,2407,70889bb3366a6f5a9934cc1c0ca30f9e1f7afb667df6418d2f9ac0a822ac4f29,2026-09-23T19:05:32.142955+00:00
scenario_01,epydemic,1.14.1,10000,100,77,8675386,a81eb8a7b4c49dbd245a57ae13561b313c2c060fc6f00249c6dda8fb36336134,50000,10.0,2.0,1.0,0.06004564801696688,0.28619981100200675,0.34624545901897363,8928,7,12,2,1051,11,3000,2452,846ca13893791d06d0f610e189433659b82b5003846c4896013220676a99193a,2026-09-23T19:05:33.449050+00:00
scenario_01,epydemic,1.14.1,10000,100,78,8675387,a81eb8a7b4c49dbd245a57ae13561b313c2c060fc6f00249c6dda8fb36336134,50000,10.0,2.0,1.0,0.0560044489975553,0.3041038929950446,0.3601083419925999,9095,3,9,1,892,9,3000,2421,d7aa2e5b04c5be5019e8b35b33a9ab01b924aefa999458e87643cc459bb120d4,2026-09-23T19:05:34.685742+00:00
scenario_01,epydemic,1.14.1,10000,100,79,8675388,a81eb8a7b4c49dbd245a57ae13561b313c2c060fc6f00249c6dda8fb36336134,50000,10.0,2.0,1.0,0.056019657029537484,0.37284539398388006,0.42886505101341754,8971,13,26,3,987,11,3000,2448,e1361962bcd2bd156a43244a6119485c95ef9f2fb377d5d1040cbe10eddffa1e,2026-09-23T19:05:36.015078+00:00
scenario_01,epydemic,1.14.1,10000,100,80,8675389,a81eb8a7b4c49dbd245a57ae13561b313c2c060fc6f00249c6dda8fb36336134,50000,10.0,2.0,1.0,0.0813765549683012,0.4302633390179835,0.5116398939862847,8921,10,25,3,1041,12,3000,2423,445f2862de0f81fb1321b8ae715f7c248541ff0e617b124e6156398f7dfe21c9,2026-09-23T19:05:37.756175+00:00
scenario_01,epydemic,1.14.1,10000,100,81,8675390,a81eb8a7b4c49dbd245a57ae13561b313c2c060fc6f00249c6dda8fb36336134,50000,10.0,2.0,1.0,0.08888011903036386,0.4608043079788331,0.549684427009197,8812,15,26,3,1144,8,3000,2380,5fcf646e73b316c1e196714e39f7d96d6ed8b1e1975ba9308e87cc2837bf945c,2026-09-23T19:05:39.483446+00:00
scenario_01,epydemic,1.14.1,10000,100,82,8675391,a81eb8a7b4c49dbd245a57ae13561b313c2c060fc6f00249c6dda8fb36336134,50000,10.0,2.0,1.0,0.0503784200118389,0.33662727297632955,0.38700569298816845,8671,19,33,0,1277,11,3000,2394,19fd4d665d85c37bb758d3ece7a91e901c6195abb495ff55d689c07b71b486aa,2026-09-23T19:05:40.892624+00:00
scenario_01,epydemic,1.14.1,10000,100,83,8675392,a81eb8a7b4c49dbd245a57ae13561b313c2c060fc6f00249c6dda8fb36336134,50000,10.0,2.0,1.0,0.05382674600696191,0.3799697940121405,0.4337965400191024,8742,18,42,2,1196,10,3000,2428,0652b1fc2dc6d750cbcd37af14af065bdbe12ca8caf9dd80fe1f75f7eb24716a,2026-09-23T19:05:42.237781+00:00
scenario_01,epydemic,1.14.1,10000,100,84,8675393,a81eb8a7b4c49dbd245a57ae13561b313c2c060fc6f00249c6dda8fb36336134,50000,10.0,2.0,1.0,0.050964709982508793,0.40118245099438354,0.45214716097689234,8867,24,57,0,1052,10,3000,2397,608158350411c88e99bfc31bd208296aff0eed3c1097adddab522c4b109384a1,2026-09-23T19:05:43.635063+00:00
scenario_01,epydemic,1.14.1,10000,100,85,8675394,a81eb8a7b4c49dbd245a57ae13561b313c2c060fc6f00249c6dda8fb36336134,50000,10.0,2.0,1.0,0.1181371729762759,0.407878227008041,0.5260153999843169,8799,7,23,2,1169,13,3000,2430,4a0985fa7a1bdc07c0399fc6418f445e93b300d13876f123f5fe324b5528041a,2026-09-23T19:05:45.465431+00:00
scenario_01,epydemic,1.14.1,10000,100,86,8675395,a81eb8a7b4c49dbd245a57ae13561b313c2c060fc6f00249c6dda8fb36336134,50000,10.0,2.0,1.0,0.09256923600332811,0.4504146659746766,0.5429839019780047,8788,24,50,2,1136,9,3000,2395,cbb1758947698b27fbb764ed804d33f12ccc379a01e6b82dde50e5d95c6ce07f,2026-09-23T19:05:47.332038+00:00
scenario_01,epydemic,1.14.1,10000,100,87,8675396,a81eb8a7b4c49dbd245a57ae13561b313c2c060fc6f00249c6dda8fb36336134,50000,10.0,2.0,1.0,0.07200891000684351,0.40019753700471483,0.47220644701155834,8838,14,40,4,1104,11,3000,2412,5a4cb5d0e26081ff84076d0a82bde4dc124ef35c16b32a07c50d42e318c290fb,2026-09-23T19:05:48.896407+00:00
scenario_01,epydemic,1.14.1,10000,100,88,8675397,a81eb8a7b4c49dbd245a57ae13561b313c2c060fc6f00249c6dda8fb36336134,50000,10.0,2.0,1.0,0.04418381099822,0.2602598319936078,0.3044436429918278,8733,18,30,0,1219,11,3000,2383,17e9096f9b1ab97b6ff6ff00539e164ffa281db84949b044df6a3c43c6f942f0,2026-09-23T19:05:49.904646+00:00
scenario_01,epydemic,1.14.1,10000,100,89,8675398,a81eb8a7b4c49dbd245a57ae13561b313c2c060fc6f00249c6dda8fb36336134,50000,10.0,2.0,1.0,0.03706945202429779,0.2567616739834193,0.2938311260077171,8660,11,25,1,1303,11,3000,2391,43d98def6e6bed2204e97036a485b1be07a6660dc0d5394d643d42bcae426f62,2026-09-23T19:05:50.748252+00:00
scenario_01,epydemic,1.14.1,10000,100,90,8675399,a81eb8a7b4c49dbd245a57ae13561b313c2c060fc6f00249c6dda8fb36336134,50000,10.0,2.0,1.0,0.04538785002660006,0.3248237179941498,0.37021156802074984,8856,14,34,1,1095,14,3000,2403,605a9e58c783a8e6d9b24b45a63dd347b26e8d2ce980be4f0d42a1a011a5cb73,2026-09-23T19:05:51.761247+00:00
scenario_01,epydemic,1.14.1,10000,100,91,8675400,a81eb8a7b4c49dbd245a57ae13561b313c2c060fc6f00249c6dda8fb36336134,50000,10.0,2.0,1.0,0.05548407603055239,0.4138991699728649,0.4693832460034173,8966,5,13,1,1015,9,3000,2412,548a6d6024ad52aaaed50059d5e48b62fc5dd87e59391340b266d8bc729414b6,2026-09-23T19:05:52.975193+00:00
scenario_01,epydemic,1.14.1,10000,100,92,8675401,a81eb8a7b4c49dbd245a57ae13561b313c2c060fc6f00249c6dda8fb36336134,50000,10.0,2.0,1.0,0.0541419540240895,0.34134551099850796,0.39548746502259746,8870,12,28,1,1089,12,3000,2423,f5f2255cf58c90cad08e21d2a04ccbd2e2f4099d1b879536783e0ce8f96f3c10,2026-09-23T19:05:54.290466+00:00
scenario_01,epydemic,1.14.1,10000,100,93,8675402,a81eb8a7b4c49dbd245a57ae13561b313c2c060fc6f00249c6dda8fb36336134,50000,10.0,2.0,1.0,0.06779079596162774,0.39571779701509513,0.46350859297672287,8480,29,62,2,1427,9,3000,2370,609ee739bf0e9d4b2b01a07a42e61f8fdaec0134511043a300ca7179329e4f46,2026-09-23T19:05:55.628423+00:00
scenario_01,epydemic,1.14.1,10000,100,94,8675403,a81eb8a7b4c49dbd245a57ae13561b313c2c060fc6f00249c6dda8fb36336134,50000,10.0,2.0,1.0,0.05259387299884111,0.2958694970002398,0.3484633699990809,8884,12,17,3,1084,10,3000,2382,c365b0aad4a072311db4fa263232b6c504d9ede4701c070ebbbb3958eac76db3,2026-09-23T19:05:56.733407+00:00
scenario_01,epydemic,1.14.1,10000,100,95,8675404,a81eb8a7b4c49dbd245a57ae13561b313c2c060fc6f00249c6dda8fb36336134,50000,10.0,2.0,1.0,0.07975714100757614,0.3610654229996726,0.44082256400724873,9063,6,16,1,914,9,3000,2402,2a800c4fd94e17fafc20ad410eee0aa1cd9db7b6f8dd8f5cdd5a84206b8bcccd,2026-09-23T19:05:57.987050+00:00
scenario_01,epydemic,1.14.1,10000,100,96,8675405,a81eb8a7b4c49dbd245a57ae13561b313c2c060fc6f00249c6dda8fb36336134,50000,10.0,2.0,1.0,0.08586808500695042,0.4192824909987394,0.5051505760056898,8821,12,30,0,1137,11,3000,2434,bf20d58a64063e6ca4ce003351718141f3d65be085388f27747d84eb369175fb,2026-09-23T19:05:59.476030+00:00
scenario_01,epydemic,1.14.1,10000,100,97,8675406,a81eb8a7b4c49dbd245a57ae13561b313c2c060fc6f00249c6dda8fb36336134,50000,10.0,2.0,1.0,0.07069266401231289,0.3907857259910088,0.4614783900033217,8986,10,23,2,979,10,3000,2333,c8f4664bfab10c875bc47d5d6a96c5b7b3138bc1f4b9f0b8cedd33e053a799f3,2026-09-23T19:06:00.981263+00:00
scenario_01,epydemic,1.14.1,10000,100,98,8675407,a81eb8a7b4c49dbd245a57ae13561b313c2c060fc6f00249c6dda8fb36336134,50000,10.0,2.0,1.0,0.06427534599788487,0.32058689498808235,0.3848622409859672,8980,16,28,4,972,9,3000,2391,a717ae8ec8b36bc8a5af2a5c46f88001d2bc589d4282170caf420491cc32c787,2026-09-23T19:06:02.280652+00:00
scenario_01,epydemic,1.14.1,10000,100,99,8675408,a81eb8a7b4c49dbd245a57ae13561b313c2c060fc6f00249c6dda8fb36336134,50000,10.0,2.0,1.0,0.07896743502351455,0.3719971049868036,0.45096454001031816,8722,18,36,2,1222,14,3000,2413,ee9bfd58a3efcab2916bca7deb8238d031cf0be5a8f8a85e936d426b561839d5,2026-09-23T19:06:03.681863+00:00
scenario_01,epydemic,1.14.1,10000,100,100,8675409,a81eb8a7b4c49dbd245a57ae13561b313c2c060fc6f00249c6dda8fb36336134,50000,10.0,2.0,1.0,0.08137676198384725,0.3754532640159596,0.4568300259998068,8809,12,35,3,1141,8,3000,2428,8d7cddbd53172127b1b7dccf84d66f1f09725eb32e08e5e61fe628c6b6c727cb,2026-09-23T19:06:05.015345+00:00
scenario_01,epydemic,1.14.1,100000,100,1,8775310,83b4e1da2783f17377cf65d5f9c270629dd633191f581ff139c5b60c5d080e99,500000,10.0,2.0,1.0,0.5121034439944196,1.2077117350127082,1.7198151790071279,98341,31,47,2,1579,12,30000,24061,fc162188e8c1e8b14d424c5a72cf308a72cfaa9d8e3078ce5f98de5c38d10f9c,2026-09-23T19:21:42.551709+00:00
scenario_01,epydemic,1.14.1,100000,100,2,8775311,83b4e1da2783f17377cf65d5f9c270629dd633191f581ff139c5b60c5d080e99,500000,10.0,2.0,1.0,0.4767273089964874,1.1850151190010365,1.661742427997524,98685,19,53,1,1242,16,30000,24019,990f35542aeb058efb0b208d7ed868fcba891f9b266883c4cc6b6aaba7162594,2026-09-23T19:21:44.880373+00:00
scenario_01,epydemic,1.14.1,100000,100,3,8775312,83b4e1da2783f17377cf65d5f9c270629dd633191f581ff139c5b60c5d080e99,500000,10.0,2.0,1.0,0.47476564001408406,1.164123088994529,1.6388887290086132,98544,21,47,2,1386,11,30000,24026,b10cf4d1da19b1d32a88f43d81e8a9fb676db8bab24963ee070996c0c7a23bf6,2026-09-23T19:21:47.078400+00:00
scenario_01,epydemic,1.14.1,100000,100,4,8775313,83b4e1da2783f17377cf65d5f9c270629dd633191f581ff139c5b60c5d080e99,500000,10.0,2.0,1.0,0.5417016940191388,1.1896040009742137,1.7313056949933525,98533,39,56,2,1370,8,30000,23903,61b5e08535969cd7d4be6568ba844e651406d378eb10983d0fe7c24a24fd7d09,2026-09-23T19:21:49.419852+00:00
scenario_01,epydemic,1.14.1,100000,100,5,8775314,83b4e1da2783f17377cf65d5f9c270629dd633191f581ff139c5b60c5d080e99,500000,10.0,2.0,1.0,0.49079374701250345,1.177205107989721,1.6679988550022244,98477,34,59,6,1424,12,30000,24035,c53ca932b11ec72a3873b6820eaea19cc612c2db374edfe5da66ef34a8b3b4a2,2026-09-23T19:21:51.661147+00:00
scenario_01,epydemic,1.14.1,100000,100,6,8775315,83b4e1da2783f17377cf65d5f9c270629dd633191f581ff139c5b60c5d080e99,500000,10.0,2.0,1.0,0.4773019360145554,1.1683578029915225,1.6456597390060779,98668,26,43,5,1258,9,30000,24047,a60c244d201cce0998ea1d3142ed980982f2d67486c881518f4d05f3a6733c57,2026-09-23T19:21:53.887753+00:00
scenario_01,epydemic,1.14.1,100000,100,7,8775316,83b4e1da2783f17377cf65d5f9c270629dd633191f581ff139c5b60c5d080e99,500000,10.0,2.0,1.0,0.47063517599599436,1.1116666379966773,1.5823018139926717,98981,9,21,1,988,13,30000,24012,7eb1fb6f48823e48993d5ed53db15d44c566c2589a5eacd70d9acf1b270c23b6,2026-09-23T19:21:56.034380+00:00
scenario_01,epydemic,1.14.1,100000,100,8,8775317,83b4e1da2783f17377cf65d5f9c270629dd633191f581ff139c5b60c5d080e99,500000,10.0,2.0,1.0,0.477950686996337,1.1786768180027138,1.6566275049990509,98702,18,37,2,1241,9,30000,24072,fb14f25a3cd8654385d8b1c84fb556de5ce498585122275d8deba62b5def3443,2026-09-23T19:21:58.246434+00:00
scenario_01,epydemic,1.14.1,100000,100,9,8775318,83b4e1da2783f17377cf65d5f9c270629dd633191f581ff139c5b60c5d080e99,500000,10.0,2.0,1.0,0.4996100520074833,1.219400042988127,1.7190100949956104,98712,20,34,1,1233,14,30000,24021,ad1c44a903bf5f811e0b016eeaf5ff8879982c26d561638ced0d0de0e3cf6d19,2026-09-23T19:22:00.585174+00:00
scenario_01,epydemic,1.14.1,100000,100,10,8775319,83b4e1da2783f17377cf65d5f9c270629dd633191f581ff139c5b60c5d080e99,500000,10.0,2.0,1.0,0.5164444090332836,1.227284720982425,1.7437291300157085,98718,17,31,2,1232,12,30000,23981,82026d85b506d535e4b59ccf8c0cd143f214f03a84df09f3394c47a5324149f1,2026-09-23T19:22:02.971498+00:00
scenario_01,epydemic,1.14.1,100000,100,11,8775320,83b4e1da2783f17377cf65d5f9c270629dd633191f581ff139c5b60c5d080e99,500000,10.0,2.0,1.0,0.5079511470103171,1.2678155709872954,1.7757667179976124,98210,38,73,2,1677,10,30000,23942,03beaf604132831a0069b26638b69c33008477abc536db37f28f708537551b80,2026-09-23T19:22:05.357451+00:00
scenario_01,epydemic,1.14.1,100000,100,12,8775321,83b4e1da2783f17377cf65d5f9c270629dd633191f581ff139c5b60c5d080e99,500000,10.0,2.0,1.0,0.4726899699890055,1.1558397859917022,1.6285297559807077,98567,29,74,8,1322,11,30000,24060,2583fb45239d7bed3732fc21a29e44a00ebe2716dd8799fc68c23b54c3df925b,2026-09-23T19:22:07.600255+00:00
scenario_01,epydemic,1.14.1,100000,100,13,8775322,83b4e1da2783f17377cf65d5f9c270629dd633191f581ff139c5b60c5d080e99,500000,10.0,2.0,1.0,0.46960280000348575,1.1680324279877823,1.637635227991268,98560,30,50,2,1358,9,30000,24013,6f33e5bc16cdec1a336dd364b0775d3f314293f9abb0c9ab6d8ff778e93aac9d,2026-09-23T19:22:09.828008+00:00
scenario_01,epydemic,1.14.1,100000,100,14,8775323,83b4e1da2783f17377cf65d5f9c270629dd633191f581ff139c5b60c5d080e99,500000,10.0,2.0,1.0,0.4654340019915253,1.1325835020106751,1.5980175040022004,98911,11,23,0,1055,13,30000,23912,2b797257d7a4849363b089f2b9205b875128c1a6756035ce05d6ee36cec4506b,2026-09-23T19:22:11.979690+00:00
scenario_01,epydemic,1.14.1,100000,100,15,8775324,83b4e1da2783f17377cf65d5f9c270629dd633191f581ff139c5b60c5d080e99,500000,10.0,2.0,1.0,0.47299355498398654,1.189226750022499,1.6622203050064854,98641,22,43,1,1293,15,30000,23905,633384ba1e7906595c1790258c1a000d6edb7b6e874c05d1b71fcd65c4968f55,2026-09-23T19:22:14.202893+00:00
scenario_01,epydemic,1.14.1,100000,100,16,8775325,83b4e1da2783f17377cf65d5f9c270629dd633191f581ff139c5b60c5d080e99,500000,10.0,2.0,1.0,0.4702427590091247,1.157733953994466,1.6279767130035907,98541,38,66,1,1354,13,30000,23988,37d4a5c7bedbc27063e0eea55a10f587e04139d0fbd912880f85fb4fc7994dfb,2026-09-23T19:22:16.485203+00:00
scenario_01,epydemic,1.14.1,100000,100,17,8775326,83b4e1da2783f17377cf65d5f9c270629dd633191f581ff139c5b60c5d080e99,500000,10.0,2.0,1.0,0.5052687679999508,1.200003639998613,1.7052724079985637,98525,48,74,2,1351,9,30000,24095,6b22f51e336c4c891aeb3b903e8e576729b12016e3d4231c75eebf3c651d4358,2026-09-23T19:22:18.746331+00:00
scenario_01,epydemic,1.14.1,100000,100,18,8775327,83b4e1da2783f17377cf65d5f9c270629dd633191f581ff139c5b60c5d080e99,500000,10.0,2.0,1.0,0.491503039986128,1.1599047080089804,1.6514077479951084,98545,21,37,2,1395,11,30000,23960,686e72dea39b5bd6d04115704eba5b413a83cef7308917a6cc6220d0ac1d850f,2026-09-23T19:22:21.021964+00:00
scenario_01,epydemic,1.14.1,100000,100,19,8775328,83b4e1da2783f17377cf65d5f9c270629dd633191f581ff139c5b60c5d080e99,500000,10.0,2.0,1.0,0.46691042100428604,1.1485370250011329,1.615447446005419,98554,30,50,1,1365,12,30000,23878,a874215a8fd9cbe25d1d511a76ce2ed4ec628670a8e9382131fa88b94c790fdb,2026-09-23T19:22:23.210976+00:00
scenario_01,epydemic,1.14.1,100000,100,20,8775329,83b4e1da2783f17377cf65d5f9c270629dd633191f581ff139c5b60c5d080e99,500000,10.0,2.0,1.0,0.48073831500369124,1.1173083549947478,1.598046669998439,98965,10,29,1,995,8,30000,24043,afbb60fadf6cc24ba393c30c87a0259832d2ba97dff2fc6fe0c16dca6efdfd0e,2026-09-23T19:22:25.380442+00:00
scenario_01,epydemic,1.14.1,100000,100,21,8775330,83b4e1da2783f17377cf65d5f9c270629dd633191f581ff139c5b60c5d080e99,500000,10.0,2.0,1.0,0.4877712420129683,1.1671956770005636,1.6549669190135319,98599,24,47,1,1329,9,30000,23982,33fa4686bcdcab35a1d0e7fc4582f8791d075e355e056f5ceae7f74bdca35f4b,2026-09-23T19:22:27.591383+00:00
scenario_01,epydemic,1.14.1,100000,100,22,8775331,83b4e1da2783f17377cf65d5f9c270629dd633191f581ff139c5b60c5d080e99,500000,10.0,2.0,1.0,0.47700251900823787,1.1860322869906668,1.6630348059989046,98477,28,41,2,1452,17,30000,24018,9711076c105b78bee6bec7b9ef02d6d9719cc3a133dd4d02c854ef60431949ab,2026-09-23T19:22:29.804306+00:00
scenario_01,epydemic,1.14.1,100000,100,23,8775332,83b4e1da2783f17377cf65d5f9c270629dd633191f581ff139c5b60c5d080e99,500000,10.0,2.0,1.0,0.4661172119958792,1.16390850499738,1.6300257169932593,98500,11,25,2,1462,17,30000,23845,21dd461946e772be810791700f93038eceb7bb95036689f935aa96dc4c9241f8,2026-09-23T19:22:31.982966+00:00
scenario_01,epydemic,1.14.1,100000,100,24,8775333,83b4e1da2783f17377cf65d5f9c270629dd633191f581ff139c5b60c5d080e99,500000,10.0,2.0,1.0,0.4656219189928379,1.155519327003276,1.6211412459961139,98485,34,58,3,1420,14,30000,23957,0e1c7aa9b3c61b56ac8a8abf770f94cf4f25ddb06cac3a8bfa0ad3cb87baa104,2026-09-23T19:22:34.156247+00:00
scenario_01,epydemic,1.14.1,100000,100,25,8775334,83b4e1da2783f17377cf65d5f9c270629dd633191f581ff139c5b60c5d080e99,500000,10.0,2.0,1.0,0.475230559008196,1.1699350549897645,1.6451656139979605,98357,29,45,2,1567,12,30000,24015,00a293c84c637cc707b9eb513bc82b5532c7be90599040fc756b58cfe810e112,2026-09-23T19:22:36.371282+00:00
scenario_01,epydemic,1.14.1,100000,100,26,8775335,83b4e1da2783f17377cf65d5f9c270629dd633191f581ff139c5b60c5d080e99,500000,10.0,2.0,1.0,0.4672573379939422,1.1612639600061812,1.6285212980001234,98604,24,33,0,1339,13,30000,23994,07ea706fdd59c30c7ec963e4de322512a6c95f7c362c782ab65349c979dab21f,2026-09-23T19:22:38.546422+00:00
scenario_01,epydemic,1.14.1,100000,100,27,8775336,83b4e1da2783f17377cf65d5f9c270629dd633191f581ff139c5b60c5d080e99,500000,10.0,2.0,1.0,0.47158651100471616,1.177036398992641,1.648622909997357,98584,30,68,4,1314,9,30000,23961,4998330b63f6e81b7d7bb89e59d411d0236342b12c6453e7914fa16ec2be8fb2,2026-09-23T19:22:40.742084+00:00
scenario_01,epydemic,1.14.1,100000,100,28,8775337,83b4e1da2783f17377cf65d5f9c270629dd633191f581ff139c5b60c5d080e99,500000,10.0,2.0,1.0,0.4820976920018438,1.2052489400084596,1.6873466320103034,98473,26,55,3,1443,9,30000,24066,20614dd67c57a40bfcf858b539247bca9d26fc07f914741f51060b497cd819d9,2026-09-23T19:22:42.982610+00:00
scenario_01,epydemic,1.14.1,100000,100,29,8775338,83b4e1da2783f17377cf65d5f9c270629dd633191f581ff139c5b60c5d080e99,500000,10.0,2.0,1.0,0.4714540099957958,1.1626512540096883,1.634105264005484,98709,23,25,3,1240,14,30000,23855,84872ccad87d4003be89709ddfd9c25acba7f1476233b826d82c46bb492e4830,2026-09-23T19:22:45.174464+00:00
scenario_01,epydemic,1.14.1,100000,100,30,8775339,83b4e1da2783f17377cf65d5f9c270629dd633191f581ff139c5b60c5d080e99,500000,10.0,2.0,1.0,0.46769492104067467,1.1146173929737415,1.5823123140144162,99063,5,11,1,920,9,30000,23994,ca30d8eaa40484ac100d61fd6b168cf7bfe3e658ed464a708caf001094412eba,2026-09-23T19:22:47.296382+00:00
scenario_01,epydemic,1.14.1,100000,100,31,8775340,83b4e1da2783f17377cf65d5f9c270629dd633191f581ff139c5b60c5d080e99,500000,10.0,2.0,1.0,0.4680210879887454,1.1710953080037143,1.6391163959924597,98327,40,66,4,1563,12,30000,24048,12909c9e7733bd379f34c34e97506b3d48fa883470437fdedb8c62a4d55a9d67,2026-09-23T19:22:49.489833+00:00
scenario_01,epydemic,1.14.1,100000,100,32,8775341,83b4e1da2783f17377cf65d5f9c270629dd633191f581ff139c5b60c5d080e99,500000,10.0,2.0,1.0,0.4931723339832388,1.121743736002827,1.6149160699860658,98856,22,37,1,1084,10,30000,24096,4b32d1e2892262985aaec7d42e41ec34725342e78ae903cc249cea1bb54ff05d,2026-09-23T19:22:51.656692+00:00
scenario_01,epydemic,1.14.1,100000,100,33,8775342,83b4e1da2783f17377cf65d5f9c270629dd633191f581ff139c5b60c5d080e99,500000,10.0,2.0,1.0,0.4644670010020491,1.141320722992532,1.605787723994581,98560,14,43,1,1382,11,30000,24046,29b854688c6cb3fc8d1f479cea781a5a32ecba04017e346c8729a0027a46d564,2026-09-23T19:22:53.828159+00:00
scenario_01,epydemic,1.14.1,100000,100,34,8775343,83b4e1da2783f17377cf65d5f9c270629dd633191f581ff139c5b60c5d080e99,500000,10.0,2.0,1.0,0.46752254699822515,1.1661633839830756,1.6336859309813008,98551,25,55,5,1364,9,30000,23988,fc8597a7d901bc4818f206e983f12e3565c64853afd81fd837b03c19da19f4b3,2026-09-23T19:22:56.005640+00:00
scenario_01,epydemic,1.14.1,100000,100,35,8775344,83b4e1da2783f17377cf65d5f9c270629dd633191f581ff139c5b60c5d080e99,500000,10.0,2.0,1.0,0.4689106309961062,1.1345242550014518,1.603434885997558,98795,10,16,1,1178,8,30000,23903,c6d52be1d24d6ccf0feb1f47d9c4fda55c43258762939f5cd7040a13f838df19,2026-09-23T19:22:58.151801+00:00
scenario_01,epydemic,1.14.1,100000,100,36,8775345,83b4e1da2783f17377cf65d5f9c270629dd633191f581ff139c5b60c5d080e99,500000,10.0,2.0,1.0,0.4717609269719105,1.1765868990041781,1.6483478259760886,98755,20,37,5,1183,16,30000,24002,8620326d3164e3b6827f4c2356f61ed6951d00f547e95407909b2736c3e99daa,2026-09-23T19:23:00.351449+00:00
scenario_01,epydemic,1.14.1,100000,100,37,8775346,83b4e1da2783f17377cf65d5f9c270629dd633191f581ff139c5b60c5d080e99,500000,10.0,2.0,1.0,0.48190377495484427,1.1865847470180597,1.668488521972904,98558,27,58,4,1353,9,30000,24070,7a3dc19ae4d27ecee5879be0e45ef55fcb1213a60c3f638d27a30b293fabdd39,2026-09-23T19:23:02.684568+00:00
scenario_01,epydemic,1.14.1,100000,100,38,8775347,83b4e1da2783f17377cf65d5f9c270629dd633191f581ff139c5b60c5d080e99,500000,10.0,2.0,1.0,0.4737105139938649,1.1593945820059162,1.633105095999781,98559,27,47,3,1364,10,30000,24019,f8ca0275373b3de3a99dc587ec03d3f83065d4d682e1e80be1677ea30123c7b5,2026-09-23T19:23:04.862974+00:00
scenario_01,epydemic,1.14.1,100000,100,39,8775348,83b4e1da2783f17377cf65d5f9c270629dd633191f581ff139c5b60c5d080e99,500000,10.0,2.0,1.0,0.47212801201385446,1.1683090119913686,1.640437024005223,98716,28,49,3,1204,12,30000,24056,24f959b013a17c6c2ec0e8013198bf50bd06190634a7fd6db2abde7531976689,2026-09-23T19:23:07.079777+00:00
scenario_01,epydemic,1.14.1,100000,100,40,8775349,83b4e1da2783f17377cf65d5f9c270629dd633191f581ff139c5b60c5d080e99,500000,10.0,2.0,1.0,0.4701778419839684,1.1424746830016375,1.6126525249856059,98794,18,27,3,1158,7,30000,23954,1ecb82c6c1714e7e5404b4b198595c97dfad6c91ebb0df02584ddddbaa8a364a,2026-09-23T19:23:09.244378+00:00
scenario_01,epydemic,1.14.1,100000,100,41,8775350,83b4e1da2783f17377cf65d5f9c270629dd633191f581ff139c5b60c5d080e99,500000,10.0,2.0,1.0,0.47266101199784316,1.1414028069993947,1.6140638189972378,98803,15,22,2,1158,12,30000,23945,432fd894d2d65210c71e8c538a25cfd33e817838f53daa1e8a609483bbaa35d4,2026-09-23T19:23:11.402710+00:00
scenario_01,epydemic,1.14.1,100000,100,42,8775351,83b4e1da2783f17377cf65d5f9c270629dd633191f581ff139c5b60c5d080e99,500000,10.0,2.0,1.0,0.4711560519936029,1.1423410160059575,1.6134970679995604,98675,14,37,2,1272,9,30000,23928,edefd3dda7a133143e278af22e5b82cd003d775ff011aff313a63f840738ca68,2026-09-23T19:23:13.595739+00:00
scenario_01,epydemic,1.14.1,100000,100,43,8775352,83b4e1da2783f17377cf65d5f9c270629dd633191f581ff139c5b60c5d080e99,500000,10.0,2.0,1.0,0.4749481820035726,1.14274197499617,1.6176901569997426,98570,45,68,0,1317,12,30000,24093,1ebdab728d18824854d1c2387b5c8cf4469c192199288324b195796bcbd1e0bf,2026-09-23T19:23:15.765663+00:00
scenario_01,epydemic,1.14.1,100000,100,44,8775353,83b4e1da2783f17377cf65d5f9c270629dd633191f581ff139c5b60c5d080e99,500000,10.0,2.0,1.0,0.48877703500329517,1.1496511939913034,1.6384282289945986,98599,18,48,5,1330,13,30000,24142,9de01d27dd9e0c862eaed2bf8f5deb314650c6efce104ffcde1c922460d3f859,2026-09-23T19:23:17.955512+00:00
scenario_01,epydemic,1.14.1,100000,100,45,8775354,83b4e1da2783f17377cf65d5f9c270629dd633191f581ff139c5b60c5d080e99,500000,10.0,2.0,1.0,0.4751148490177002,1.1720877249899786,1.6472025740076788,98392,27,65,1,1515,13,30000,24010,cd3c16e27ed68edfb101546a17d721b88e9c6803052e7a84a66f5c86d3b817b6,2026-09-23T19:23:20.151877+00:00
scenario_01,epydemic,1.14.1,100000,100,46,8775355,83b4e1da2783f17377cf65d5f9c270629dd633191f581ff139c5b60c5d080e99,500000,10.0,2.0,1.0,0.4667454619775526,1.226262720010709,1.6930081819882616,98031,49,95,5,1820,12,30000,24108,6d854882a9b5b1a66e457eaf9c0379a0380320c163ef9f20e52b585508ba2465,2026-09-23T19:23:22.397881+00:00
scenario_01,epydemic,1.14.1,100000,100,47,8775356,83b4e1da2783f17377cf65d5f9c270629dd633191f581ff139c5b60c5d080e99,500000,10.0,2.0,1.0,0.4721363030257635,1.1496216929808725,1.621757996006636,98653,19,30,4,1294,12,30000,24002,6ae732cd487de9c64e9658b889ec44b1dec41c5ee01cf3b854d479bfc691d2ba,2026-09-23T19:23:24.573159+00:00
scenario_01,epydemic,1.14.1,100000,100,48,8775357,83b4e1da2783f17377cf65d5f9c270629dd633191f581ff139c5b60c5d080e99,500000,10.0,2.0,1.0,0.46396833201288246,1.142454267013818,1.6064225990267005,98747,25,50,5,1173,11,30000,24125,a7be953173f61b824bcede0b736b94b0386638ccf683232fd343cdc2284d7e08,2026-09-23T19:23:26.733376+00:00
scenario_01,epydemic,1.14.1,100000,100,49,8775358,83b4e1da2783f17377cf65d5f9c270629dd633191f581ff139c5b60c5d080e99,500000,10.0,2.0,1.0,0.4758176420000382,1.1353727559908293,1.6111903979908675,98706,34,40,3,1217,10,30000,24072,9b908fb4a14657ab13a64322d3ebd2e0761d7030dd4575fc06479e0fb274555b,2026-09-23T19:23:28.904970+00:00
scenario_01,epydemic,1.14.1,100000,100,50,8775359,83b4e1da2783f17377cf65d5f9c270629dd633191f581ff139c5b60c5d080e99,500000,10.0,2.0,1.0,0.47766531101660803,1.1779827759892214,1.6556480870058294,98466,26,39,1,1468,13,30000,23992,1b7ac882be62d1db70359adad3a151bab1a25073eeaa89204d66264944efeb75,2026-09-23T19:23:31.114031+00:00
scenario_01,epydemic,1.14.1,100000,100,51,8775360,83b4e1da2783f17377cf65d5f9c270629dd633191f581ff139c5b60c5d080e99,500000,10.0,2.0,1.0,0.46890679898206145,1.1982208040135447,1.6671276029956061,98301,35,54,3,1607,13,30000,24037,fe4176538c967ee5e9611f6388aefaff84a1d8866938ef911a67286964062e03,2026-09-23T19:23:33.332211+00:00
scenario_01,epydemic,1.14.1,100000,100,52,8775361,83b4e1da2783f17377cf65d5f9c270629dd633191f581ff139c5b60c5d080e99,500000,10.0,2.0,1.0,0.4726021790120285,1.1708838070044294,1.643485986016458,98329,28,57,4,1582,13,30000,24044,182aa95ac61d0cf6f8a4ab83e293fb04375022e714e6ee19d5d05030906a2ee7,2026-09-23T19:23:35.546555+00:00
scenario_01,epydemic,1.14.1,100000,100,53,8775362,83b4e1da2783f17377cf65d5f9c270629dd633191f581ff139c5b60c5d080e99,500000,10.0,2.0,1.0,0.46650233698892407,1.1585932059970219,1.625095542985946,98714,17,39,2,1228,10,30000,24084,f465642823061394da962b231f843bfbf1b0643a907c4c3504db339ff59f217f,2026-09-23T19:23:37.731626+00:00
scenario_01,epydemic,1.14.1,100000,100,54,8775363,83b4e1da2783f17377cf65d5f9c270629dd633191f581ff139c5b60c5d080e99,500000,10.0,2.0,1.0,0.5077184379915707,1.1994479309942108,1.7071663689857814,98775,37,55,4,1129,11,30000,24038,a89bb7ac66a9b0689b6d1bb7944299608657af9a5e71c15ad04ceafd524d2ba7,2026-09-23T19:23:40.193721+00:00
scenario_01,epydemic,1.14.1,100000,100,55,8775364,83b4e1da2783f17377cf65d5f9c270629dd633191f581ff139c5b60c5d080e99,500000,10.0,2.0,1.0,0.47155834300792776,1.165880342014134,1.6374386850220617,98516,35,71,5,1373,16,30000,24012,17843333b4dde381ed60a8ab61916c5470580f74b9696dd98951d6cdd071d7c7,2026-09-23T19:23:42.383153+00:00
scenario_01,epydemic,1.14.1,100000,100,56,8775365,83b4e1da2783f17377cf65d5f9c270629dd633191f581ff139c5b60c5d080e99,500000,10.0,2.0,1.0,0.5121254030091222,1.1566046609950718,1.668730064004194,98763,11,18,2,1206,8,30000,24030,ce1609f9474bfb116ffde89c6563f8e21aacab422ef8d77bde4186b038795cf8,2026-09-23T19:23:44.649416+00:00
scenario_01,epydemic,1.14.1,100000,100,57,8775366,83b4e1da2783f17377cf65d5f9c270629dd633191f581ff139c5b60c5d080e99,500000,10.0,2.0,1.0,0.513665946025867,1.203736895986367,1.717402842012234,98849,24,39,2,1086,12,30000,24127,263948837d9e399e8d9e79c5bbd10813186b3d800ff26ec255ba0d681e2cd0d3,2026-09-23T19:23:46.941529+00:00
scenario_01,epydemic,1.14.1,100000,100,58,8775367,83b4e1da2783f17377cf65d5f9c270629dd633191f581ff139c5b60c5d080e99,500000,10.0,2.0,1.0,0.5014666370116174,1.2135712429881096,1.715037879999727,98779,17,24,3,1177,9,30000,24136,b0a64e2f9e7473725b4e8e25aebd9cdea682be3988bf983989249b7f26a8243a,2026-09-23T19:23:49.271353+00:00
scenario_01,epydemic,1.14.1,100000,100,59,8775368,83b4e1da2783f17377cf65d5f9c270629dd633191f581ff139c5b60c5d080e99,500000,10.0,2.0,1.0,0.4871562839834951,1.1581575800082646,1.6453138639917597,98631,22,37,2,1308,9,30000,24069,9ac6b680816c3a154d486fc60e3fe7661c7159f286513d4cc2b0a803ec8ad031,2026-09-23T19:23:51.495692+00:00
scenario_01,epydemic,1.14.1,100000,100,60,8775369,83b4e1da2783f17377cf65d5f9c270629dd633191f581ff139c5b60c5d080e99,500000,10.0,2.0,1.0,0.4658403780194931,1.1875115809962153,1.6533519590157084,98371,52,79,3,1495,12,30000,24019,bf5f1e734411b540b8b9ee647c979816dd1e8dab7be4e5342c14aa507528cf19,2026-09-23T19:23:53.709171+00:00
scenario_01,epydemic,1.14.1,100000,100,61,8775370,83b4e1da2783f17377cf65d5f9c270629dd633191f581ff139c5b60c5d080e99,500000,10.0,2.0,1.0,0.4759585169958882,1.1288473719905596,1.6048058889864478,98838,14,22,4,1122,11,30000,23882,f6a16667c2dfa9c77cde5087e8df8a7d29019a6ad7be24b6d8715e0e27ee2aae,2026-09-23T19:23:55.876143+00:00
scenario_01,epydemic,1.14.1,100000,100,62,8775371,83b4e1da2783f17377cf65d5f9c270629dd633191f581ff139c5b60c5d080e99,500000,10.0,2.0,1.0,0.46041607900406234,1.1843747840030119,1.6447908630070742,98146,29,69,1,1755,13,30000,24030,db4ca16b1a929d33a3e07c8aef1090b5a37a86dff17902033a76443a2eb96cdf,2026-09-23T19:23:58.081957+00:00
scenario_01,epydemic,1.14.1,100000,100,63,8775372,83b4e1da2783f17377cf65d5f9c270629dd633191f581ff139c5b60c5d080e99,500000,10.0,2.0,1.0,0.46938046600553207,1.1742195620026905,1.6436000280082226,98547,44,56,3,1350,9,30000,24052,82a0baf2163782da44b8217473a1ed12a5f30f72c8557ed94b58425b65ae5942,2026-09-23T19:24:00.269922+00:00
scenario_01,epydemic,1.14.1,100000,100,64,8775373,83b4e1da2783f17377cf65d5f9c270629dd633191f581ff139c5b60c5d080e99,500000,10.0,2.0,1.0,0.47319376398809254,1.1503389019926544,1.623532665980747,98504,39,78,8,1371,11,30000,23874,027df2ce51649d3588e91560e966f31fa622a3398f0043976f8ac117be2c2d5b,2026-09-23T19:24:02.447003+00:00
scenario_01,epydemic,1.14.1,100000,100,65,8775374,83b4e1da2783f17377cf65d5f9c270629dd633191f581ff139c5b60c5d080e99,500000,10.0,2.0,1.0,0.5573121760098729,1.2433619530056603,1.8006741290155333,98854,22,40,0,1084,11,30000,23981,a351a4ab603b9a876204e3b41630d33f61174b8b9af35b4aa3f6211f576ed873,2026-09-23T19:24:04.808532+00:00
scenario_01,epydemic,1.14.1,100000,100,66,8775375,83b4e1da2783f17377cf65d5f9c270629dd633191f581ff139c5b60c5d080e99,500000,10.0,2.0,1.0,0.50074721899,1.155046992993448,1.655794211983448,98817,14,35,0,1134,7,30000,24038,cd7d254aa1ceba146f74eaed10edb3f11ec68d83ff353499484968aafe376df8,2026-09-23T19:24:07.068578+00:00
scenario_01,epydemic,1.14.1,100000,100,67,8775376,83b4e1da2783f17377cf65d5f9c270629dd633191f581ff139c5b60c5d080e99,500000,10.0,2.0,1.0,0.4849837390065659,1.1913182529970072,1.676301992003573,98624,27,75,3,1271,11,30000,23958,2ba72f9416f2efd1281890dd5a167c4aa57ff64e22b47323c3b18e89e8978ad8,2026-09-23T19:24:09.326191+00:00
scenario_01,epydemic,1.14.1,100000,100,68,8775377,83b4e1da2783f17377cf65d5f9c270629dd633191f581ff139c5b60c5d080e99,500000,10.0,2.0,1.0,0.4917619150073733,1.189430500002345,1.6811924150097184,98721,25,21,3,1230,10,30000,23941,9aa58ff9e1f5673c24a9db3bec3365a3351b98685f2f88c39f4764b601de822a,2026-09-23T19:24:11.622482+00:00
scenario_01,epydemic,1.14.1,100000,100,69,8775378,83b4e1da2783f17377cf65d5f9c270629dd633191f581ff139c5b60c5d080e99,500000,10.0,2.0,1.0,0.5049805999733508,1.1991109730151948,1.7040915729885455,98892,6,25,1,1076,12,30000,24083,fa2cd93818d1c3454ad0cd7467f1c2dcc27d678bfd9d1fca87257222fbad7190,2026-09-23T19:24:13.917946+00:00
scenario_01,epydemic,1.14.1,100000,100,70,8775379,83b4e1da2783f17377cf65d5f9c270629dd633191f581ff139c5b60c5d080e99,500000,10.0,2.0,1.0,0.4805167739687022,1.2186922510154545,1.6992090249841567,98504,29,51,2,1414,11,30000,24082,0bf57d2655750cb91f2fe83067e932f12e68740aa2e45db3268c2e223f12a235,2026-09-23T19:24:16.214909+00:00
scenario_01,epydemic,1.14.1,100000,100,71,8775380,83b4e1da2783f17377cf65d5f9c270629dd633191f581ff139c5b60c5d080e99,500000,10.0,2.0,1.0,0.47422322299098596,1.1495146930101328,1.6237379160011187,98642,28,57,2,1271,11,30000,23994,5784b843f27faf8717bb4c1c740c197998d1ea4d12b59718d1d6664972a776e4,2026-09-23T19:24:18.444308+00:00
scenario_01,epydemic,1.14.1,100000,100,72,8775381,83b4e1da2783f17377cf65d5f9c270629dd633191f581ff139c5b60c5d080e99,500000,10.0,2.0,1.0,0.4874722429958638,1.1542841990012676,1.6417564419971313,98910,10,13,3,1064,8,30000,23948,2ba440b5423c2fba4a582303db50c3e17012c9e385624055047d1bc6687c8a58,2026-09-23T19:24:20.658309+00:00
scenario_01,epydemic,1.14.1,100000,100,73,8775382,83b4e1da2783f17377cf65d5f9c270629dd633191f581ff139c5b60c5d080e99,500000,10.0,2.0,1.0,0.4881411179958377,1.1906400860170834,1.678781204012921,98487,38,63,5,1407,9,30000,24136,ae793b5cdd71dba8cd9b798f7dc94f8a31aa52032246cbc657ea74548b7ecdec,2026-09-23T19:24:22.918829+00:00
scenario_01,epydemic,1.14.1,100000,100,74,8775383,83b4e1da2783f17377cf65d5f9c270629dd633191f581ff139c5b60c5d080e99,500000,10.0,2.0,1.0,0.5077310630003922,1.1561655779951252,1.6638966409955174,98714,21,27,2,1236,9,30000,24046,8d5417a6da8bd7b6635818890ba9d095517c3ba206b09b8069b485ccc67b4d72,2026-09-23T19:24:25.158713+00:00
scenario_01,epydemic,1.14.1,100000,100,75,8775384,83b4e1da2783f17377cf65d5f9c270629dd633191f581ff139c5b60c5d080e99,500000,10.0,2.0,1.0,0.48051194101572037,1.1795955279958434,1.6601074690115638,98735,19,46,3,1197,11,30000,24031,ae131c20c48827f7de51fd35748af540000fa78c31396db2938b75706f3f104c,2026-09-23T19:24:27.400260+00:00
scenario_01,epydemic,1.14.1,100000,100,76,8775385,83b4e1da2783f17377cf65d5f9c270629dd633191f581ff139c5b60c5d080e99,500000,10.0,2.0,1.0,0.46562521101441234,1.1751487709989306,1.640773982013343,98757,18,37,2,1186,10,30000,24007,767932c34512167b5f268ba96fc770168dbcc8c736fbcb01684b4015c12c9b4b,2026-09-23T19:24:29.612647+00:00
scenario_01,epydemic,1.14.1,100000,100,77,8775386,83b4e1da2783f17377cf65d5f9c270629dd633191f581ff139c5b60c5d080e99,500000,10.0,2.0,1.0,0.4765188920137007,1.1798107369977515,1.6563296290114522,98655,16,31,1,1297,11,30000,23953,46dc7a657317331f9c618de8777cc6c7476fc492b157a582b7be64a381b48feb,2026-09-23T19:24:31.814968+00:00
scenario_01,epydemic,1.14.1,100000,100,78,8775387,83b4e1da2783f17377cf65d5f9c270629dd633191f581ff139c5b60c5d080e99,500000,10.0,2.0,1.0,0.4891799949982669,1.1795028189953882,1.6686828139936551,98614,25,44,0,1317,12,30000,24003,80031aefcf385433852ef2e11590e1b374097405e4dce8d576a64292c2b90b28,2026-09-23T19:24:34.052966+00:00
scenario_01,epydemic,1.14.1,100000,100,79,8775388,83b4e1da2783f17377cf65d5f9c270629dd633191f581ff139c5b60c5d080e99,500000,10.0,2.0,1.0,0.47714518502471037,1.1679038449947257,1.645049030019436,98736,23,46,4,1191,9,30000,23950,4aee45dd4bcb2869f35975c4298ad783669d5332d28df0b2cbe23dc979a9e7e1,2026-09-23T19:24:36.286483+00:00
scenario_01,epydemic,1.14.1,100000,100,80,8775389,83b4e1da2783f17377cf65d5f9c270629dd633191f581ff139c5b60c5d080e99,500000,10.0,2.0,1.0,0.4772284359787591,1.165334174002055,1.6425626099808142,98601,27,40,2,1330,13,30000,23991,2b7ef974cd51d46383696ab2efa6701b208e792d09f9a68fc9603c97e0a40030,2026-09-23T19:24:38.548000+00:00
scenario_01,epydemic,1.14.1,100000,100,81,8775390,83b4e1da2783f17377cf65d5f9c270629dd633191f581ff139c5b60c5d080e99,500000,10.0,2.0,1.0,0.49737521301722154,1.1866764139849693,1.6840516270021908,98410,45,73,7,1465,11,30000,24084,6a5878be81920d9e744c974ed6556ed39625180ad6c0d4fc3efc1d2ac4623fe4,2026-09-23T19:24:40.847425+00:00
scenario_01,epydemic,1.14.1,100000,100,82,8775391,83b4e1da2783f17377cf65d5f9c270629dd633191f581ff139c5b60c5d080e99,500000,10.0,2.0,1.0,0.5104196090251207,1.1556463679880835,1.6660659770132042,98655,16,32,6,1291,9,30000,23987,267e763cdacadccac297fe31ab0f3941cd77f58a55624e27f2eabc8cbe78b37a,2026-09-23T19:24:43.080847+00:00
scenario_01,epydemic,1.14.1,100000,100,83,8775392,83b4e1da2783f17377cf65d5f9c270629dd633191f581ff139c5b60c5d080e99,500000,10.0,2.0,1.0,0.5064940190059133,1.1637147970031947,1.670208816009108,98802,20,36,1,1141,12,30000,23787,d9beb9c3c4aa676427996ae148c054d89e883e8551641918940cc92992c0cb4f,2026-09-23T19:24:45.332416+00:00
scenario_01,epydemic,1.14.1,100000,100,84,8775393,83b4e1da2783f17377cf65d5f9c270629dd633191f581ff139c5b60c5d080e99,500000,10.0,2.0,1.0,0.5111142759851646,1.253688216995215,1.7648024929803796,98600,33,55,3,1309,10,30000,24019,a25187655a462ab742fc1ba8e26a187d062a326353edd8f93c809bb185f6b5cc,2026-09-23T19:24:47.683546+00:00
scenario_01,epydemic,1.14.1,100000,100,85,8775394,83b4e1da2783f17377cf65d5f9c270629dd633191f581ff139c5b60c5d080e99,500000,10.0,2.0,1.0,0.5099650240154006,1.1891662499983795,1.69913127401378,98384,36,59,6,1515,10,30000,24018,414f4b223795dbec41497eb32c1c5663ee5148a7b42cefc081c51c67fda70b92,2026-09-23T19:24:49.994530+00:00
scenario_01,epydemic,1.14.1,100000,100,86,8775395,83b4e1da2783f17377cf65d5f9c270629dd633191f581ff139c5b60c5d080e99,500000,10.0,2.0,1.0,0.47278538698446937,1.1975786380062345,1.670364024990704,98404,35,78,0,1483,12,30000,24085,eb533f19d3920d6b40f090efa7ef5023f9a720370e348c6bbc8eb5e5e00bc5a7,2026-09-23T19:24:52.225971+00:00
scenario_01,epydemic,1.14.1,100000,100,87,8775396,83b4e1da2783f17377cf65d5f9c270629dd633191f581ff139c5b60c5d080e99,500000,10.0,2.0,1.0,0.48055052300333045,1.145517146011116,1.6260676690144464,98795,17,32,1,1155,11,30000,23951,a8dd9ea7ddfc08c44b29290aea02e4cd08bd3e618b69a0a26ae3188f28fe83c1,2026-09-23T19:24:54.436434+00:00
scenario_01,epydemic,1.14.1,100000,100,88,8775397,83b4e1da2783f17377cf65d5f9c270629dd633191f581ff139c5b60c5d080e99,500000,10.0,2.0,1.0,0.4748229320102837,1.179907944984734,1.6547308769950178,98211,52,89,4,1644,15,30000,24037,2ff79d1f2d44645df8aac218ac2cba4ec85cdce59d5a3228f9d6dd70098113f4,2026-09-23T19:24:56.678358+00:00
scenario_01,epydemic,1.14.1,100000,100,89,8775398,83b4e1da2783f17377cf65d5f9c270629dd633191f581ff139c5b60c5d080e99,500000,10.0,2.0,1.0,0.5032458060013596,1.2170886649983004,1.72033447099966,98553,26,48,6,1367,9,30000,23968,78937bc520a2a8dab1b0053bc37e7076739c6097f4d3850780c630980dccc5ed,2026-09-23T19:24:58.957008+00:00
scenario_01,epydemic,1.14.1,100000,100,90,8775399,83b4e1da2783f17377cf65d5f9c270629dd633191f581ff139c5b60c5d080e99,500000,10.0,2.0,1.0,0.4909529550059233,1.2232877989881672,1.7142407539940905,98562,10,29,1,1398,9,30000,23983,0a293d28324dd8453b9cc44620659bb9af3ea3eed1e7766d4f754e1ce80a005f,2026-09-23T19:25:01.280149+00:00
scenario_01,epydemic,1.14.1,100000,100,91,8775400,83b4e1da2783f17377cf65d5f9c270629dd633191f581ff139c5b60c5d080e99,500000,10.0,2.0,1.0,0.4731021380284801,1.1855596189852804,1.6586617570137605,98650,36,59,1,1254,8,30000,23916,3facdfa6e321f81df8e7281fb22724178b9c93bea7e22bf91bd5477f4dcec27d,2026-09-23T19:25:03.508625+00:00
scenario_01,epydemic,1.14.1,100000,100,92,8775401,83b4e1da2783f17377cf65d5f9c270629dd633191f581ff139c5b60c5d080e99,500000,10.0,2.0,1.0,0.45936507600708865,1.1543818670033943,1.613746943010483,98823,21,34,3,1119,8,30000,23968,e49e86ee2fc584de07a46151794952f4233a880b6ecafa62c78c2476eb06f53c,2026-09-23T19:25:05.671273+00:00
scenario_01,epydemic,1.14.1,100000,100,93,8775402,83b4e1da2783f17377cf65d5f9c270629dd633191f581ff139c5b60c5d080e99,500000,10.0,2.0,1.0,0.4698353429848794,1.1920492119970731,1.6618845549819525,98530,41,58,3,1368,12,30000,24108,10723d135b9178682609c45fd78fb76bc2df0994d63e768c3b4e02f25167e00b,2026-09-23T19:25:07.907169+00:00
scenario_01,epydemic,1.14.1,100000,100,94,8775403,83b4e1da2783f17377cf65d5f9c270629dd633191f581ff139c5b60c5d080e99,500000,10.0,2.0,1.0,0.48558911395957693,1.2172829570190515,1.7028720709786285,98143,32,75,6,1744,11,30000,24009,0de2c701ad63d0a61e34e6636345e4e7d4138a9412558298ea38c4999514eb54,2026-09-23T19:25:10.236687+00:00
scenario_01,epydemic,1.14.1,100000,100,95,8775404,83b4e1da2783f17377cf65d5f9c270629dd633191f581ff139c5b60c5d080e99,500000,10.0,2.0,1.0,0.4893509949906729,1.1620082530134823,1.6513592480041552,98803,27,33,3,1134,12,30000,23929,b2f76d60c1db314cee16369c3b388cb3f783999f591054ee2e169f24b5d5c832,2026-09-23T19:25:12.448326+00:00
scenario_01,epydemic,1.14.1,100000,100,96,8775405,83b4e1da2783f17377cf65d5f9c270629dd633191f581ff139c5b60c5d080e99,500000,10.0,2.0,1.0,0.5237624600122217,1.1679224699910264,1.6916849300032482,98730,17,32,0,1221,10,30000,23949,7730e5b65b5c5f68a6f5b4c36768a21b3288416b64c003150b68d5d797aa67ff,2026-09-23T19:25:14.722456+00:00
scenario_01,epydemic,1.14.1,100000,100,97,8775406,83b4e1da2783f17377cf65d5f9c270629dd633191f581ff139c5b60c5d080e99,500000,10.0,2.0,1.0,0.4833801109925844,1.155881826998666,1.6392619379912503,98774,13,34,6,1173,9,30000,23903,e727952ecb8749f62f7098ae31159e1b08d7abd7d126ff346bbb8d638a8f872e,2026-09-23T19:25:16.951898+00:00
scenario_01,epydemic,1.14.1,100000,100,98,8775407,83b4e1da2783f17377cf65d5f9c270629dd633191f581ff139c5b60c5d080e99,500000,10.0,2.0,1.0,0.4901475369988475,1.2299549339804798,1.7201024709793273,98480,31,51,2,1436,11,30000,23969,8ca5d2f617ff1512b4f897ab5b1457da9e3a381f618c6701a30e767227d0909e,2026-09-23T19:25:19.399134+00:00
scenario_01,epydemic,1.14.1,100000,100,99,8775408,83b4e1da2783f17377cf65d5f9c270629dd633191f581ff139c5b60c5d080e99,500000,10.0,2.0,1.0,0.4694760069833137,1.1342260880046524,1.6037020949879661,98873,14,20,3,1090,12,30000,24056,9f0a5e98088dfaefb8dfca14214cd63d385796c3a0e850b49b9bf87f680f108f,2026-09-23T19:25:21.596529+00:00
scenario_01,epydemic,1.14.1,100000,100,100,8775409,83b4e1da2783f17377cf65d5f9c270629dd633191f581ff139c5b60c5d080e99,500000,10.0,2.0,1.0,0.4771397690055892,1.1658467579982243,1.6429865270038135,98643,33,62,3,1259,12,30000,23934,1341b8379be63c631582f810c628106242fb58fd7a7bc1a33e4cdb330cc6da5c,2026-09-23T19:25:23.804171+00:00
scenario_01,ixa,3.1.0,1000,10,1,8675310,7635ee4af91779574edf0c51b32dfc52852948c78f93ddb8b67c2c94252c023d,5000,10.0,2.0,1.0,0.001257789,2.8958e-05,0.001286747,970,8,8,0,14,0,300,245,2faec3d9d372a76f082401cc8f595fed6f64e7d1a43834ef521901ca83e9e3cf,2026-09-23T18:41:53.017623Z
scenario_01,ixa,3.1.0,10000,100,1,8675310,a81eb8a7b4c49dbd245a57ae13561b313c2c060fc6f00249c6dda8fb36336134,50000,10.0,2.0,0.983,0.087125041,0.003944615,0.091069656,8933,12,25,0,1030,10,3000,2391,955dacb6864d853e0251f0d767e74e78f8b62197415fafb1da2ae27f4a332b98,2026-09-23T19:06:05.396091Z
scenario_01,ixa,3.1.0,10000,100,2,8675311,a81eb8a7b4c49dbd245a57ae13561b313c2c060fc6f00249c6dda8fb36336134,50000,10.0,2.0,0.983,0.015992128,0.00418174,0.020173868,8816,23,55,3,1103,6,3000,2388,1b1766f779939a2d387d0bc42f2aa3663206d928f94ac356d1d6ccf5917a4185,2026-09-23T19:06:05.504070Z
scenario_01,ixa,3.1.0,10000,100,3,8675312,a81eb8a7b4c49dbd245a57ae13561b313c2c060fc6f00249c6dda8fb36336134,50000,10.0,2.0,0.983,0.030665426,0.003580325,0.034245751,8631,15,27,1,1326,8,3000,2413,0861f49d1ee010c4ccfa9878820b7f43e81ecba8ea7ff722f6718d26dbbf4a51,2026-09-23T19:06:05.617724Z
scenario_01,ixa,3.1.0,10000,100,4,8675313,a81eb8a7b4c49dbd245a57ae13561b313c2c060fc6f00249c6dda8fb36336134,50000,10.0,2.0,0.983,0.018118206,0.00139833,0.019516536,9090,8,26,1,875,7,3000,2402,12d1e7f7464f1ec0919bef557ef0d6b1753c94e725ec58ca492853f68c335e8a,2026-09-23T19:06:05.714974Z
scenario_01,ixa,3.1.0,10000,100,5,8675314,a81eb8a7b4c49dbd245a57ae13561b313c2c060fc6f00249c6dda8fb36336134,50000,10.0,2.0,0.983,0.064471512,0.004365781,0.068837293,8612,20,46,0,1322,12,3000,2377,3e61267c04facf6c80acf5f518e64b0fce140915a5e06db2238cc3024fa596e7,2026-09-23T19:06:05.835362Z
scenario_01,ixa,3.1.0,10000,100,6,8675315,a81eb8a7b4c49dbd245a57ae13561b313c2c060fc6f00249c6dda8fb36336134,50000,10.0,2.0,0.983,0.016288377,0.003982949,0.020271326,8774,20,38,1,1167,8,3000,2400,63e6bb747ed32cbb96c8edf28ca0ae4155337b43b7a6ca7f66c0624482fa1125,2026-09-23T19:06:05.930879Z
scenario_01,ixa,3.1.0,10000,100,7,8675316,a81eb8a7b4c49dbd245a57ae13561b313c2c060fc6f00249c6dda8fb36336134,50000,10.0,2.0,0.983,0.024460525,0.004169448,0.028629973,8823,21,43,4,1109,11,3000,2416,97d356758fb267378b97a4df37d3b3115c6adc7069d597dc9cb57081cd3aa9e7,2026-09-23T19:06:06.045104Z
scenario_01,ixa,3.1.0,10000,100,8,8675317,a81eb8a7b4c49dbd245a57ae13561b313c2c060fc6f00249c6dda8fb36336134,50000,10.0,2.0,0.983,0.015966753,0.004424323,0.020391076,8644,31,38,2,1285,9,3000,2406,1e884a38999f4e05ccbd4f6da91949ce1a3c009a2355434bbdc2f34cb97f78c3,2026-09-23T19:06:06.164593Z
scenario_01,ixa,3.1.0,10000,100,9,8675318,a81eb8a7b4c49dbd245a57ae13561b313c2c060fc6f00249c6dda8fb36336134,50000,10.0,2.0,0.983,0.012076513,0.001893912,0.013970425,8840,10,16,1,1133,9,3000,2409,efa968bdf4739b42a19f99f4fae22a8c69b7b6d054ca51aff62b1be8ebdefa1b,2026-09-23T19:06:06.236237Z
scenario_01,ixa,3.1.0,10000,100,10,8675319,a81eb8a7b4c49dbd245a57ae13561b313c2c060fc6f00249c6dda8fb36336134,50000,10.0,2.0,0.983,0.032176672,0.002077537,0.034254209,8875,17,33,2,1073,11,3000,2421,b50a4e185cba7ed96e3831af6c3d58684bfc4b5fa7a0e3d28b760e9967fc60e5,2026-09-23T19:06:06.333402Z
scenario_01,ixa,3.1.0,10000,100,11,8675320,a81eb8a7b4c49dbd245a57ae13561b313c2c060fc6f00249c6dda8fb36336134,50000,10.0,2.0,0.983,0.037127619,0.003432367,0.040559986,9150,6,13,0,831,8,3000,2409,0898c0c2aa8f380ad5823caea3d701dc65e7edd1cff5f0d018ea59b1433ebc7c,2026-09-23T19:06:06.444832Z
scenario_01,ixa,3.1.0,10000,100,12,8675321,a81eb8a7b4c49dbd245a57ae13561b313c2c060fc6f00249c6dda8fb36336134,50000,10.0,2.0,0.983,0.018063664,0.004551698,0.022615362,8910,12,16,1,1061,6,3000,2389,47c082e87b93267b06f43a27decdc0c70a11646e509f2b213558935b9d0b1479,2026-09-23T19:06:06.636421Z
scenario_01,ixa,3.1.0,10000,100,13,8675322,a81eb8a7b4c49dbd245a57ae13561b313c2c060fc6f00249c6dda8fb36336134,50000,10.0,2.0,0.983,0.016918377,0.005038612,0.021956989,8542,19,32,5,1402,14,3000,2421,adcd311a79ac230a4664a6b79eaa9608a3538d1b14f7a8437826775cf62c0718,2026-09-23T19:06:06.706300Z
scenario_01,ixa,3.1.0,10000,100,14,8675323,a81eb8a7b4c49dbd245a57ae13561b313c2c060fc6f00249c6dda8fb36336134,50000,10.0,2.0,0.983,0.014263049,0.001670413,0.015933462,9005,7,14,1,973,9,3000,2410,dcafe3bcb047e94645dacdd4b2a38ad7f2dad17a2affc0bd6f021129a88786e6,2026-09-23T19:06:06.792185Z
scenario_01,ixa,3.1.0,10000,100,15,8675324,a81eb8a7b4c49dbd245a57ae13561b313c2c060fc6f00249c6dda8fb36336134,50000,10.0,2.0,0.983,0.049421881,0.005648403,0.055070284,8767,12,39,2,1180,8,3000,2411,c68b55e648f307b19f473ccf7f05dde63be92b87b207f61ab16b8cefc8f012ca,2026-09-23T19:06:06.935024Z
scenario_01,ixa,3.1.0,10000,100,16,8675325,a81eb8a7b4c49dbd245a57ae13561b313c2c060fc6f00249c6dda8fb36336134,50000,10.0,2.0,0.983,0.037886616,0.004378865,0.042265481,8889,11,24,0,1076,8,3000,2384,63327990cd740f16a9145416098f437dc7be303a4888a64c8d39583bf302e37e,2026-09-23T19:06:07.250299Z
scenario_01,ixa,3.1.0,10000,100,17,8675326,a81eb8a7b4c49dbd245a57ae13561b313c2c060fc6f00249c6dda8fb36336134,50000,10.0,2.0,0.983,0.025573773,0.004484155,0.030057928,8749,12,46,2,1191,8,3000,2414,68326d554ab2b685dea6cbed62ba8e1ec4fc2aa16600970a679a5ab868f0afae,2026-09-23T19:06:07.389203Z
scenario_01,ixa,3.1.0,10000,100,18,8675327,a81eb8a7b4c49dbd245a57ae13561b313c2c060fc6f00249c6dda8fb36336134,50000,10.0,2.0,0.983,0.018662747,0.002787618,0.021450365,8702,10,30,1,1257,8,3000,2389,baa08b594c1b8e19a4dd0597be80a4973380c9655e619aa845296910895e3652,2026-09-23T19:06:07.466895Z
scenario_01,ixa,3.1.0,10000,100,19,8675328,a81eb8a7b4c49dbd245a57ae13561b313c2c060fc6f00249c6dda8fb36336134,50000,10.0,2.0,0.983,0.019380037,0.001652121,0.021032158,8909,11,24,0,1056,11,3000,2437,b3af46519da4847cbbc6585713df406b0d6f546092e93c4c8f72d98b77325228,2026-09-23T19:06:07.539915Z
scenario_01,ixa,3.1.0,10000,100,20,8675329,a81eb8a7b4c49dbd245a57ae13561b313c2c060fc6f00249c6dda8fb36336134,50000,10.0,2.0,0.983,0.015777879,0.001730079,0.017507958,8946,20,26,0,1008,10,3000,2422,37b3b348ec6e655c20bea52f8a14691b0e904d948b00e148079f1a492749fb2e,2026-09-23T19:06:07.601713Z
scenario_01,ixa,3.1.0,10000,100,21,8675330,a81eb8a7b4c49dbd245a57ae13561b313c2c060fc6f00249c6dda8fb36336134,50000,10.0,2.0,0.983,0.014201758,0.001411455,0.015613213,9062,19,24,0,895,7,3000,2419,bb22ac5ce8ff7f5229855b82c0786a880907d515427b9f15f3b6cbb36866a2f5,2026-09-23T19:06:07.676167Z
scenario_01,ixa,3.1.0,10000,100,22,8675331,a81eb8a7b4c49dbd245a57ae13561b313c2c060fc6f00249c6dda8fb36336134,50000,10.0,2.0,0.983,0.017828790999999997,0.00249016,0.020318951,9023,10,28,0,939,10,3000,2403,37616f35b76ffd85ae02c84cfb89d6356b78f0892ec6f1ab730795289d89935e,2026-09-23T19:06:07.759042Z
scenario_01,ixa,3.1.0,10000,100,23,8675332,a81eb8a7b4c49dbd245a57ae13561b313c2c060fc6f00249c6dda8fb36336134,50000,10.0,2.0,0.983,0.019583454,0.004558197,0.024141651,8867,16,22,4,1091,6,3000,2391,f727e2e7ccb0a9267c5f72a15ed4e24ea9614021ac0da03a08959e734dafdb7a,2026-09-23T19:06:07.840965Z
scenario_01,ixa,3.1.0,10000,100,24,8675333,a81eb8a7b4c49dbd245a57ae13561b313c2c060fc6f00249c6dda8fb36336134,50000,10.0,2.0,0.983,0.017539584,0.002347577,0.019887161,8786,24,39,1,1150,7,3000,2420,758444c3accbdef1609e6d5ab609b77d04298eab10c09402e27ce148acab95e0,2026-09-23T19:06:07.935209Z
scenario_01,ixa,3.1.0,10000,100,25,8675334,a81eb8a7b4c49dbd245a57ae13561b313c2c060fc6f00249c6dda8fb36336134,50000,10.0,2.0,0.983,0.016851959,0.001806163,0.018658122,8869,15,28,1,1087,9,3000,2402,0dd2e124a0c780676ba68608119c7b042fa7063d9c5b413d3365c2e706f8114d,2026-09-23T19:06:07.990013Z
scenario_01,ixa,3.1.0,10000,100,26,8675335,a81eb8a7b4c49dbd245a57ae13561b313c2c060fc6f00249c6dda8fb36336134,50000,10.0,2.0,0.983,0.021448782,0.001909495,0.023358277,8809,14,28,5,1144,9,3000,2381,652d8485419e64254264ab2269a6bb819b030f99ff2ed655e358575c13230c13,2026-09-23T19:06:08.075905Z
scenario_01,ixa,3.1.0,10000,100,27,8675336,a81eb8a7b4c49dbd245a57ae13561b313c2c060fc6f00249c6dda8fb36336134,50000,10.0,2.0,0.983,0.021967530000000002,0.00420174,0.02616927,8586,21,40,0,1353,11,3000,2387,b6768ed78f0c8d436eb42270e602c0dd9212d1fe3fe5970ba1044d04e7092fb5,2026-09-23T19:06:08.169296Z
scenario_01,ixa,3.1.0,10000,100,28,8675337,a81eb8a7b4c49dbd245a57ae13561b313c2c060fc6f00249c6dda8fb36336134,50000,10.0,2.0,0.983,0.024426817,0.006543567,0.030970384,8531,18,61,0,1390,7,3000,2393,962f00770e0c18de58359dd6bced32d1608993ef6fd31c4ae3f44485be3326da,2026-09-23T19:06:08.327170Z
scenario_01,ixa,3.1.0,10000,100,29,8675338,a81eb8a7b4c49dbd245a57ae13561b313c2c060fc6f00249c6dda8fb36336134,50000,10.0,2.0,0.983,0.026200936,0.004884739,0.031085675,8786,18,39,1,1156,11,3000,2401,da3a65183c19cf8c0a98996171efc0297b65e7f865310d5c0c5b622a5681426c,2026-09-23T19:06:08.468876Z
scenario_01,ixa,3.1.0,10000,100,30,8675339,a81eb8a7b4c49dbd245a57ae13561b313c2c060fc6f00249c6dda8fb36336134,50000,10.0,2.0,0.983,0.01244797,0.001971204,0.014419174,8795,13,27,1,1164,9,3000,2430,358d28fb725a91ccd961a6f438865020d16c46316eaf0febebb8cec10b1efc66,2026-09-23T19:06:08.575089Z
scenario_01,ixa,3.1.0,10000,100,31,8675340,a81eb8a7b4c49dbd245a57ae13561b313c2c060fc6f00249c6dda8fb36336134,50000,10.0,2.0,0.983,0.019319995,0.001483414,0.020803409,9100,10,16,1,873,7,3000,2407,45bd91a1d9deed8ac14e84969788e2a8b5bb99092d71e8278dc452db4e62626c,2026-09-23T19:06:08.656455Z
scenario_01,ixa,3.1.0,10000,100,32,8675341,a81eb8a7b4c49dbd245a57ae13561b313c2c060fc6f00249c6dda8fb36336134,50000,10.0,2.0,0.983,0.029422430000000003,0.003193617,0.032616047,8829,21,25,5,1120,8,3000,2415,7ac4cd99a28cb292ac864a009b403e209992b827ba8b215e62927e7de686610f,2026-09-23T19:06:08.743980Z
scenario_01,ixa,3.1.0,10000,100,33,8675342,a81eb8a7b4c49dbd245a57ae13561b313c2c060fc6f00249c6dda8fb36336134,50000,10.0,2.0,0.983,0.034129167,0.00300391,0.037133077,8733,4,11,2,1250,13,3000,2368,3de9249323798554ccfc1f5e1a21d38b4b5f05dc170b331a8927b936384af47c,2026-09-23T19:06:08.837633Z
scenario_01,ixa,3.1.0,10000,100,34,8675343,a81eb8a7b4c49dbd245a57ae13561b313c2c060fc6f00249c6dda8fb36336134,50000,10.0,2.0,0.983,0.021877114,0.004597906,0.02647502,8665,28,43,4,1260,10,3000,2390,1a8df312ac94af1f49ed5ebfc5891dd385d0bcd872ba9b48c52d2ff98e0abccc,2026-09-23T19:06:08.919042Z
scenario_01,ixa,3.1.0,10000,100,35,8675344,a81eb8a7b4c49dbd245a57ae13561b313c2c060fc6f00249c6dda8fb36336134,50000,10.0,2.0,0.983,0.051250501999999996,0.001710912,0.052961414,9021,15,18,1,945,6,3000,2407,eb84fa64e8302066b48aa1f6e2cd82fb4ef94a5757977adb68751fd2b50b4edb,2026-09-23T19:06:09.044845Z
scenario_01,ixa,3.1.0,10000,100,36,8675345,a81eb8a7b4c49dbd245a57ae13561b313c2c060fc6f00249c6dda8fb36336134,50000,10.0,2.0,0.983,0.022223986999999997,0.001783913,0.0240079,8918,8,16,1,1057,7,3000,2370,b04fa95670682a59d2004af0efa056f9a19d8c0f9beb184997527305b9535546,2026-09-23T19:06:09.137710Z
scenario_01,ixa,3.1.0,10000,100,37,8675346,a81eb8a7b4c49dbd245a57ae13561b313c2c060fc6f00249c6dda8fb36336134,50000,10.0,2.0,0.983,0.015231255,0.002299411,0.017530666,8600,24,41,2,1333,8,3000,2404,054ce63ed94377d2da737341b9e8a25166b3f4331addb735a4916c8d529facf3,2026-09-23T19:06:09.206747Z
scenario_01,ixa,3.1.0,10000,100,38,8675347,a81eb8a7b4c49dbd245a57ae13561b313c2c060fc6f00249c6dda8fb36336134,50000,10.0,2.0,0.983,0.012412053999999999,0.006657942,0.019069996,8278,37,71,1,1613,11,3000,2383,d4370f0c9c81d172cf9e9521d90121caea35ada39c34defc32ee2ea449b20b6d,2026-09-23T19:06:09.274721Z
scenario_01,ixa,3.1.0,10000,100,39,8675348,a81eb8a7b4c49dbd245a57ae13561b313c2c060fc6f00249c6dda8fb36336134,50000,10.0,2.0,0.983,0.013462593,0.002364244,0.015826837,8764,22,40,1,1173,12,3000,2389,d35e3009b7e997f0a1473b91efe16a6214f74597ff9075d823e98b53c80ccf19,2026-09-23T19:06:09.339211Z
scenario_01,ixa,3.1.0,10000,100,40,8675349,a81eb8a7b4c49dbd245a57ae13561b313c2c060fc6f00249c6dda8fb36336134,50000,10.0,2.0,0.983,0.016621377,0.003419742,0.020041119,8885,17,31,0,1067,5,3000,2383,6fdbdcff377d227e6ca537c70a9f7aac84e41572007f0adaaf01e4cd2d8facab,2026-09-23T19:06:09.390225Z
scenario_01,ixa,3.1.0,10000,100,41,8675350,a81eb8a7b4c49dbd245a57ae13561b313c2c060fc6f00249c6dda8fb36336134,50000,10.0,2.0,0.983,0.012023679,0.002094037,0.014117716,8891,9,21,2,1077,9,3000,2413,5bba32ea5f0ce54d55386eef1374251392090770eb996ae7e0922b8c4033eb4a,2026-09-23T19:06:09.444589Z
scenario_01,ixa,3.1.0,10000,100,42,8675351,a81eb8a7b4c49dbd245a57ae13561b313c2c060fc6f00249c6dda8fb36336134,50000,10.0,2.0,0.983,0.015420713,0.002347619,0.017768332,8540,35,69,6,1350,8,3000,2349,d048f7eff3165a6ce65f08c7137ef2c2d393e47a6feda6c20540b9cb09c00011,2026-09-23T19:06:09.510140Z
scenario_01,ixa,3.1.0,10000,100,43,8675352,a81eb8a7b4c49dbd245a57ae13561b313c2c060fc6f00249c6dda8fb36336134,50000,10.0,2.0,0.983,0.021353699,0.004628322,0.025982021,8774,19,44,3,1160,10,3000,2411,ce122daeb19ff73edaaedc1e45f827161fdd97558ca35b765dff45352c0595e5,2026-09-23T19:06:09.579255Z
scenario_01,ixa,3.1.0,10000,100,44,8675353,a81eb8a7b4c49dbd245a57ae13561b313c2c060fc6f00249c6dda8fb36336134,50000,10.0,2.0,0.983,0.014070675000000001,0.004507739,0.018578414,8718,27,46,5,1204,8,3000,2435,e34fbdada7ff8d2770a4802456ec142f088fac0e42ab032af1d30da7f8fc75b2,2026-09-23T19:06:09.642987Z
scenario_01,ixa,3.1.0,10000,100,45,8675354,a81eb8a7b4c49dbd245a57ae13561b313c2c060fc6f00249c6dda8fb36336134,50000,10.0,2.0,0.983,0.014633213999999999,0.003948158,0.018581372,8853,18,25,6,1098,7,3000,2342,d7a53be669396a499a95b6a077cf5b9076dfc6547c6d458816ee261258b80754,2026-09-23T19:06:09.688520Z
scenario_01,ixa,3.1.0,10000,100,46,8675355,a81eb8a7b4c49dbd245a57ae13561b313c2c060fc6f00249c6dda8fb36336134,50000,10.0,2.0,0.983,0.014464798,0.004334698,0.018799496,8954,15,20,3,1008,6,3000,2429,4fa8fded0d685c153f50a082a7164f182bf3cb5ba70d5c56b30934f3d887ecf9,2026-09-23T19:06:09.749791Z
scenario_01,ixa,3.1.0,10000,100,47,8675356,a81eb8a7b4c49dbd245a57ae13561b313c2c060fc6f00249c6dda8fb36336134,50000,10.0,2.0,0.983,0.018577537999999998,0.003682825,0.022260363,8926,19,40,4,1011,5,3000,2365,d46053eee760596480273e51f416a24dbec43abb6f5b9c6fe2920c3aaf785b94,2026-09-23T19:06:09.814210Z
scenario_01,ixa,3.1.0,10000,100,48,8675357,a81eb8a7b4c49dbd245a57ae13561b313c2c060fc6f00249c6dda8fb36336134,50000,10.0,2.0,0.983,0.024538941,0.003972449,0.02851139,8766,16,45,3,1170,4,3000,2363,0d10585448693b855d01c0bb8a7ecc0b3c28ac0fb78d8379e45d72ff8d7f391c,2026-09-23T19:06:09.867935Z
scenario_01,ixa,3.1.0,10000,100,49,8675358,a81eb8a7b4c49dbd245a57ae13561b313c2c060fc6f00249c6dda8fb36336134,50000,10.0,2.0,0.983,0.012970594,0.002524244,0.015494838,8798,17,28,2,1155,10,3000,2407,2f5029245123328ba7474140b4fc568e799c7ea65c1506685a66dc282e6f2c21,2026-09-23T19:06:09.946583Z
scenario_01,ixa,3.1.0,10000,100,50,8675359,a81eb8a7b4c49dbd245a57ae13561b313c2c060fc6f00249c6dda8fb36336134,50000,10.0,2.0,0.983,0.013310676,0.001570079,0.014880755,8984,17,22,2,975,5,3000,2396,2f7bb2d0c60ad7ac480f357cc6a535a5e069c4de54ed7466000161b0303b67e2,2026-09-23T19:06:10.028976Z
scenario_01,ixa,3.1.0,10000,100,51,8675360,a81eb8a7b4c49dbd245a57ae13561b313c2c060fc6f00249c6dda8fb36336134,50000,10.0,2.0,0.983,0.020740742,0.002707494,0.023448236,8819,15,30,2,1134,10,3000,2414,7ecc62dab0d0d18bb5dbccc65dded8e0cb7d966f1f9ca478e89a9f0a080ebd2f,2026-09-23T19:06:10.129328Z
scenario_01,ixa,3.1.0,10000,100,52,8675361,a81eb8a7b4c49dbd245a57ae13561b313c2c060fc6f00249c6dda8fb36336134,50000,10.0,2.0,0.983,0.017743249,0.004131115,0.021874364,8809,14,34,3,1140,7,3000,2375,b23a418af1a6810552211c8f1efd361a61861e2682c755f8c1c32e65efff8f20,2026-09-23T19:06:10.250627Z
scenario_01,ixa,3.1.0,10000,100,53,8675362,a81eb8a7b4c49dbd245a57ae13561b313c2c060fc6f00249c6dda8fb36336134,50000,10.0,2.0,0.983,0.021771739999999998,0.002480077,0.024251817,8609,25,49,2,1315,8,3000,2346,a6e778057ab8e53f2aacdec3aabf65172ce5de7410dc2899976cfa8214878991,2026-09-23T19:06:10.337586Z
scenario_01,ixa,3.1.0,10000,100,54,8675363,a81eb8a7b4c49dbd245a57ae13561b313c2c060fc6f00249c6dda8fb36336134,50000,10.0,2.0,0.983,0.029312971,0.004215073,0.033528044,8755,19,35,4,1187,9,3000,2396,8f23411a3be361b0df2127a8d5cbeeba96deeaac26b9d5869e3a92d7edd228d9,2026-09-23T19:06:10.423334Z
scenario_01,ixa,3.1.0,10000,100,55,8675364,a81eb8a7b4c49dbd245a57ae13561b313c2c060fc6f00249c6dda8fb36336134,50000,10.0,2.0,0.983,0.016351628,0.002991409,0.019343037,9143,7,14,0,836,7,3000,2410,b1b96b07f6df263aedff0e0d29cb74a7e321235d635f7d16c3143da9db1a6152,2026-09-23T19:06:10.533234Z
scenario_01,ixa,3.1.0,10000,100,56,8675365,a81eb8a7b4c49dbd245a57ae13561b313c2c060fc6f00249c6dda8fb36336134,50000,10.0,2.0,0.983,0.016196252,0.002696035,0.018892287,8944,15,24,1,1016,10,3000,2387,278b7c18e2171ce42ff943773ba7c7ab130be91cbdae3b5697e53febd08fea35,2026-09-23T19:06:10.604782Z
scenario_01,ixa,3.1.0,10000,100,57,8675366,a81eb8a7b4c49dbd245a57ae13561b313c2c060fc6f00249c6dda8fb36336134,50000,10.0,2.0,0.983,0.022726152,0.004575573,0.027301725,8546,22,54,3,1375,6,3000,2385,85f917da15638ddf86e4b53b8f5be3bf48e94f160d30e41c4505ec07108fce1b,2026-09-23T19:06:10.738140Z
scenario_01,ixa,3.1.0,10000,100,58,8675367,a81eb8a7b4c49dbd245a57ae13561b313c2c060fc6f00249c6dda8fb36336134,50000,10.0,2.0,0.983,0.023858359000000003,0.002500244,0.026358603,8838,12,32,1,1117,7,3000,2450,8f3f7519c7b9d66af2e999936700390b8143e7757c5e63e811de64a35fca5f74,2026-09-23T19:06:10.858045Z
scenario_01,ixa,3.1.0,10000,100,59,8675368,a81eb8a7b4c49dbd245a57ae13561b313c2c060fc6f00249c6dda8fb36336134,50000,10.0,2.0,0.983,0.034136252,0.005215029,0.039351281,8666,18,34,1,1281,10,3000,2393,04beea9ff78daa1c1a673141177e50a08c81582a147d38982a10b6ef5d3b3034,2026-09-23T19:06:10.988282Z
scenario_01,ixa,3.1.0,10000,100,60,8675369,a81eb8a7b4c49dbd245a57ae13561b313c2c060fc6f00249c6dda8fb36336134,50000,10.0,2.0,0.983,0.025736688,0.005761028,0.031497716,8695,26,29,0,1250,11,3000,2369,4a93d55b4a786ced6a1e860ab8eebeb4c1e8d4c346bf4b3c234b9b65175dd72a,2026-09-23T19:06:11.124317Z
scenario_01,ixa,3.1.0,10000,100,61,8675370,a81eb8a7b4c49dbd245a57ae13561b313c2c060fc6f00249c6dda8fb36336134,50000,10.0,2.0,0.983,0.022593945,0.003279784,0.025873729,9016,20,34,1,929,15,3000,2396,409da847b4e41e041c78814a7f0439e017c258c5719b477f27b0cad2f545e46e,2026-09-23T19:06:11.297715Z
scenario_01,ixa,3.1.0,10000,100,62,8675371,a81eb8a7b4c49dbd245a57ae13561b313c2c060fc6f00249c6dda8fb36336134,50000,10.0,2.0,0.983,0.017107,0.001928621,0.019035621,8862,10,21,2,1105,9,3000,2405,602eda888ab328b6c130027bb1fc5ce8cf47a1875486b2a3afeb165e3d11a1b4,2026-09-23T19:06:11.405166Z
scenario_01,ixa,3.1.0,10000,100,63,8675372,a81eb8a7b4c49dbd245a57ae13561b313c2c060fc6f00249c6dda8fb36336134,50000,10.0,2.0,0.983,0.018256456,0.005125904,0.02338236,8784,19,39,0,1158,8,3000,2396,4f1eebd2176cf68e05c1c28281b57b59b2e229243706f54b439b947f56c0b4dd,2026-09-23T19:06:11.515402Z
scenario_01,ixa,3.1.0,10000,100,64,8675373,a81eb8a7b4c49dbd245a57ae13561b313c2c060fc6f00249c6dda8fb36336134,50000,10.0,2.0,0.983,0.016539544,0.003734199,0.020273743,8938,6,13,0,1043,8,3000,2443,6eb0fcc4076191375db7e744eddd869fded2f21ae8c4abc46228586aa7e0588d,2026-09-23T19:06:11.606568Z
scenario_01,ixa,3.1.0,10000,100,65,8675374,a81eb8a7b4c49dbd245a57ae13561b313c2c060fc6f00249c6dda8fb36336134,50000,10.0,2.0,0.983,0.019279496,0.001573663,0.020853159,9035,17,37,6,905,6,3000,2413,a2529f4e8af18d692d8509d6763b7d0b72a3f237f75210b8bae8915b1abab543,2026-09-23T19:06:11.697457Z
scenario_01,ixa,3.1.0,10000,100,66,8675375,a81eb8a7b4c49dbd245a57ae13561b313c2c060fc6f00249c6dda8fb36336134,50000,10.0,2.0,0.983,0.016583169,0.001897037,0.018480206,9015,5,24,1,955,9,3000,2406,c1350d776793c3d79706586814bb9d894102532f596d1b1518dbdf87ba46af02,2026-09-23T19:06:11.766643Z
scenario_01,ixa,3.1.0,10000,100,67,8675376,a81eb8a7b4c49dbd245a57ae13561b313c2c060fc6f00249c6dda8fb36336134,50000,10.0,2.0,0.983,0.025353481,0.0031482,0.028501681,9180,11,19,0,790,6,3000,2424,dd89cf8357f3708d887f30a047cff773940786c2b1a81b05c45345043d69d3ba,2026-09-23T19:06:11.880486Z
scenario_01,ixa,3.1.0,10000,100,68,8675377,a81eb8a7b4c49dbd245a57ae13561b313c2c060fc6f00249c6dda8fb36336134,50000,10.0,2.0,0.983,0.021524865,0.002198036,0.023722901,8688,10,17,0,1285,9,3000,2344,1be77b26bebacdc5360188491d0fd3ae72765e48ea6f2d93e7b9deebe51f6487,2026-09-23T19:06:11.958603Z
scenario_01,ixa,3.1.0,10000,100,69,8675378,a81eb8a7b4c49dbd245a57ae13561b313c2c060fc6f00249c6dda8fb36336134,50000,10.0,2.0,0.983,0.017310541999999998,0.003768282,0.021078824,8955,7,18,2,1018,13,3000,2389,02f1cc9974c5343bbb3089a0e1de30fc1435af0d81632985b06346f4cfeee647,2026-09-23T19:06:12.088980Z
scenario_01,ixa,3.1.0,10000,100,70,8675379,a81eb8a7b4c49dbd245a57ae13561b313c2c060fc6f00249c6dda8fb36336134,50000,10.0,2.0,0.983,0.035727123,0.00455578,0.040282903,8774,13,24,1,1188,6,3000,2378,5432aa1eaa52050c49aa485fa956309046e288c6083b3f8c9e14fa8a400dabf8,2026-09-23T19:06:12.271574Z
scenario_01,ixa,3.1.0,10000,100,71,8675380,a81eb8a7b4c49dbd245a57ae13561b313c2c060fc6f00249c6dda8fb36336134,50000,10.0,2.0,0.983,0.022522029,0.005159779,0.027681808,8849,11,24,3,1113,9,3000,2403,db5ef335c9d0beb0de9fb8332a011ae34c3d5a298d77662381fbe01f8de2526d,2026-09-23T19:06:12.417164Z
scenario_01,ixa,3.1.0,10000,100,72,8675381,a81eb8a7b4c49dbd245a57ae13561b313c2c060fc6f00249c6dda8fb36336134,50000,10.0,2.0,0.983,0.018186081,0.003511992,0.021698073,8862,16,26,0,1096,11,3000,2403,a6e47bf02eb31e196db786634df6362782d1f66cdeb142ccc9de5d59a048ce15,2026-09-23T19:06:12.507137Z
scenario_01,ixa,3.1.0,10000,100,73,8675382,a81eb8a7b4c49dbd245a57ae13561b313c2c060fc6f00249c6dda8fb36336134,50000,10.0,2.0,0.983,0.033215711999999994,0.004574447,0.037790159,8853,6,8,0,1133,10,3000,2406,55e6aed9fa236a436025162fa7d3dae7792d26bbf04c6eaa93f990bd5b65b01e,2026-09-23T19:06:12.634332Z
scenario_01,ixa,3.1.0,10000,100,74,8675383,a81eb8a7b4c49dbd245a57ae13561b313c2c060fc6f00249c6dda8fb36336134,50000,10.0,2.0,0.983,0.030313553,0.004811613,0.035125166,8807,22,34,0,1137,8,3000,2400,1e784cd03105231d01fc09278860f64da4c64e7e85aa71c5b8f8c6c621d26647,2026-09-23T19:06:12.735334Z
scenario_01,ixa,3.1.0,10000,100,75,8675384,a81eb8a7b4c49dbd245a57ae13561b313c2c060fc6f00249c6dda8fb36336134,50000,10.0,2.0,0.983,0.019495829,0.002989159,0.022484988,8922,17,18,0,1043,8,3000,2402,62565b3fed692d8a9585fe5810f4796a691cd62dcaed91b511725abb2d692791,2026-09-23T19:06:12.822761Z
scenario_01,ixa,3.1.0,10000,100,76,8675385,a81eb8a7b4c49dbd245a57ae13561b313c2c060fc6f00249c6dda8fb36336134,50000,10.0,2.0,0.983,0.014992963000000002,0.002695619,0.017688582,8770,20,39,5,1166,8,3000,2405,e56c5f312842d3cfd8502c5194b7328161695c123f821829854229e616931a86,2026-09-23T19:06:12.897492Z
scenario_01,ixa,3.1.0,10000,100,77,8675386,a81eb8a7b4c49dbd245a57ae13561b313c2c060fc6f00249c6dda8fb36336134,50000,10.0,2.0,0.983,0.017497416000000002,0.004394573,0.021891989,8641,19,56,1,1283,6,3000,2388,45f7f003aad026370875af613cfcea2018ecfb933bbb65afc4579cef69d6f12d,2026-09-23T19:06:12.956553Z
scenario_01,ixa,3.1.0,10000,100,78,8675387,a81eb8a7b4c49dbd245a57ae13561b313c2c060fc6f00249c6dda8fb36336134,50000,10.0,2.0,0.983,0.014794422000000002,0.001988912,0.016783334,8797,13,21,2,1167,10,3000,2399,4a99acd1ff50f40add38302228d6e6286198d619b5b34b83548f2e4e79c32e74,2026-09-23T19:06:13.027429Z
scenario_01,ixa,3.1.0,10000,100,79,8675388,a81eb8a7b4c49dbd245a57ae13561b313c2c060fc6f00249c6dda8fb36336134,50000,10.0,2.0,0.983,0.019018746,0.001890412,0.020909158,8928,15,28,1,1028,9,3000,2378,726f3881ae152995dfc188807293d8b2d1df3805650c7f408b90885bbbbc56a8,2026-09-23T19:06:13.098152Z
scenario_01,ixa,3.1.0,10000,100,80,8675389,a81eb8a7b4c49dbd245a57ae13561b313c2c060fc6f00249c6dda8fb36336134,50000,10.0,2.0,0.983,0.016275211,0.001831454,0.018106665,8901,16,25,0,1058,6,3000,2383,50443b031f6a485539876f06718ff5aba2767d3da72af771f5bb436c76854727,2026-09-23T19:06:13.151588Z
scenario_01,ixa,3.1.0,10000,100,81,8675390,a81eb8a7b4c49dbd245a57ae13561b313c2c060fc6f00249c6dda8fb36336134,50000,10.0,2.0,0.983,0.014560132,0.00395074,0.018510872,8740,28,41,4,1187,8,3000,2432,6cea8936144c4d48cdeef803d3dfa2ed4902b39aa4143876bdc1466e94a2fbe3,2026-09-23T19:06:13.224439Z
scenario_01,ixa,3.1.0,10000,100,82,8675391,a81eb8a7b4c49dbd245a57ae13561b313c2c060fc6f00249c6dda8fb36336134,50000,10.0,2.0,0.983,0.016057711000000002,0.002186787,0.018244498,8832,11,21,1,1135,8,3000,2399,01cdc14c2331c20e3e2c8453992123a2e39df08b44577c6abfd88b6c14826342,2026-09-23T19:06:13.285740Z
scenario_01,ixa,3.1.0,10000,100,83,8675392,a81eb8a7b4c49dbd245a57ae13561b313c2c060fc6f00249c6dda8fb36336134,50000,10.0,2.0,0.983,0.016790918000000002,0.003491533,0.020282451,8731,20,31,2,1216,11,3000,2375,d84e0d2704ccfe09b0f36d77fabf0832b4226cf79b79c0467032e2feb105cb80,2026-09-23T19:06:13.344976Z
scenario_01,ixa,3.1.0,10000,100,84,8675393,a81eb8a7b4c49dbd245a57ae13561b313c2c060fc6f00249c6dda8fb36336134,50000,10.0,2.0,0.983,0.012564636,0.005557612,0.018122248,8625,13,40,1,1321,9,3000,2378,a827e4cdcde51c68710a07f517417797c0777a89539d9f0ad42a0ec7d5cb4033,2026-09-23T19:06:13.464278Z
scenario_01,ixa,3.1.0,10000,100,85,8675394,a81eb8a7b4c49dbd245a57ae13561b313c2c060fc6f00249c6dda8fb36336134,50000,10.0,2.0,0.983,0.013703383999999999,0.003816158,0.017519542,8872,9,21,0,1098,7,3000,2377,bbe3693fda8bd82f13abadb4d7dcbaeb6b18ce251cbc312b24f41e95270d98a0,2026-09-23T19:06:13.520124Z
scenario_01,ixa,3.1.0,10000,100,86,8675395,a81eb8a7b4c49dbd245a57ae13561b313c2c060fc6f00249c6dda8fb36336134,50000,10.0,2.0,0.983,0.011506430000000002,0.00427499,0.01578142,8666,25,66,4,1239,7,3000,2354,59446b801d3c880f821102ccff1a5148a2b6f84c6ba2313276c4340f173312a7,2026-09-23T19:06:13.566601Z
scenario_01,ixa,3.1.0,10000,100,87,8675396,a81eb8a7b4c49dbd245a57ae13561b313c2c060fc6f00249c6dda8fb36336134,50000,10.0,2.0,0.983,0.012203387,0.002259495,0.014462882,8698,15,35,0,1252,7,3000,2418,a3f7e1157938370cb24de4a56013c4bad82f734af6ec9bd6fd8cf522be605ab2,2026-09-23T19:06:13.617102Z
scenario_01,ixa,3.1.0,10000,100,88,8675397,a81eb8a7b4c49dbd245a57ae13561b313c2c060fc6f00249c6dda8fb36336134,50000,10.0,2.0,0.983,0.011477221000000001,0.001942121,0.013419342,8835,13,25,1,1126,7,3000,2405,c789cb93a5e571f9b24d767db66aa088906baeba766e8710a748f4f8835267b0,2026-09-23T19:06:13.666145Z
scenario_01,ixa,3.1.0,10000,100,89,8675398,a81eb8a7b4c49dbd245a57ae13561b313c2c060fc6f00249c6dda8fb36336134,50000,10.0,2.0,0.983,0.013565968000000001,0.004191115,0.017757083,8900,21,33,1,1045,8,3000,2433,d61e8cf7fe9887f268dd07f169ff8ec5df27795306ce07a3de699f7106f5e277,2026-09-23T19:06:13.717307Z
scenario_01,ixa,3.1.0,10000,100,90,8675399,a81eb8a7b4c49dbd245a57ae13561b313c2c060fc6f00249c6dda8fb36336134,50000,10.0,2.0,0.983,0.011278057,0.00455903,0.015837087,8624,9,18,0,1349,8,3000,2411,0fae49b95bb2c33e751114272ee02d93b521b82ce2395f99d91c026feb9f7087,2026-09-23T19:06:13.756269Z
scenario_01,ixa,3.1.0,10000,100,91,8675400,a81eb8a7b4c49dbd245a57ae13561b313c2c060fc6f00249c6dda8fb36336134,50000,10.0,2.0,0.983,0.012883385999999998,0.003784324,0.01666771,8632,18,35,2,1313,8,3000,2388,d9c66233daac4fe58d6880db3a92efa4dbeda9c7eb626cfb3783458c3f9df5f3,2026-09-23T19:06:13.804861Z
scenario_01,ixa,3.1.0,10000,100,92,8675401,a81eb8a7b4c49dbd245a57ae13561b313c2c060fc6f00249c6dda8fb36336134,50000,10.0,2.0,0.983,0.013299426,0.002969909,0.016269335,8800,19,22,2,1157,7,3000,2363,d53edacb74f6fc727add5bff8f2244bcad8e7b6fc06d7dfc3b4797c225dfcb37,2026-09-23T19:06:13.854851Z
scenario_01,ixa,3.1.0,10000,100,93,8675402,a81eb8a7b4c49dbd245a57ae13561b313c2c060fc6f00249c6dda8fb36336134,50000,10.0,2.0,0.983,0.014527631000000001,0.002130537,0.016658168,8759,28,34,2,1177,7,3000,2375,df7acb5507c39994d14ec1386dff61d8ed2f4a95ada1ea14ddfb838ec8483f30,2026-09-23T19:06:13.902100Z
scenario_01,ixa,3.1.0,10000,100,94,8675403,a81eb8a7b4c49dbd245a57ae13561b313c2c060fc6f00249c6dda8fb36336134,50000,10.0,2.0,0.983,0.009972642,0.001720704,0.011693346,8887,10,19,1,1083,7,3000,2359,59b80eecfa1d7a8d0ce3e70450992f78ce95c4442b38a09b1aeaa792fe9bc3ca,2026-09-23T19:06:13.955141Z
scenario_01,ixa,3.1.0,10000,100,95,8675404,a81eb8a7b4c49dbd245a57ae13561b313c2c060fc6f00249c6dda8fb36336134,50000,10.0,2.0,0.983,0.015482211999999999,0.003419075,0.018901287,8589,20,39,0,1352,10,3000,2418,f647b5aae6c0729b9dd6ce76370f5f8a43c501a9e096bba5dba98d8edc2f9087,2026-09-23T19:06:14.004402Z
scenario_01,ixa,3.1.0,10000,100,96,8675405,a81eb8a7b4c49dbd245a57ae13561b313c2c060fc6f00249c6dda8fb36336134,50000,10.0,2.0,0.983,0.014533924,0.002514702,0.017048626,8522,32,57,3,1386,9,3000,2396,4c2f0f793160cfbf062a7e08d1622d1bbe5c7c02c98749ac870399c7638bfc5d,2026-09-23T19:06:14.037684Z
scenario_01,ixa,3.1.0,10000,100,97,8675406,a81eb8a7b4c49dbd245a57ae13561b313c2c060fc6f00249c6dda8fb36336134,50000,10.0,2.0,0.983,0.015071672,0.002235203,0.017306875,9021,11,22,0,946,7,3000,2412,c45189f9e8f5fdca2f8828433214eea15c1abfe0670357af51796968fecddc49,2026-09-23T19:06:14.094482Z
scenario_01,ixa,3.1.0,10000,100,98,8675407,a81eb8a7b4c49dbd245a57ae13561b313c2c060fc6f00249c6dda8fb36336134,50000,10.0,2.0,0.983,0.018988995999999998,0.004577989,0.023566985,8797,22,37,1,1143,7,3000,2422,2b5f4962da0366213451887024d5fc6d74782b5d6f3da3f1a18f4a1f84143770,2026-09-23T19:06:14.161960Z
scenario_01,ixa,3.1.0,10000,100,99,8675408,a81eb8a7b4c49dbd245a57ae13561b313c2c060fc6f00249c6dda8fb36336134,50000,10.0,2.0,0.983,0.015840879,0.002243828,0.018084707,8651,17,45,2,1285,9,3000,2403,f5fc1769e6aa507200101b8c717e093a594ed140161161cbfcc9df38ad7e290d,2026-09-23T19:06:14.225634Z
scenario_01,ixa,3.1.0,10000,100,100,8675409,a81eb8a7b4c49dbd245a57ae13561b313c2c060fc6f00249c6dda8fb36336134,50000,10.0,2.0,0.983,0.010107059,0.00263616,0.012743219,9192,12,16,0,780,6,3000,2406,c24c70e387571c1108f3e0961d5cd81395c859832d81b646b785f9ca5dcc751a,2026-09-23T19:06:14.257624Z
scenario_01,ixa,3.1.0,100000,100,1,8775310,83b4e1da2783f17377cf65d5f9c270629dd633191f581ff139c5b60c5d080e99,500000,10.0,2.0,0.988,0.061013463000000004,0.001874211,0.062887674,98935,11,21,2,1031,6,30000,24054,cce4ffa261a968efc08cf051e6e7a06e72302cf03b8993ba427a484ed2ed9149,2026-09-23T19:25:24.155938Z
scenario_01,ixa,3.1.0,100000,100,2,8775311,83b4e1da2783f17377cf65d5f9c270629dd633191f581ff139c5b60c5d080e99,500000,10.0,2.0,0.988,0.059263877,0.002319003,0.06158288,98690,28,44,2,1236,5,30000,23965,699f69c78c45774fc43f086b1dec09f51aafdf1fa4180701ca10329cb55dfe21,2026-09-23T19:25:24.240576Z
scenario_01,ixa,3.1.0,100000,100,3,8775312,83b4e1da2783f17377cf65d5f9c270629dd633191f581ff139c5b60c5d080e99,500000,10.0,2.0,0.988,0.06480946800000001,0.00232392,0.067133388,98741,44,45,2,1168,6,30000,24009,d6408837253fd16f0999740aaabe85a2627a9926d3a9238c631b07cafe4ce2ad,2026-09-23T19:25:24.331154Z
scenario_01,ixa,3.1.0,100000,100,4,8775313,83b4e1da2783f17377cf65d5f9c270629dd633191f581ff139c5b60c5d080e99,500000,10.0,2.0,0.988,0.059108126999999996,0.002744253,0.06185238,98417,39,88,3,1453,11,30000,23950,ddd5c136c6a911d7994d21d9c84e9d4508cac9238b66a82aa4009f57b569ddc9,2026-09-23T19:25:24.415283Z
scenario_01,ixa,3.1.0,100000,100,5,8775314,83b4e1da2783f17377cf65d5f9c270629dd633191f581ff139c5b60c5d080e99,500000,10.0,2.0,0.988,0.058940043,0.003385171,0.062325214,98105,32,65,2,1796,11,30000,23930,48753f069acfe88077138d23a82b4a76b6eace5a047449c73171aa091e2330d7,2026-09-23T19:25:24.499221Z
scenario_01,ixa,3.1.0,100000,100,6,8775315,83b4e1da2783f17377cf65d5f9c270629dd633191f581ff139c5b60c5d080e99,500000,10.0,2.0,0.988,0.058306875,0.002714837,0.061021712,98332,31,54,2,1581,9,30000,24053,9098f4dc32c9df14272564e75d381bd5687ceee32cafb17e63975cda4faa9f3b,2026-09-23T19:25:24.580957Z
scenario_01,ixa,3.1.0,100000,100,7,8775316,83b4e1da2783f17377cf65d5f9c270629dd633191f581ff139c5b60c5d080e99,500000,10.0,2.0,0.988,0.060117294,0.002800129,0.062917423,98419,26,46,0,1509,12,30000,24038,beb7fc38a51bc5730150e880091942f2c5c1203f501378527e11a15d71ba37cd,2026-09-23T19:25:24.665518Z
scenario_01,ixa,3.1.0,100000,100,8,8775317,83b4e1da2783f17377cf65d5f9c270629dd633191f581ff139c5b60c5d080e99,500000,10.0,2.0,0.988,0.058554000999999994,0.002767004,0.061321005,98411,23,60,6,1500,11,30000,24039,67a20a2fe55f55824a02eea47329f3cba6c4bbf08106c4c431857efd06ee70dc,2026-09-23T19:25:24.745971Z
scenario_01,ixa,3.1.0,100000,100,9,8775318,83b4e1da2783f17377cf65d5f9c270629dd633191f581ff139c5b60c5d080e99,500000,10.0,2.0,0.988,0.062353131,0.002707337,0.065060468,98540,43,57,2,1358,9,30000,24029,6854a3fcb2e0c751e9e577a3e403c631abe0209649e0f3d81cbffea9fbfa50e9,2026-09-23T19:25:24.830202Z
scenario_01,ixa,3.1.0,100000,100,10,8775319,83b4e1da2783f17377cf65d5f9c270629dd633191f581ff139c5b60c5d080e99,500000,10.0,2.0,0.988,0.058889252,0.002421211,0.061310463,98569,37,81,2,1311,8,30000,23947,ab98a7a7084e1996f8f148678401b8216d23be80f69125d2d344ef887df26d1c,2026-09-23T19:25:24.912447Z
scenario_01,ixa,3.1.0,100000,100,11,8775320,83b4e1da2783f17377cf65d5f9c270629dd633191f581ff139c5b60c5d080e99,500000,10.0,2.0,0.988,0.059640376999999994,0.00317088,0.062811257,98206,42,100,3,1649,12,30000,24052,50b895587e3152c90691642631d9d75caa362b9b10fa30a6b276a0a75528d6df,2026-09-23T19:25:24.998947Z
scenario_01,ixa,3.1.0,100000,100,12,8775321,83b4e1da2783f17377cf65d5f9c270629dd633191f581ff139c5b60c5d080e99,500000,10.0,2.0,0.988,0.059885003,0.002409712,0.062294715,98597,17,36,3,1347,9,30000,23842,7f5b60508590f77100a175062eda309ccbbfb5c1d154af194135587608959e30,2026-09-23T19:25:25.097750Z
scenario_01,ixa,3.1.0,100000,100,13,8775322,83b4e1da2783f17377cf65d5f9c270629dd633191f581ff139c5b60c5d080e99,500000,10.0,2.0,0.988,0.062211215,0.002966754,0.065177969,98477,43,61,3,1416,12,30000,23886,25b80281e7eaf445a9eb1cbe7625b9f510ceed53d8c763346d20acb9226edd02,2026-09-23T19:25:25.181814Z
scenario_01,ixa,3.1.0,100000,100,14,8775323,83b4e1da2783f17377cf65d5f9c270629dd633191f581ff139c5b60c5d080e99,500000,10.0,2.0,0.988,0.060261129000000004,0.002911879,0.063173008,98376,41,69,2,1512,10,30000,23954,233a73b2f7f9eb4cd67c4f9a9b82c6ecce907f185b83b58a17b1b73ec5b17334,2026-09-23T19:25:25.265740Z
scenario_01,ixa,3.1.0,100000,100,15,8775324,83b4e1da2783f17377cf65d5f9c270629dd633191f581ff139c5b60c5d080e99,500000,10.0,2.0,0.988,0.060745086000000004,0.002647421,0.063392507,98523,29,47,5,1396,8,30000,23998,3075ca24b0653758b54ad7dc5f38d9852b18e97561f6487e4f6082c865c283bc,2026-09-23T19:25:25.348393Z
scenario_01,ixa,3.1.0,100000,100,16,8775325,83b4e1da2783f17377cf65d5f9c270629dd633191f581ff139c5b60c5d080e99,500000,10.0,2.0,0.988,0.05903621,0.002354045,0.061390255,98673,14,26,1,1286,9,30000,24040,53f061f2c2053fe9d086f1ac6a21af086639059a62924172b543b97e2424e997,2026-09-23T19:25:25.425841Z
scenario_01,ixa,3.1.0,100000,100,17,8775326,83b4e1da2783f17377cf65d5f9c270629dd633191f581ff139c5b60c5d080e99,500000,10.0,2.0,0.988,0.060546003999999994,0.002100336,0.06264634,98905,7,20,2,1066,8,30000,24044,0329eb4620c47c9b51eb4c81447398db0f43bac57790d67b5ac7974247800e07,2026-09-23T19:25:25.509353Z
scenario_01,ixa,3.1.0,100000,100,18,8775327,83b4e1da2783f17377cf65d5f9c270629dd633191f581ff139c5b60c5d080e99,500000,10.0,2.0,0.988,0.05892571,0.002089544,0.061015254,98821,17,35,1,1126,9,30000,23931,9c4b339320221d6a7eef2bb65787c7314e063ec12b1ac913fc49d85fe4b34194,2026-09-23T19:25:25.597057Z
scenario_01,ixa,3.1.0,100000,100,19,8775328,83b4e1da2783f17377cf65d5f9c270629dd633191f581ff139c5b60c5d080e99,500000,10.0,2.0,0.988,0.058086167,0.002721087,0.060807254,98493,27,47,5,1428,12,30000,23841,911838bea21385833e7e02345d45851ddad185270b5d034ef14ee8125f3a4f9f,2026-09-23T19:25:25.678734Z
scenario_01,ixa,3.1.0,100000,100,20,8775329,83b4e1da2783f17377cf65d5f9c270629dd633191f581ff139c5b60c5d080e99,500000,10.0,2.0,0.988,0.058523001000000005,0.001987961,0.060510962,98810,15,42,2,1131,8,30000,23870,db683e6cdfb43f6d358bc9aa1225e4bbd3749bdfbf7605bd6aa6fe5017fbcf48,2026-09-23T19:25:25.759950Z
scenario_01,ixa,3.1.0,100000,100,21,8775330,83b4e1da2783f17377cf65d5f9c270629dd633191f581ff139c5b60c5d080e99,500000,10.0,2.0,0.988,0.058618168000000005,0.001952169,0.060570337,98961,15,27,1,996,7,30000,23994,864dc0a5bc71800f043e8c827955c13d38027ea1f517af5c3df18924ce502bb3,2026-09-23T19:25:25.839482Z
scenario_01,ixa,3.1.0,100000,100,22,8775331,83b4e1da2783f17377cf65d5f9c270629dd633191f581ff139c5b60c5d080e99,500000,10.0,2.0,0.988,0.058860168,0.002177878,0.061038046,98714,15,44,3,1224,9,30000,23949,dd751f0679625d99d4886a8b4472974b299086327bf9c98128ce88ffdbc67c95,2026-09-23T19:25:25.921694Z
scenario_01,ixa,3.1.0,100000,100,23,8775332,83b4e1da2783f17377cf65d5f9c270629dd633191f581ff139c5b60c5d080e99,500000,10.0,2.0,0.988,0.058308292000000005,0.002391462,0.060699754,98675,15,28,2,1280,7,30000,24022,f7068dc3fd6d810d0463f8b09f50226cf9ed73e54060857fdf6661ec99ccfdf9,2026-09-23T19:25:26.001975Z
scenario_01,ixa,3.1.0,100000,100,24,8775333,83b4e1da2783f17377cf65d5f9c270629dd633191f581ff139c5b60c5d080e99,500000,10.0,2.0,0.988,0.058518376000000004,0.002380545,0.060898921,98729,22,37,1,1211,8,30000,24062,3d39ad40deaba618cd13e58d6bd25b6180683d6fcd03af528582b0db0e0e841f,2026-09-23T19:25:26.082437Z
scenario_01,ixa,3.1.0,100000,100,25,8775334,83b4e1da2783f17377cf65d5f9c270629dd633191f581ff139c5b60c5d080e99,500000,10.0,2.0,0.988,0.066856721,0.002649629,0.06950635,98460,23,42,2,1473,11,30000,23923,e4d00d25117b5717e3a2dc473fc13b855e95f3effc63e501682acb9932f31ce5,2026-09-23T19:25:26.180635Z
scenario_01,ixa,3.1.0,100000,100,26,8775335,83b4e1da2783f17377cf65d5f9c270629dd633191f581ff139c5b60c5d080e99,500000,10.0,2.0,0.988,0.06522792799999999,0.002868879,0.068096807,98366,23,48,1,1562,11,30000,23982,0eddf02afc5f79aca3eb584e3c0d4879895e14fe8e08ce11dbcd9173bd1fcdcf,2026-09-23T19:25:26.265597Z
scenario_01,ixa,3.1.0,100000,100,27,8775336,83b4e1da2783f17377cf65d5f9c270629dd633191f581ff139c5b60c5d080e99,500000,10.0,2.0,0.988,0.070986602,0.003241088,0.07422769,98392,16,46,1,1545,10,30000,24051,44d69528e86ace400b896d922b855e0dcbee3ab2aff4b7d971b43f74d95ef2ec,2026-09-23T19:25:26.371983Z
scenario_01,ixa,3.1.0,100000,100,28,8775337,83b4e1da2783f17377cf65d5f9c270629dd633191f581ff139c5b60c5d080e99,500000,10.0,2.0,0.988,0.061311171,0.001766461,0.063077632,99030,12,28,2,928,8,30000,23964,0dbc8cc757122abd1c2db99a9b6ed806ca9df72ebea2c9e87146fcfd784434d8,2026-09-23T19:25:26.456820Z
scenario_01,ixa,3.1.0,100000,100,29,8775338,83b4e1da2783f17377cf65d5f9c270629dd633191f581ff139c5b60c5d080e99,500000,10.0,2.0,0.988,0.06213558899999999,0.002579254,0.064714843,98615,26,50,5,1304,9,30000,23972,64ddc12b9f968b6e6af1abccd5084c41387d62340d83878504c3cdb3a332c9cf,2026-09-23T19:25:26.544175Z
scenario_01,ixa,3.1.0,100000,100,30,8775339,83b4e1da2783f17377cf65d5f9c270629dd633191f581ff139c5b60c5d080e99,500000,10.0,2.0,0.988,0.061543922,0.002418503,0.063962425,98558,32,70,3,1337,10,30000,23967,85e7a41df3d0a4d447b58b5a84542f7f7536b98ddea4e6b6af44b67a5f5ac24a,2026-09-23T19:25:26.627027Z
scenario_01,ixa,3.1.0,100000,100,31,8775340,83b4e1da2783f17377cf65d5f9c270629dd633191f581ff139c5b60c5d080e99,500000,10.0,2.0,0.988,0.059044418,0.00230192,0.061346338,98693,37,66,4,1200,7,30000,24015,97a6fa4d867fda556e5bb63e94fb91d9715e59c3f59c2b8fadd4abb425bd847a,2026-09-23T19:25:26.707883Z
scenario_01,ixa,3.1.0,100000,100,32,8775341,83b4e1da2783f17377cf65d5f9c270629dd633191f581ff139c5b60c5d080e99,500000,10.0,2.0,0.988,0.059217334999999996,0.002303045,0.06152038,98720,9,42,3,1226,8,30000,23919,8b8c108cae9a81f18b67c4feb73bb248a2b929a28804899b3a448460fdd166ef,2026-09-23T19:25:26.787682Z
scenario_01,ixa,3.1.0,100000,100,33,8775342,83b4e1da2783f17377cf65d5f9c270629dd633191f581ff139c5b60c5d080e99,500000,10.0,2.0,0.988,0.06741459699999999,0.002437795,0.069852392,98552,25,31,5,1387,9,30000,23899,f0340996292b47dac96b599d57e358931f7ac8d932859e80c5dcf2dd2a254d68,2026-09-23T19:25:26.878054Z
scenario_01,ixa,3.1.0,100000,100,34,8775343,83b4e1da2783f17377cf65d5f9c270629dd633191f581ff139c5b60c5d080e99,500000,10.0,2.0,0.988,0.058085166,0.002896879,0.060982045,98511,16,51,1,1421,9,30000,23992,611fa0648bf215f505cd8d9ec5867a9de51685c18fb1d8403f9b3f87b26ef893,2026-09-23T19:25:26.968554Z
scenario_01,ixa,3.1.0,100000,100,35,8775344,83b4e1da2783f17377cf65d5f9c270629dd633191f581ff139c5b60c5d080e99,500000,10.0,2.0,0.988,0.059648878,0.001890836,0.061539714,98897,19,35,0,1049,7,30000,24093,87dc2bad8c8944bccf8ef9fc9b204b1fe954aa1417f7b33a738834cab525902b,2026-09-23T19:25:27.052155Z
scenario_01,ixa,3.1.0,100000,100,36,8775345,83b4e1da2783f17377cf65d5f9c270629dd633191f581ff139c5b60c5d080e99,500000,10.0,2.0,0.988,0.059370501,0.00220367,0.061574171,98815,29,53,4,1099,8,30000,24029,757cfcffac71b05d2ac4c575074197e3e4e8b2ca97a8d377d5b1a5c5a3a68a61,2026-09-23T19:25:27.133534Z
scenario_01,ixa,3.1.0,100000,100,37,8775346,83b4e1da2783f17377cf65d5f9c270629dd633191f581ff139c5b60c5d080e99,500000,10.0,2.0,0.988,0.058798376,0.00225592,0.061054296,98636,21,58,2,1283,7,30000,24061,44a760487535ef0c3553a1c31f2c2e7259b7234f8deeeb71588a3832a7f42889,2026-09-23T19:25:27.217000Z
scenario_01,ixa,3.1.0,100000,100,38,8775347,83b4e1da2783f17377cf65d5f9c270629dd633191f581ff139c5b60c5d080e99,500000,10.0,2.0,0.988,0.058465876,0.002955046,0.061420922,98492,19,37,2,1450,11,30000,23867,dc946b465527b8f8f73c79d0fb5c91d2b4a82a38b627d269edca44782df4a4df,2026-09-23T19:25:27.297791Z
scenario_01,ixa,3.1.0,100000,100,39,8775348,83b4e1da2783f17377cf65d5f9c270629dd633191f581ff139c5b60c5d080e99,500000,10.0,2.0,0.988,0.062966132,0.002112503,0.065078635,98760,23,52,0,1165,10,30000,23916,ef31b16dfccc2a67f2fa43c1f30713889507988d56007a4c9e35f94c89b9e227,2026-09-23T19:25:27.388260Z
scenario_01,ixa,3.1.0,100000,100,40,8775349,83b4e1da2783f17377cf65d5f9c270629dd633191f581ff139c5b60c5d080e99,500000,10.0,2.0,0.988,0.05800575,0.002859963,0.060865713,98552,29,49,5,1365,9,30000,24058,3ccd37a5950595783906a1c60ff150ffd53de42cd1dc892fcabae1fba9756600,2026-09-23T19:25:27.460547Z
scenario_01,ixa,3.1.0,100000,100,41,8775350,83b4e1da2783f17377cf65d5f9c270629dd633191f581ff139c5b60c5d080e99,500000,10.0,2.0,0.988,0.059075002,0.002433211,0.061508213,98626,27,56,2,1289,10,30000,24025,437855e8b19c7e075e01eab537a7fbf068967fb86a4ed60e55f5171943ab1620,2026-09-23T19:25:27.534496Z
scenario_01,ixa,3.1.0,100000,100,42,8775351,83b4e1da2783f17377cf65d5f9c270629dd633191f581ff139c5b60c5d080e99,500000,10.0,2.0,0.988,0.059966918999999994,0.002585212,0.062552131,98500,18,53,4,1425,11,30000,24047,32638d166e01524684da4522129e344cc03a462371f523b080417cd4e1689633,2026-09-23T19:25:27.616300Z
scenario_01,ixa,3.1.0,100000,100,43,8775352,83b4e1da2783f17377cf65d5f9c270629dd633191f581ff139c5b60c5d080e99,500000,10.0,2.0,0.988,0.058575501,0.002451837,0.061027338,98803,26,48,1,1122,9,30000,24024,c82589e81931e3b291b5289359ba72f0f39688991125a4932156cd2b2984547d,2026-09-23T19:25:27.699709Z
scenario_01,ixa,3.1.0,100000,100,44,8775353,83b4e1da2783f17377cf65d5f9c270629dd633191f581ff139c5b60c5d080e99,500000,10.0,2.0,0.988,0.059369084,0.002123837,0.061492921,98732,13,29,4,1222,7,30000,24030,2a3f2cd750a4b88597c8e6f05b2dc4b4e746c1bff6cd15932c0855ca30c0ecfa,2026-09-23T19:25:27.781541Z
scenario_01,ixa,3.1.0,100000,100,45,8775354,83b4e1da2783f17377cf65d5f9c270629dd633191f581ff139c5b60c5d080e99,500000,10.0,2.0,0.988,0.05882675,0.00183992,0.06066667,99023,27,49,3,898,10,30000,23929,4bb361333038ebc6cb1e28ea712da95cdd9d3d7326e879253f4d707bd4b22a97,2026-09-23T19:25:27.863471Z
scenario_01,ixa,3.1.0,100000,100,46,8775355,83b4e1da2783f17377cf65d5f9c270629dd633191f581ff139c5b60c5d080e99,500000,10.0,2.0,0.988,0.05939021,0.001932503,0.061322713,98838,19,36,1,1106,9,30000,23977,de2dcf2c43f6e5313b34551a72752e95d8fe48ea9d809e02edf4918081e70ebf,2026-09-23T19:25:27.946912Z
scenario_01,ixa,3.1.0,100000,100,47,8775356,83b4e1da2783f17377cf65d5f9c270629dd633191f581ff139c5b60c5d080e99,500000,10.0,2.0,0.988,0.057109748,0.002309962,0.05941971,98695,34,45,2,1224,9,30000,24019,02cb1adbf7bea100127ef79463001826132c0975abcdc17d379b8c02a5561c72,2026-09-23T19:25:28.026223Z
scenario_01,ixa,3.1.0,100000,100,48,8775357,83b4e1da2783f17377cf65d5f9c270629dd633191f581ff139c5b60c5d080e99,500000,10.0,2.0,0.988,0.059710502000000006,0.001606961,0.061317463,99034,18,39,3,906,7,30000,24095,11a77d9e1028bec27e46162986bedf48491d921bf7f949939427d8321adcf59e,2026-09-23T19:25:28.108001Z
scenario_01,ixa,3.1.0,100000,100,49,8775358,83b4e1da2783f17377cf65d5f9c270629dd633191f581ff139c5b60c5d080e99,500000,10.0,2.0,0.988,0.05905745900000001,0.002534379,0.061591838,98559,25,51,0,1365,6,30000,24067,80dc6ac9a35723327ca02823955b0dc5317f779519b7e4439e81f423954bf469,2026-09-23T19:25:28.190485Z
scenario_01,ixa,3.1.0,100000,100,50,8775359,83b4e1da2783f17377cf65d5f9c270629dd633191f581ff139c5b60c5d080e99,500000,10.0,2.0,0.988,0.059895295,0.002086586,0.061981881,98868,18,30,1,1083,10,30000,23999,33a4f985178a2862c99ba69e02a59349f5a5a453c17824c65ceda3d0318d0071,2026-09-23T19:25:28.276983Z
scenario_01,ixa,3.1.0,100000,100,51,8775360,83b4e1da2783f17377cf65d5f9c270629dd633191f581ff139c5b60c5d080e99,500000,10.0,2.0,0.988,0.059509252,0.002350087,0.061859339,98818,12,24,1,1145,7,30000,24099,52dc5ef99ea6722002e90bdbec6585a29aeaad4525f4972bfc573c3a705be339,2026-09-23T19:25:28.357840Z
scenario_01,ixa,3.1.0,100000,100,52,8775361,83b4e1da2783f17377cf65d5f9c270629dd633191f581ff139c5b60c5d080e99,500000,10.0,2.0,0.988,0.059325501999999995,0.001822544,0.061148046,99026,18,29,0,927,5,30000,23971,0b3c3a64c1223b4d3062c998279af0dd0a4221cb81ffd5a4f7806d43c69ea0ac,2026-09-23T19:25:28.436723Z
scenario_01,ixa,3.1.0,100000,100,53,8775362,83b4e1da2783f17377cf65d5f9c270629dd633191f581ff139c5b60c5d080e99,500000,10.0,2.0,0.988,0.057849958,0.002756337,0.060606295,98551,29,55,5,1360,9,30000,24072,b5b97050d886e304e78baa6560dc773345dad242969d62dfa5bbf455a72dddb6,2026-09-23T19:25:28.518360Z
scenario_01,ixa,3.1.0,100000,100,54,8775363,83b4e1da2783f17377cf65d5f9c270629dd633191f581ff139c5b60c5d080e99,500000,10.0,2.0,0.988,0.058881626,0.002005086,0.060886712,98905,12,26,0,1057,10,30000,24099,a408cb5372d62452182180bff1c8ea3bab6fec6f2156db920b565f57daa15c61,2026-09-23T19:25:28.599474Z
scenario_01,ixa,3.1.0,100000,100,55,8775364,83b4e1da2783f17377cf65d5f9c270629dd633191f581ff139c5b60c5d080e99,500000,10.0,2.0,0.988,0.058808918,0.002757296,0.061566214,98554,29,46,1,1370,11,30000,23975,de4ad4aa7a9af31a4d721577a2d58a89d5ec3a716b6700c00c0a9ee8fdad9993,2026-09-23T19:25:28.683257Z
scenario_01,ixa,3.1.0,100000,100,56,8775365,83b4e1da2783f17377cf65d5f9c270629dd633191f581ff139c5b60c5d080e99,500000,10.0,2.0,0.988,0.059122668999999996,0.002241086,0.061363755,98652,18,37,1,1292,9,30000,24015,c41854fe62251d11a3fc262804a50cb3c967bbf2e41865b30ee7bfe4d8eec5bc,2026-09-23T19:25:28.764087Z
scenario_01,ixa,3.1.0,100000,100,57,8775366,83b4e1da2783f17377cf65d5f9c270629dd633191f581ff139c5b60c5d080e99,500000,10.0,2.0,0.988,0.057603458,0.002671212,0.06027467,98605,21,48,3,1323,10,30000,24062,07c4b21a4adb7342c141453ba238b91872ca02a1b6da3a9e4e01f667ecc16899,2026-09-23T19:25:28.842831Z
scenario_01,ixa,3.1.0,100000,100,58,8775367,83b4e1da2783f17377cf65d5f9c270629dd633191f581ff139c5b60c5d080e99,500000,10.0,2.0,0.988,0.059969002,0.002201712,0.062170714,98734,21,42,1,1202,8,30000,24056,2da77dc4c93819f6518e803d22a36c59f1331dd06a13da6604b075a42423ce24,2026-09-23T19:25:28.925893Z
scenario_01,ixa,3.1.0,100000,100,59,8775368,83b4e1da2783f17377cf65d5f9c270629dd633191f581ff139c5b60c5d080e99,500000,10.0,2.0,0.988,0.058163292,0.002539212,0.060702504,98550,23,62,2,1363,9,30000,24030,c13a645b60b194421713569bde2481b4e77f6c0a8a118382661c605848731486,2026-09-23T19:25:29.006876Z
scenario_01,ixa,3.1.0,100000,100,60,8775369,83b4e1da2783f17377cf65d5f9c270629dd633191f581ff139c5b60c5d080e99,500000,10.0,2.0,0.988,0.06005041999999999,0.00270542,0.06275584,98428,31,55,3,1483,10,30000,23876,6af75494972d8592894bd4850033c3dda59983669835f86d9c143bb9404dbc71,2026-09-23T19:25:29.091777Z
scenario_01,ixa,3.1.0,100000,100,61,8775370,83b4e1da2783f17377cf65d5f9c270629dd633191f581ff139c5b60c5d080e99,500000,10.0,2.0,0.988,0.058910210000000005,0.002353878,0.061264088,98845,6,21,2,1126,12,30000,24004,261b48876334a5988e1e69766ac3e8805305a5a4f56511402d34d740e06e0370,2026-09-23T19:25:29.175114Z
scenario_01,ixa,3.1.0,100000,100,62,8775371,83b4e1da2783f17377cf65d5f9c270629dd633191f581ff139c5b60c5d080e99,500000,10.0,2.0,0.988,0.065655802,0.002851796,0.068507598,98805,21,38,2,1134,7,30000,23936,78b7335363fdefc26d690f1c49eb3990b5eff8246266dba6413770a76b96b984,2026-09-23T19:25:29.276034Z
scenario_01,ixa,3.1.0,100000,100,63,8775372,83b4e1da2783f17377cf65d5f9c270629dd633191f581ff139c5b60c5d080e99,500000,10.0,2.0,0.988,0.06316559000000001,0.003038713,0.066204303,98822,19,34,1,1124,7,30000,24091,69db7b100c4d0d899fb0426d0f9d5714aa39c859c5cf4b1169da0a091a0416f8,2026-09-23T19:25:29.357031Z
scenario_01,ixa,3.1.0,100000,100,64,8775373,83b4e1da2783f17377cf65d5f9c270629dd633191f581ff139c5b60c5d080e99,500000,10.0,2.0,0.988,0.061371255,0.002714378,0.064085633,98429,27,47,3,1494,8,30000,23969,0ed469bb0f33de0d35cca3a293a9dfa0fbe9938aa3b9cd3b0e2fe3d50a7b7857,2026-09-23T19:25:29.439038Z
scenario_01,ixa,3.1.0,100000,100,65,8775374,83b4e1da2783f17377cf65d5f9c270629dd633191f581ff139c5b60c5d080e99,500000,10.0,2.0,0.988,0.057946667,0.002936546,0.060883213,98342,31,70,1,1556,9,30000,23940,ae5925e23fc7c0fc860011a19a679736259c66662a17d902262911d43a4eb2f2,2026-09-23T19:25:29.520457Z
scenario_01,ixa,3.1.0,100000,100,66,8775375,83b4e1da2783f17377cf65d5f9c270629dd633191f581ff139c5b60c5d080e99,500000,10.0,2.0,0.988,0.058772168,0.00262292,0.061395088,98621,30,56,6,1287,7,30000,24026,2d177b429c661ddcb40c27c6eef41a616205f1b2569881ba60344aa2767e520e,2026-09-23T19:25:29.604858Z
scenario_01,ixa,3.1.0,100000,100,67,8775376,83b4e1da2783f17377cf65d5f9c270629dd633191f581ff139c5b60c5d080e99,500000,10.0,2.0,0.988,0.058046042000000006,0.002611379,0.060657421,98526,14,34,4,1422,9,30000,24036,1445e865d3eca40a07b7df30db4705e95ef424f9c138c07c0ab9d641c37440d7,2026-09-23T19:25:29.686600Z
scenario_01,ixa,3.1.0,100000,100,68,8775377,83b4e1da2783f17377cf65d5f9c270629dd633191f581ff139c5b60c5d080e99,500000,10.0,2.0,0.988,0.057743167000000005,0.002756879,0.060500046,98556,42,65,1,1336,10,30000,23996,20319b6126f65e76734e2256748ccc8b2220e11f428fc1523e7594f16821becb,2026-09-23T19:25:29.767040Z
scenario_01,ixa,3.1.0,100000,100,69,8775378,83b4e1da2783f17377cf65d5f9c270629dd633191f581ff139c5b60c5d080e99,500000,10.0,2.0,0.988,0.062687257,0.002372628,0.065059885,98594,32,67,3,1304,10,30000,23986,2258770298a44b3a1d4784592d21bcf195dee76bfc940042394b109e356c84a5,2026-09-23T19:25:29.853644Z
scenario_01,ixa,3.1.0,100000,100,70,8775379,83b4e1da2783f17377cf65d5f9c270629dd633191f581ff139c5b60c5d080e99,500000,10.0,2.0,0.988,0.057751582999999995,0.002642587,0.06039417,98567,16,39,0,1378,8,30000,23960,0f0b53ccd618d41765402d6d38a6f8d8cbe40af7a1cf4a2a5b057cea61c2ad50,2026-09-23T19:25:29.937263Z
scenario_01,ixa,3.1.0,100000,100,71,8775380,83b4e1da2783f17377cf65d5f9c270629dd633191f581ff139c5b60c5d080e99,500000,10.0,2.0,0.988,0.060543628999999995,0.002228712,0.062772341,98687,19,36,3,1255,9,30000,24006,fd99e187d62dd6a6fb5c06168b2eb9adb0eb0d6d2ddf4e116961fab742d3675c,2026-09-23T19:25:30.025029Z
scenario_01,ixa,3.1.0,100000,100,72,8775381,83b4e1da2783f17377cf65d5f9c270629dd633191f581ff139c5b60c5d080e99,500000,10.0,2.0,0.988,0.06239700599999999,0.002487712,0.064884718,98515,25,47,3,1410,8,30000,24048,004363610a57d320296764eb6b7c0d35a933a6c9a95a9189dce09e098472cff4,2026-09-23T19:25:30.113532Z
scenario_01,ixa,3.1.0,100000,100,73,8775382,83b4e1da2783f17377cf65d5f9c270629dd633191f581ff139c5b60c5d080e99,500000,10.0,2.0,0.988,0.058263833,0.002317962,0.060581795,98670,23,30,5,1272,9,30000,23938,62b191ed0243f21940b9cadad4c9c0838eecb70ce98bda632b00cc5fab96ad10,2026-09-23T19:25:30.195052Z
scenario_01,ixa,3.1.0,100000,100,74,8775383,83b4e1da2783f17377cf65d5f9c270629dd633191f581ff139c5b60c5d080e99,500000,10.0,2.0,0.988,0.057651915,0.001919503,0.059571418,98906,7,25,1,1061,8,30000,24062,a509dd20500163a80d8f430f08ec19a1247f2d2267cbb81254448ed330a4ffff,2026-09-23T19:25:30.274321Z
scenario_01,ixa,3.1.0,100000,100,75,8775384,83b4e1da2783f17377cf65d5f9c270629dd633191f581ff139c5b60c5d080e99,500000,10.0,2.0,0.988,0.058258751,0.002739337,0.060998088,98603,20,35,1,1341,11,30000,24011,f8c259e98e41a328fca6be167ab96a85fe592a2ed6a20a4449b8120b3e9bcae5,2026-09-23T19:25:30.361496Z
scenario_01,ixa,3.1.0,100000,100,76,8775385,83b4e1da2783f17377cf65d5f9c270629dd633191f581ff139c5b60c5d080e99,500000,10.0,2.0,0.988,0.058784709,0.002243962,0.061028671,98649,34,46,2,1269,10,30000,24008,a8898b2a1c25ee9489444ecc4a5e8f96788aaca16e81db2bcf0e13b49409904c,2026-09-23T19:25:30.446618Z
scenario_01,ixa,3.1.0,100000,100,77,8775386,83b4e1da2783f17377cf65d5f9c270629dd633191f581ff139c5b60c5d080e99,500000,10.0,2.0,0.988,0.058075417000000004,0.002858504,0.060933921,98494,24,46,0,1436,8,30000,23915,273fd37ea009dd6adf88ae5d684a6f2f0c72708a84fe6e6ec47d591f566757e5,2026-09-23T19:25:30.526756Z
scenario_01,ixa,3.1.0,100000,100,78,8775387,83b4e1da2783f17377cf65d5f9c270629dd633191f581ff139c5b60c5d080e99,500000,10.0,2.0,0.988,0.059129293,0.002703254,0.061832547,98565,40,60,4,1331,10,30000,23945,a1a99cefa4df4affdc35dc2811edcffbdfd75c4c85187fdc066dacfd9c3fd131,2026-09-23T19:25:30.615559Z
scenario_01,ixa,3.1.0,100000,100,79,8775388,83b4e1da2783f17377cf65d5f9c270629dd633191f581ff139c5b60c5d080e99,500000,10.0,2.0,0.988,0.057274374,0.002701087,0.059975461,98443,30,49,7,1471,9,30000,24025,3ea549d9b6504319b158632423d0c9a1c90b6c758f66642cfe8733dc518f1207,2026-09-23T19:25:30.695467Z
scenario_01,ixa,3.1.0,100000,100,80,8775389,83b4e1da2783f17377cf65d5f9c270629dd633191f581ff139c5b60c5d080e99,500000,10.0,2.0,0.988,0.058527585,0.002378128,0.060905713,98669,16,52,0,1263,9,30000,24090,2fd2bee97acce8259f1e4d4509675ec31ca3cd6f75e2642447c600d59e34d952,2026-09-23T19:25:30.777528Z
scenario_01,ixa,3.1.0,100000,100,81,8775390,83b4e1da2783f17377cf65d5f9c270629dd633191f581ff139c5b60c5d080e99,500000,10.0,2.0,0.988,0.058677585,0.00251792,0.061195505,98786,26,42,0,1146,7,30000,23940,55fa95cd8e9702d2a2c1b9ae61caa9d80c48f094ccf03292444a99cc1ea1d124,2026-09-23T19:25:30.859607Z
scenario_01,ixa,3.1.0,100000,100,82,8775391,83b4e1da2783f17377cf65d5f9c270629dd633191f581ff139c5b60c5d080e99,500000,10.0,2.0,0.988,0.061368922,0.002407712,0.063776634,98539,35,62,2,1362,12,30000,24059,a6a0cf4bcc004e22e4990ab3c3bc214ce83be204c7daf93a65ab6d333d751fd0,2026-09-23T19:25:30.952131Z
scenario_01,ixa,3.1.0,100000,100,83,8775392,83b4e1da2783f17377cf65d5f9c270629dd633191f581ff139c5b60c5d080e99,500000,10.0,2.0,0.988,0.059590128,0.002112919,0.061703047,98783,19,28,1,1169,8,30000,23910,7f6d6967b1de647e3449a0d9e368b9c8997a59c1d55e93835d807aaedd3cf78e,2026-09-23T19:25:31.035849Z
scenario_01,ixa,3.1.0,100000,100,84,8775393,83b4e1da2783f17377cf65d5f9c270629dd633191f581ff139c5b60c5d080e99,500000,10.0,2.0,0.988,0.059980962,0.001982336,0.061963298,98906,20,38,5,1031,7,30000,23943,002434831952b15f80abd79f3f2dd4702abd3b5aafb487511054330291533860,2026-09-23T19:25:31.118436Z
scenario_01,ixa,3.1.0,100000,100,85,8775394,83b4e1da2783f17377cf65d5f9c270629dd633191f581ff139c5b60c5d080e99,500000,10.0,2.0,0.988,0.059258084999999995,0.002103128,0.061361213,98749,26,41,2,1182,9,30000,23976,3e8929ae879885ca59d51554cd96de2bbf1f72465191ab9c1175314a89748c0a,2026-09-23T19:25:31.203054Z
scenario_01,ixa,3.1.0,100000,100,86,8775395,83b4e1da2783f17377cf65d5f9c270629dd633191f581ff139c5b60c5d080e99,500000,10.0,2.0,0.988,0.06634963699999999,0.002763546,0.069113183,98409,32,57,2,1500,10,30000,24132,abe9b1d13228a254de35bf6726fe3e3bb316b11d631f4a78a91843cf3d511225,2026-09-23T19:25:31.305258Z
scenario_01,ixa,3.1.0,100000,100,87,8775396,83b4e1da2783f17377cf65d5f9c270629dd633191f581ff139c5b60c5d080e99,500000,10.0,2.0,0.988,0.060706879,0.002975713,0.063682592,98397,29,64,1,1509,9,30000,23946,2c2d56a43ac83a0e5a81e58e0705f47303fe7b39c87fc560ca3dae5410abafcc,2026-09-23T19:25:31.392742Z
scenario_01,ixa,3.1.0,100000,100,88,8775397,83b4e1da2783f17377cf65d5f9c270629dd633191f581ff139c5b60c5d080e99,500000,10.0,2.0,0.988,0.059412961,0.002232044,0.061645005,98739,20,23,2,1216,10,30000,24010,f4da0b822a0a52c897c934f39c66e0b5d34767dc6e2ef443e9577988459d2b6c,2026-09-23T19:25:31.476233Z
scenario_01,ixa,3.1.0,100000,100,89,8775398,83b4e1da2783f17377cf65d5f9c270629dd633191f581ff139c5b60c5d080e99,500000,10.0,2.0,0.988,0.058588167999999996,0.002825421,0.061413589,98542,29,46,2,1381,8,30000,24025,a2f2845feab227ebb459523b2953b7912602c42dab50afff9206f8bf5899b938,2026-09-23T19:25:31.558474Z
scenario_01,ixa,3.1.0,100000,100,90,8775399,83b4e1da2783f17377cf65d5f9c270629dd633191f581ff139c5b60c5d080e99,500000,10.0,2.0,0.988,0.058692709,0.00228192,0.060974629,98765,16,34,1,1184,12,30000,24007,f283c63a27f322b44a6ce21957091ca900a4ee1bdfcdfd1cc58fce7dda523cb9,2026-09-23T19:25:31.639054Z
scenario_01,ixa,3.1.0,100000,100,91,8775400,83b4e1da2783f17377cf65d5f9c270629dd633191f581ff139c5b60c5d080e99,500000,10.0,2.0,0.988,0.05789275,0.00256392,0.06045667,98695,23,40,3,1239,13,30000,24026,431e6c1219d3f53675b283fe8f3a2999b0f6d65d517febab9c2a1621bd2be8fa,2026-09-23T19:25:31.720918Z
scenario_01,ixa,3.1.0,100000,100,92,8775401,83b4e1da2783f17377cf65d5f9c270629dd633191f581ff139c5b60c5d080e99,500000,10.0,2.0,0.988,0.059222667,0.002696796,0.061919463,98420,27,39,4,1510,10,30000,23948,17fc8fedae5785b41504931df706056f9f57de57f2eedc8370888d44833c1559,2026-09-23T19:25:31.807137Z
scenario_01,ixa,3.1.0,100000,100,93,8775402,83b4e1da2783f17377cf65d5f9c270629dd633191f581ff139c5b60c5d080e99,500000,10.0,2.0,0.988,0.061561963,0.00216967,0.063731633,98742,14,21,0,1223,9,30000,23977,90b7cc09c1908bb142d82e61aba848991d7d6f6957c8766259767f4aa4910c8b,2026-09-23T19:25:31.890862Z
scenario_01,ixa,3.1.0,100000,100,94,8775403,83b4e1da2783f17377cf65d5f9c270629dd633191f581ff139c5b60c5d080e99,500000,10.0,2.0,0.988,0.061897879999999995,0.002765462,0.064663342,98541,28,51,0,1380,7,30000,24045,da7ae2a6d86859e127d9a3e77da9ed1b0b576f39c6f087204ff96f931dc3e2ac,2026-09-23T19:25:31.976978Z
scenario_01,ixa,3.1.0,100000,100,95,8775404,83b4e1da2783f17377cf65d5f9c270629dd633191f581ff139c5b60c5d080e99,500000,10.0,2.0,0.988,0.058851959999999995,0.002404461,0.061256421,98666,22,34,0,1278,8,30000,24049,f4fffb350fe415da498eea776991e446ee86a8bbc4b50375cd272f56548f4a5d,2026-09-23T19:25:32.076061Z
scenario_01,ixa,3.1.0,100000,100,96,8775405,83b4e1da2783f17377cf65d5f9c270629dd633191f581ff139c5b60c5d080e99,500000,10.0,2.0,0.988,0.06252567399999999,0.002255503,0.064781177,98766,19,26,0,1189,9,30000,23955,1cd0bdabc028afcc7673960f682b779208aa4c494e6d840fa22de9d2f4586e6e,2026-09-23T19:25:32.153767Z
scenario_01,ixa,3.1.0,100000,100,97,8775406,83b4e1da2783f17377cf65d5f9c270629dd633191f581ff139c5b60c5d080e99,500000,10.0,2.0,0.988,0.059195501,0.002134045,0.061329546,98741,24,35,3,1197,7,30000,24033,71f02248f41ebfe4a340b64647722b78ceb36f109a2aaf95c500bd0d5dd6f886,2026-09-23T19:25:32.237755Z
scenario_01,ixa,3.1.0,100000,100,98,8775407,83b4e1da2783f17377cf65d5f9c270629dd633191f581ff139c5b60c5d080e99,500000,10.0,2.0,0.988,0.060765962,0.002634962,0.063400924,98481,20,38,6,1455,8,30000,23974,41f4ae5b518dca35f10a2f367911c6c25ff5db214de26ab6d74495333c95c408,2026-09-23T19:25:32.322423Z
scenario_01,ixa,3.1.0,100000,100,99,8775408,83b4e1da2783f17377cf65d5f9c270629dd633191f581ff139c5b60c5d080e99,500000,10.0,2.0,0.988,0.062528215,0.002995088,0.065523303,98537,14,37,3,1409,12,30000,24092,aee26337bba0bf2e79aacc8a6bdbf95b8da4f0db0a09a5f6b9599282d6316d99,2026-09-23T19:25:32.414466Z
scenario_01,ixa,3.1.0,100000,100,100,8775409,83b4e1da2783f17377cf65d5f9c270629dd633191f581ff139c5b60c5d080e99,500000,10.0,2.0,0.988,0.063336716,0.002015503,0.065352219,98840,22,43,1,1094,7,30000,24010,aaed6a14c80e9390ae5042f55d455a293694fa8150e6f956ad165cb3beb5e73b,2026-09-23T19:25:32.488240Z
